Student ID,Gender,Race/Ethnicity,Parental Education,Lunch Type,Test Preparation,Study Time per Week,Daily Sleep Duration,Math Score,Reading Score,Writing Score,School Type,Internet Access
1,female,group B,some college,standard,FALSE,12.4,5.4,62,76,65,public,TRUE
2,male,group D,high school,standard,FALSE,18.3,5.1,74,73,76,public,
3,male,group B,bachelor degree,free/reduced,TRUE,11.8,7.8,71,83,91,public,FALSE
4,male,group E,high school,standard,FALSE,,7.3,83,73,52,public,TRUE
5,female,group C,bachelor degree,standard,TRUE,12.9,6.3,41,,81,public,TRUE
6,female,group E,associate degree,standard,FALSE,10.1,6.4,67,,83,public,TRUE
7,female,group E,some college,standard,FALSE,,4.7,51,,81,public,TRUE
8,male,group B,some college,standard,FALSE,11.1,7,65,86,79,private,TRUE
9,male,group C,bachelor degree,standard,FALSE,3.8,7,63,66,78,international,FALSE
10,female,group B,bachelor degree,free/reduced,FALSE,15,7.3,70,82,51,public,FALSE
11,female,group E,some college,free/reduced,TRUE,11.3,,82,76,,private,TRUE
12,female,group E,some college,free/reduced,TRUE,8.9,9.7,35,48,59,public,TRUE
13,male,group E,bachelor degree,standard,FALSE,18.4,6.4,66,52,79,public,
14,male,group D,high school,free/reduced,FALSE,6.9,8.6,68,61,,public,TRUE
15,male,group C,some college,standard,TRUE,6.9,8.2,80,78,78,public,TRUE
16,male,group C,associate degree,standard,TRUE,20.5,6.7,61,93,77,public,TRUE
17,female,group B,some college,standard,FALSE,8.3,,90,74,68,private,TRUE
18,female,group D,some college,free/reduced,FALSE,15.9,9.2,75,62,73,public,TRUE
19,male,group C,master degree,free/reduced,TRUE,5,6.1,57,,80,public,TRUE
20,female,group B,master degree,standard,TRUE,10.2,7,78,66,83,private,TRUE
21,female,group B,high school,standard,TRUE,12.6,8.6,93,45,68,international,TRUE
22,male,group A,,standard,TRUE,13,7.7,54,,95,public,TRUE
23,female,group D,associate degree,standard,FALSE,21,8.3,34,73,94,public,FALSE
24,female,group D,bachelor degree,,FALSE,8.9,6.1,77,93,90,private,TRUE
25,male,group C,master degree,standard,FALSE,3.7,6.9,46,84,67,international,FALSE
26,female,group D,some college,standard,TRUE,12.6,7.5,62,,58,international,TRUE
27,male,group B,some college,standard,FALSE,6.5,8.3,57,80,68,public,TRUE
28,male,group C,bachelor degree,standard,TRUE,,7.2,55,100,84,international,TRUE
29,female,group D,some college,standard,TRUE,16.7,8.5,89,92,,public,TRUE
30,male,group E,high school,free/reduced,TRUE,0,7.2,79,75,60,international,TRUE
31,female,group E,associate degree,standard,TRUE,6.2,4.6,82,,63,public,TRUE
32,male,group E,high school,standard,FALSE,9.5,6.8,96,85,78,international,TRUE
33,male,group A,some college,standard,FALSE,7.7,7.9,69,63,71,public,TRUE
34,female,group B,,,FALSE,6.1,7.6,83,59,71,public,TRUE
35,male,group B,some college,free/reduced,FALSE,18.6,8.8,100,60,59,public,FALSE
36,female,group C,associate degree,standard,FALSE,9.7,4.2,75,42,64,public,FALSE
37,male,group D,bachelor degree,standard,FALSE,16.8,6.2,77,63,71,public,TRUE
38,female,group C,master degree,free/reduced,FALSE,15.2,5.9,33,49,68,private,TRUE
39,female,group E,high school,free/reduced,TRUE,15.8,7.6,67,78,57,public,TRUE
40,female,group B,master degree,standard,FALSE,7.6,6.5,48,54,59,public,
41,male,group B,,standard,TRUE,8.7,6.9,73,88,95,public,TRUE
42,female,group C,master degree,free/reduced,FALSE,16.2,5.3,66,62,47,public,TRUE
43,female,group E,high school,standard,FALSE,12.4,,86,70,65,public,
44,female,group D,some college,free/reduced,TRUE,12.4,7.1,81,,76,public,TRUE
45,male,group C,some college,standard,FALSE,15.5,8.2,84,44,80,public,TRUE
46,male,group E,some college,standard,FALSE,12.1,4.4,86,73,66,public,TRUE
47,female,group D,bachelor degree,standard,TRUE,9.4,5,62,80,74,private,TRUE
48,male,group D,some college,free/reduced,FALSE,10.4,6.2,48,68,69,private,TRUE
49,female,group C,high school,free/reduced,TRUE,0,6.2,72,56,53,private,TRUE
50,male,group A,high school,standard,FALSE,15.1,7.8,75,66,100,public,TRUE
51,female,group E,associate degree,standard,FALSE,15,6,64,59,60,public,TRUE
52,female,group C,bachelor degree,,TRUE,15.9,7.2,98,56,63,public,
53,male,group C,master degree,standard,FALSE,,7.2,79,49,71,international,TRUE
54,female,group D,high school,free/reduced,FALSE,10.3,5.3,63,72,82,public,TRUE
55,female,group B,associate degree,standard,TRUE,8.2,7.1,88,72,82,private,TRUE
56,female,group B,bachelor degree,free/reduced,FALSE,8.8,10.7,85,80,74,private,TRUE
57,male,group A,high school,standard,FALSE,13.4,5.6,51,58,62,public,TRUE
58,female,group A,associate degree,standard,FALSE,,8.3,54,67,81,public,TRUE
59,female,group E,high school,free/reduced,FALSE,12.2,8.6,52,,79,public,TRUE
60,male,group E,some college,free/reduced,FALSE,17.6,7.5,59,67,85,public,TRUE
61,female,group B,high school,standard,FALSE,12.2,8.7,87,58,68,public,TRUE
62,male,group D,,free/reduced,FALSE,2.4,6.1,74,72,82,public,TRUE
63,female,group B,associate degree,standard,TRUE,3.9,8.7,46,90,71,public,TRUE
64,female,group E,master degree,standard,TRUE,1.2,,58,61,75,public,FALSE
65,female,group D,high school,standard,FALSE,0.4,8.4,93,72,47,public,FALSE
66,female,group B,some college,free/reduced,FALSE,19.7,9,49,72,71,public,FALSE
67,male,group E,some college,standard,TRUE,0.5,5.6,45,61,74,public,FALSE
68,male,group D,,standard,TRUE,10.5,7.5,65,63,96,private,TRUE
69,female,group D,bachelor degree,free/reduced,FALSE,3.4,9.9,76,57,61,private,TRUE
70,female,group B,associate degree,standard,FALSE,15.3,8.1,54,74,65,private,TRUE
71,male,group C,some college,,FALSE,10.6,7.9,70,75,70,public,TRUE
72,male,group B,master degree,free/reduced,TRUE,7.6,6,56,64,64,public,TRUE
73,male,group E,some college,standard,FALSE,12.3,7,100,52,62,public,TRUE
74,female,group B,high school,standard,FALSE,10.2,11,48,93,68,private,TRUE
75,female,group B,master degree,standard,TRUE,21.1,10,51,88,77,public,FALSE
76,female,group C,bachelor degree,standard,FALSE,15.8,7.1,61,54,62,public,TRUE
77,female,group E,associate degree,,FALSE,19.7,7,78,47,48,private,FALSE
78,male,group B,,standard,TRUE,15.4,6,78,80,68,international,TRUE
79,female,group B,some college,free/reduced,TRUE,9.4,7.4,80,71,85,international,TRUE
80,male,group B,high school,standard,FALSE,5.2,7.6,83,72,,private,FALSE
81,female,group E,high school,free/reduced,FALSE,16,5.9,65,75,73,public,TRUE
82,male,group D,,standard,TRUE,12.4,6.2,56,,72,public,TRUE
83,female,group B,bachelor degree,standard,TRUE,15.8,10.5,100,58,58,private,TRUE
84,male,group D,bachelor degree,standard,TRUE,9,8.8,51,74,71,public,TRUE
85,male,group A,high school,free/reduced,TRUE,4.6,8.5,63,59,84,public,TRUE
86,female,group B,high school,free/reduced,TRUE,6.5,,56,100,83,private,TRUE
87,male,group E,some college,free/reduced,FALSE,17.3,6.7,63,,91,public,TRUE
88,male,group C,some college,standard,TRUE,5.3,5.7,76,57,,private,FALSE
89,male,group C,some college,standard,FALSE,2.4,6.9,37,,81,private,TRUE
90,female,group C,associate degree,free/reduced,TRUE,11,6.7,54,59,58,public,TRUE
91,male,group C,master degree,free/reduced,TRUE,2.7,6.5,64,,67,public,TRUE
92,female,group B,,standard,FALSE,10.1,7.7,77,88,95,public,TRUE
93,male,group A,high school,standard,TRUE,5.5,6.7,71,53,75,public,TRUE
94,male,group A,bachelor degree,standard,FALSE,6.8,7,55,,49,public,FALSE
95,female,group A,associate degree,standard,FALSE,12.3,9.3,39,42,57,public,TRUE
96,female,group E,bachelor degree,standard,FALSE,11,8,87,61,69,public,FALSE
97,male,group E,bachelor degree,standard,TRUE,7.1,5.6,80,54,80,international,TRUE
98,male,group B,associate degree,standard,FALSE,7.1,8.3,73,72,75,public,FALSE
99,male,group A,bachelor degree,standard,FALSE,0,8,70,72,81,public,TRUE
100,male,group E,high school,standard,FALSE,10.4,6.5,42,81,49,public,
101,female,group E,associate degree,standard,TRUE,11.1,5.1,81,87,78,public,TRUE
102,female,group D,some college,standard,FALSE,14.2,5.2,52,71,68,public,TRUE
103,male,group B,high school,standard,FALSE,8.6,6.8,69,74,85,private,TRUE
104,male,group C,high school,standard,TRUE,,6,54,58,83,public,
105,male,group B,bachelor degree,standard,FALSE,12.6,5.4,76,67,71,public,TRUE
106,female,group C,bachelor degree,standard,FALSE,12.4,5.9,51,78,93,private,TRUE
107,female,group E,,standard,TRUE,10.8,8.3,88,86,59,public,TRUE
108,male,group B,,standard,FALSE,0,8.2,100,51,71,private,TRUE
109,female,group B,bachelor degree,standard,TRUE,11.7,7,91,51,43,private,TRUE
110,female,group E,associate degree,free/reduced,FALSE,3.8,6.1,68,70,55,private,TRUE
111,female,group C,some college,standard,TRUE,15.8,7.1,75,75,91,international,TRUE
112,female,group C,some college,standard,TRUE,23.1,5.2,68,43,48,private,TRUE
113,male,group A,master degree,free/reduced,TRUE,11.3,,93,,79,public,TRUE
114,female,group C,bachelor degree,standard,TRUE,13.9,5.9,61,63,42,public,TRUE
115,male,group D,associate degree,standard,FALSE,12.4,8.4,47,68,68,public,TRUE
116,female,group D,high school,free/reduced,TRUE,11.5,5.8,63,77,91,public,TRUE
117,female,group E,some college,free/reduced,TRUE,7.2,6.9,82,77,,public,TRUE
118,male,group B,high school,free/reduced,TRUE,5.6,7.7,71,88,74,public,TRUE
119,female,group C,bachelor degree,free/reduced,TRUE,13,7.5,60,73,76,public,TRUE
120,female,group C,some college,free/reduced,FALSE,14,,59,52,76,public,TRUE
121,female,group E,bachelor degree,standard,FALSE,8.9,6.6,65,77,42,private,TRUE
122,female,group E,some college,standard,FALSE,,8.2,84,83,71,public,TRUE
123,female,group D,,free/reduced,TRUE,9.2,,83,63,58,public,FALSE
124,female,group C,associate degree,standard,TRUE,5.4,7.4,65,47,62,private,FALSE
125,female,group B,some college,standard,TRUE,9.9,7.2,70,70,53,public,TRUE
126,male,group B,associate degree,standard,FALSE,0.2,8.4,51,75,62,public,TRUE
127,female,group A,high school,standard,FALSE,6.1,9,56,29,72,public,TRUE
128,male,group C,associate degree,standard,FALSE,5,,45,73,64,private,TRUE
129,female,group E,high school,standard,FALSE,21.4,10.4,54,76,95,public,TRUE
130,female,group A,bachelor degree,standard,FALSE,11.8,7.4,38,99,87,public,FALSE
131,female,group C,bachelor degree,standard,TRUE,10.5,7.7,87,,37,public,TRUE
132,female,group E,master degree,standard,TRUE,17.4,7.9,81,,75,private,TRUE
133,male,group A,some college,free/reduced,FALSE,19.4,5.8,100,71,75,public,FALSE
134,female,group C,associate degree,free/reduced,FALSE,12,7,89,77,,public,FALSE
135,female,group A,associate degree,standard,TRUE,5.8,6.4,67,75,68,public,TRUE
136,male,group D,associate degree,standard,FALSE,0.5,4.7,59,69,83,public,TRUE
137,female,group C,,standard,FALSE,5.4,7.2,80,63,74,public,TRUE
138,male,group E,high school,standard,FALSE,8.9,4.7,94,53,75,public,TRUE
139,male,group C,associate degree,free/reduced,FALSE,21,6.9,54,76,51,private,FALSE
140,male,group D,high school,standard,FALSE,7.6,8.7,75,44,54,public,TRUE
141,male,group A,associate degree,free/reduced,TRUE,2.1,5.6,61,100,72,public,TRUE
142,male,group C,associate degree,standard,FALSE,9.1,7.1,97,,54,public,FALSE
143,male,group A,,,TRUE,4,5.9,70,95,78,public,TRUE
144,male,group D,some college,free/reduced,FALSE,0.4,8.6,79,,89,private,TRUE
145,male,group E,associate degree,standard,TRUE,9.8,7,67,76,,public,TRUE
146,male,group B,bachelor degree,standard,TRUE,8,6.3,71,68,68,private,TRUE
147,male,group D,bachelor degree,free/reduced,FALSE,8.6,7.2,45,64,77,public,FALSE
148,male,group D,high school,standard,TRUE,18,8.2,61,81,62,public,TRUE
149,male,group C,some college,standard,TRUE,11.3,8,84,57,58,private,TRUE
150,female,group E,,standard,FALSE,8.3,10,86,75,94,public,TRUE
151,male,group A,some college,standard,FALSE,8.3,8.1,99,95,68,international,TRUE
152,male,group E,some college,standard,FALSE,,6.7,64,70,56,private,TRUE
153,female,group B,associate degree,standard,FALSE,8.3,9.1,78,43,79,public,TRUE
154,male,group D,high school,standard,FALSE,9.6,8.5,95,65,73,public,TRUE
155,female,group E,master degree,standard,TRUE,4.8,11,77,55,45,private,FALSE
156,female,group C,,standard,FALSE,4.6,6.8,85,67,73,public,TRUE
157,female,group D,,standard,TRUE,8.4,6.9,78,47,64,public,TRUE
158,male,group A,some college,free/reduced,TRUE,3.1,10.8,66,,98,public,FALSE
159,female,group E,bachelor degree,standard,FALSE,8,5.7,70,66,75,public,TRUE
160,male,group E,,standard,TRUE,12.6,6.3,63,63,82,public,TRUE
161,female,group B,bachelor degree,standard,FALSE,4.1,8,74,74,69,public,TRUE
162,female,group C,high school,free/reduced,TRUE,6.1,6.7,94,72,74,private,TRUE
163,male,group B,high school,standard,TRUE,6.5,5.1,70,69,58,public,TRUE
164,male,group C,associate degree,standard,FALSE,4.3,,80,57,87,public,TRUE
165,female,group C,high school,standard,TRUE,14.2,6.4,66,68,70,private,TRUE
166,male,group B,high school,free/reduced,TRUE,,6.2,11,77,70,private,TRUE
167,male,group E,some college,standard,FALSE,10.8,6.7,100,71,75,public,TRUE
168,male,group B,some college,standard,FALSE,10.9,6.8,95,69,65,public,TRUE
169,female,group D,some college,standard,FALSE,1,6.9,61,65,64,public,TRUE
170,female,group E,high school,standard,FALSE,10.8,4.3,65,55,71,private,TRUE
171,female,group B,high school,standard,FALSE,5.5,8.3,95,71,63,private,TRUE
172,male,group E,high school,standard,FALSE,8.3,6.1,83,90,77,public,FALSE
173,female,group C,high school,standard,FALSE,17.5,9.7,42,74,78,public,TRUE
174,female,group D,some college,free/reduced,TRUE,,,41,79,74,international,TRUE
175,male,group E,high school,standard,TRUE,9.3,7.7,77,61,81,international,TRUE
176,female,group D,associate degree,standard,TRUE,14.5,7.8,91,77,69,international,TRUE
177,male,group C,associate degree,free/reduced,FALSE,8.8,8.5,65,86,,international,TRUE
178,male,group A,some college,free/reduced,FALSE,8.1,,76,63,70,public,TRUE
179,male,group C,high school,standard,TRUE,13.2,8.2,100,74,83,public,TRUE
180,male,group B,some college,standard,TRUE,9.8,7.8,48,59,72,private,TRUE
181,female,group C,bachelor degree,free/reduced,FALSE,,8.5,72,66,75,public,TRUE
182,female,group E,high school,standard,TRUE,7.7,8.3,89,100,82,public,TRUE
183,female,group C,high school,,TRUE,9.3,7.4,66,50,57,private,TRUE
184,female,group D,associate degree,free/reduced,TRUE,,7.3,66,44,74,public,TRUE
185,male,group B,,free/reduced,TRUE,13.2,8.6,64,85,50,private,TRUE
186,female,group E,high school,free/reduced,TRUE,15.8,6.9,65,82,68,international,TRUE
187,male,group B,bachelor degree,standard,FALSE,1.3,9.6,62,,73,public,FALSE
188,male,group D,associate degree,free/reduced,TRUE,0.4,7.7,67,69,98,public,FALSE
189,female,group E,associate degree,standard,TRUE,8.8,11,81,61,52,public,FALSE
190,male,group C,master degree,standard,TRUE,6.6,5.7,75,86,62,public,TRUE
191,male,group C,bachelor degree,free/reduced,TRUE,11.3,6.9,63,89,79,public,TRUE
192,female,group E,some college,standard,TRUE,7.5,9.6,68,84,96,public,TRUE
193,male,group B,associate degree,standard,TRUE,12,7.5,100,77,65,private,
194,male,group C,,free/reduced,TRUE,22.5,8.5,61,82,52,public,TRUE
195,male,group D,high school,free/reduced,FALSE,,7.9,85,74,68,public,TRUE
196,male,group D,associate degree,standard,FALSE,14.8,6.8,88,71,61,public,TRUE
197,female,group D,some college,standard,FALSE,14.8,6.7,67,62,91,private,TRUE
198,female,group C,high school,standard,FALSE,8.2,8.7,62,74,84,public,FALSE
199,female,group B,master degree,standard,FALSE,12.3,8.2,89,68,83,private,TRUE
200,female,group C,high school,standard,FALSE,0,7.6,66,63,58,public,TRUE
201,female,group C,associate degree,free/reduced,FALSE,5.5,9.2,73,76,55,private,TRUE
202,female,group E,associate degree,free/reduced,TRUE,14.1,8.3,60,72,79,public,TRUE
203,male,group C,bachelor degree,free/reduced,FALSE,6.7,8.9,92,65,,public,TRUE
204,male,group E,associate degree,standard,FALSE,10.9,8.5,52,54,94,private,TRUE
205,female,group B,high school,standard,FALSE,7.4,7,49,46,91,private,TRUE
206,male,group C,,free/reduced,TRUE,,6,71,69,66,private,TRUE
207,female,group B,associate degree,free/reduced,FALSE,11.3,8.5,85,84,,public,TRUE
208,female,group C,some college,standard,FALSE,8.1,9.8,85,77,88,private,FALSE
209,female,group D,associate degree,free/reduced,FALSE,5.6,3,95,83,65,public,TRUE
210,male,group E,,free/reduced,TRUE,5.8,6.1,75,54,66,public,TRUE
211,female,group B,high school,standard,TRUE,2.3,9.5,84,46,100,public,TRUE
212,male,group D,some college,standard,TRUE,8.1,7.1,43,53,62,public,TRUE
213,male,group B,bachelor degree,standard,TRUE,,8.5,63,64,50,public,TRUE
214,female,group E,master degree,standard,FALSE,11.2,5.2,43,62,97,public,TRUE
215,female,group D,associate degree,standard,TRUE,17.1,8.6,73,76,65,private,FALSE
216,male,group B,high school,standard,TRUE,9.3,,74,43,94,public,TRUE
217,female,group E,high school,standard,FALSE,11,,65,76,56,private,TRUE
218,male,group C,some college,standard,FALSE,19.6,7.2,56,54,88,private,TRUE
219,female,group B,some college,standard,FALSE,8.7,7.4,69,64,72,public,TRUE
220,male,group C,associate degree,standard,FALSE,11.1,8.9,72,71,100,international,TRUE
221,female,group B,high school,free/reduced,TRUE,7,6.1,52,71,90,international,TRUE
222,male,group C,high school,standard,TRUE,17.1,6.4,40,66,56,public,TRUE
223,male,group D,some college,standard,FALSE,0.5,7.2,67,58,78,private,
224,male,group C,high school,standard,FALSE,19.2,7.7,78,77,64,public,TRUE
225,male,group B,,free/reduced,TRUE,18,7,59,59,84,public,TRUE
226,female,group C,associate degree,free/reduced,FALSE,9.9,5.5,83,88,80,public,TRUE
227,male,group E,associate degree,standard,TRUE,9.1,7.3,74,,64,public,TRUE
228,male,group D,bachelor degree,free/reduced,FALSE,3,8.2,66,72,66,public,FALSE
229,female,group B,,free/reduced,TRUE,,5.8,66,68,76,public,TRUE
230,female,group E,associate degree,free/reduced,TRUE,0.6,8.8,46,,33,public,TRUE
231,female,group D,master degree,standard,TRUE,5.1,7,97,64,86,public,TRUE
232,male,group C,bachelor degree,standard,FALSE,10.4,8.2,64,56,68,public,FALSE
233,female,group D,high school,free/reduced,TRUE,9.2,6.8,92,74,54,public,TRUE
234,female,group D,master degree,standard,TRUE,7.6,7.3,71,84,68,public,TRUE
235,female,group E,some college,standard,FALSE,,6.6,83,77,53,international,TRUE
236,male,group B,bachelor degree,standard,TRUE,5.7,9.1,84,64,74,public,TRUE
237,female,group B,associate degree,standard,FALSE,3.3,8.5,87,79,84,private,FALSE
238,male,group E,,free/reduced,TRUE,8.1,5.4,80,56,65,public,TRUE
239,male,group B,high school,standard,FALSE,,9.8,78,49,89,international,TRUE
240,male,group B,associate degree,standard,FALSE,11.2,,89,100,61,public,TRUE
241,male,group E,high school,standard,TRUE,7.2,6.8,62,67,76,international,TRUE
242,female,group C,some college,,FALSE,6.3,,56,76,,public,FALSE
243,male,group E,bachelor degree,free/reduced,TRUE,5.2,8.3,44,75,77,international,TRUE
244,male,group A,associate degree,standard,TRUE,4.5,8.2,63,96,95,public,TRUE
245,female,group C,high school,standard,FALSE,9.9,6,64,,74,private,TRUE
246,male,group B,,standard,FALSE,11.4,,100,70,42,public,FALSE
247,male,group C,master degree,standard,FALSE,6.9,,64,72,95,public,TRUE
248,male,group D,some college,standard,FALSE,4,8.7,75,47,70,public,
249,female,group D,,standard,FALSE,,6.6,51,64,43,public,TRUE
250,female,group E,,standard,FALSE,9.7,,65,83,71,private,TRUE
251,female,group D,master degree,free/reduced,FALSE,10.5,6.1,70,73,63,private,TRUE
252,female,group C,,standard,TRUE,9.4,6.6,51,74,36,public,TRUE
253,male,group C,some college,free/reduced,FALSE,15.5,9.4,75,76,87,public,TRUE
254,female,group E,high school,,FALSE,2.1,8.8,66,77,46,public,FALSE
255,female,group A,associate degree,free/reduced,TRUE,1.9,9.2,72,91,75,public,FALSE
256,female,group C,bachelor degree,free/reduced,TRUE,4,7,77,55,65,private,TRUE
257,female,group C,master degree,standard,TRUE,9.5,8.5,71,64,74,public,FALSE
258,male,group E,some college,free/reduced,TRUE,12.1,7.7,64,71,70,public,TRUE
259,male,group E,master degree,free/reduced,FALSE,14,8.8,65,58,84,private,TRUE
260,female,group E,high school,standard,FALSE,11.2,7.1,78,68,76,private,TRUE
261,female,group A,,standard,TRUE,,4.4,82,67,82,public,TRUE
262,male,group B,associate degree,free/reduced,FALSE,17.1,7,77,59,79,public,TRUE
263,male,group B,,free/reduced,TRUE,8.8,6.2,100,71,70,public,TRUE
264,male,group E,some college,free/reduced,FALSE,15.9,7.4,61,93,72,public,TRUE
265,female,group B,high school,standard,FALSE,0,7.7,80,94,85,public,TRUE
266,female,group A,high school,standard,FALSE,17.5,5.3,60,57,63,private,TRUE
267,female,group B,high school,standard,FALSE,15,8.7,61,66,74,private,TRUE
268,female,group C,associate degree,standard,TRUE,2.8,6.8,53,95,85,private,TRUE
269,male,group D,high school,standard,FALSE,,8.3,46,89,75,private,TRUE
270,female,group A,high school,standard,TRUE,12.7,8.4,50,66,85,international,TRUE
271,male,group E,bachelor degree,standard,FALSE,6.4,7.6,71,65,79,public,TRUE
272,female,group E,high school,standard,TRUE,,7.4,66,,62,public,TRUE
273,male,group B,,standard,FALSE,14.2,7.2,70,79,82,public,TRUE
274,female,group D,high school,standard,FALSE,1.8,9.9,74,100,66,public,TRUE
275,female,group E,some college,free/reduced,TRUE,15.7,7.9,76,87,94,public,FALSE
276,male,group D,associate degree,standard,TRUE,,7.8,50,49,65,public,TRUE
277,female,group E,some college,standard,FALSE,,6.9,58,72,79,public,TRUE
278,male,group E,high school,standard,FALSE,11.6,,56,77,76,private,TRUE
279,male,group E,some college,standard,TRUE,8.4,9.4,87,97,57,public,TRUE
280,female,group A,high school,standard,TRUE,8.8,7.5,79,81,59,public,TRUE
281,female,group D,some college,free/reduced,FALSE,15.5,6.9,67,80,58,private,TRUE
282,male,group B,associate degree,free/reduced,FALSE,14.6,8.8,83,63,,public,TRUE
283,female,group E,,standard,TRUE,8.9,7,84,65,62,private,FALSE
284,female,group A,some college,standard,FALSE,9,5.6,47,51,78,public,
285,male,group B,bachelor degree,free/reduced,TRUE,9.3,6.8,80,89,68,public,TRUE
286,male,group B,high school,standard,FALSE,12.9,6.3,79,79,68,private,TRUE
287,male,group E,associate degree,free/reduced,FALSE,19.7,7.1,79,,81,private,TRUE
288,male,group C,bachelor degree,standard,TRUE,11.4,7.5,68,67,65,public,TRUE
289,female,group D,some college,standard,TRUE,,,80,69,65,public,TRUE
290,female,group C,bachelor degree,standard,TRUE,13.3,9.2,66,65,79,international,TRUE
291,female,group A,associate degree,free/reduced,FALSE,16.6,7.5,68,62,59,public,TRUE
292,female,group E,some college,standard,TRUE,2.1,6.7,49,75,58,public,TRUE
293,male,group C,high school,free/reduced,TRUE,13.9,,45,71,71,private,TRUE
294,male,group C,some college,standard,FALSE,5.5,7.7,41,73,,private,FALSE
295,male,group E,,standard,FALSE,,7.5,31,86,51,private,TRUE
296,male,group D,some college,free/reduced,FALSE,11.7,7.2,72,80,39,private,TRUE
297,male,group B,some college,standard,FALSE,9.1,,39,66,48,private,TRUE
298,female,group D,some college,standard,TRUE,,6.4,60,65,79,private,TRUE
299,male,group C,bachelor degree,standard,TRUE,,7.5,80,58,60,public,TRUE
300,male,group B,high school,standard,TRUE,6.2,7.3,78,,72,public,TRUE
301,female,group E,,free/reduced,TRUE,0,9.4,66,77,97,public,
302,female,group E,,standard,FALSE,,8.4,69,55,76,public,TRUE
303,female,group E,some college,standard,TRUE,7.1,8.2,46,75,58,public,TRUE
304,male,group B,associate degree,free/reduced,TRUE,8.9,6.3,84,81,64,public,TRUE
305,female,group A,,free/reduced,FALSE,16,5.4,83,69,70,public,TRUE
306,female,group B,master degree,free/reduced,FALSE,7,7.4,70,57,56,public,TRUE
307,male,group C,high school,free/reduced,TRUE,6.7,4.8,64,90,73,public,TRUE
308,female,group D,,standard,TRUE,10.3,8.4,78,97,75,private,TRUE
309,female,group A,,free/reduced,TRUE,13.4,8.9,72,76,96,public,TRUE
310,male,group C,,standard,TRUE,,8.2,63,86,70,public,TRUE
311,female,group E,bachelor degree,standard,FALSE,15,8,92,47,69,public,FALSE
312,female,group A,some college,standard,FALSE,5.7,6.2,74,54,100,public,TRUE
313,female,group A,some college,standard,FALSE,11.7,4.2,86,74,84,public,TRUE
314,female,group B,high school,free/reduced,TRUE,9.2,6.7,33,68,75,private,FALSE
315,female,group C,bachelor degree,standard,FALSE,12.8,5.5,52,68,67,public,TRUE
316,male,group D,high school,standard,FALSE,7,6.2,69,92,71,private,TRUE
317,male,group A,high school,free/reduced,TRUE,4.5,9.2,63,,75,private,TRUE
318,male,group B,,standard,FALSE,11.5,8.4,55,75,74,public,TRUE
319,female,group B,some college,free/reduced,TRUE,4.3,8.6,90,91,68,public,TRUE
320,female,group E,,standard,FALSE,2.4,10.3,74,73,65,public,TRUE
321,male,group A,high school,standard,TRUE,11.2,8,97,,93,public,TRUE
322,male,group A,bachelor degree,standard,TRUE,12,7,79,64,,public,TRUE
323,female,group C,bachelor degree,free/reduced,TRUE,,5.3,77,73,49,public,TRUE
324,female,group E,,standard,TRUE,11.6,6.4,52,47,63,public,TRUE
325,female,group B,high school,standard,FALSE,4.6,6.9,86,71,88,public,TRUE
326,female,group B,bachelor degree,standard,FALSE,6.6,6.1,90,61,54,private,TRUE
327,female,group D,high school,standard,FALSE,,6.7,41,88,42,public,FALSE
328,female,group C,bachelor degree,standard,TRUE,14.5,5.1,73,61,94,public,TRUE
329,female,group B,bachelor degree,standard,FALSE,6.4,7.5,79,49,71,public,
330,female,group B,some college,free/reduced,TRUE,4.9,7.4,41,64,63,private,TRUE
331,female,group E,some college,free/reduced,TRUE,8.6,6.7,77,83,66,public,TRUE
332,male,group E,some college,free/reduced,TRUE,8.7,7.7,95,66,64,private,FALSE
333,male,group B,some college,standard,FALSE,17.5,5.8,73,74,,public,TRUE
334,male,group D,some college,free/reduced,TRUE,0,9.3,61,74,92,public,TRUE
335,female,group C,,standard,TRUE,7.5,9.1,61,95,,international,TRUE
336,male,group E,,,FALSE,21.2,,79,63,48,private,TRUE
337,male,group E,,free/reduced,TRUE,6,6.6,64,56,87,public,TRUE
338,male,group C,associate degree,standard,FALSE,5.7,7,49,,68,private,TRUE
339,female,group C,high school,free/reduced,TRUE,10.8,6.6,50,44,55,public,TRUE
340,male,group A,some college,,TRUE,13.2,7.6,73,91,68,public,TRUE
341,female,group C,high school,standard,TRUE,7.3,9.8,90,74,82,public,TRUE
342,female,group B,high school,standard,FALSE,11.7,5.6,93,85,66,private,TRUE
343,female,group B,high school,standard,FALSE,15.3,5.4,62,44,91,international,TRUE
344,male,group D,some college,standard,TRUE,22.7,6.7,68,68,62,public,TRUE
345,female,group D,bachelor degree,standard,TRUE,1.9,5.4,62,76,77,private,FALSE
346,male,group E,high school,standard,FALSE,,6.4,43,79,44,public,TRUE
347,male,group C,some college,standard,FALSE,14.1,5.6,48,59,68,public,TRUE
348,female,group B,,free/reduced,FALSE,10,8.1,56,77,65,public,TRUE
349,female,group B,high school,standard,TRUE,10.8,6.5,74,80,66,public,TRUE
350,male,group A,high school,free/reduced,FALSE,8.2,5.8,55,52,58,private,TRUE
351,male,group D,,free/reduced,TRUE,9.5,7,85,81,57,private,TRUE
352,female,group B,some college,free/reduced,FALSE,4.5,,59,80,91,public,FALSE
353,female,group C,master degree,standard,FALSE,10.7,8.3,73,79,60,private,TRUE
354,male,group C,some college,standard,FALSE,10.8,3.5,67,85,67,public,FALSE
355,female,group D,bachelor degree,free/reduced,FALSE,8.4,5.4,69,100,81,public,TRUE
356,male,group D,some college,standard,TRUE,9.1,8.6,76,80,63,public,TRUE
357,female,group E,some college,free/reduced,TRUE,3,5.4,85,77,76,public,TRUE
358,female,group B,bachelor degree,standard,FALSE,13.8,7.2,63,75,59,public,TRUE
359,female,group C,high school,standard,FALSE,13.8,6.3,76,,100,public,TRUE
360,male,group C,high school,free/reduced,TRUE,8.1,7.5,100,64,50,public,TRUE
361,female,group C,some college,standard,FALSE,3.4,10.1,76,84,69,private,TRUE
362,male,group B,associate degree,free/reduced,FALSE,5.1,,45,66,61,public,TRUE
363,female,group C,bachelor degree,free/reduced,TRUE,7.1,8,79,92,41,international,TRUE
364,male,group A,associate degree,free/reduced,TRUE,1.8,7.4,75,100,67,public,TRUE
365,male,group A,bachelor degree,free/reduced,TRUE,2.2,,70,97,84,private,FALSE
366,male,group E,associate degree,standard,FALSE,11.9,7.7,74,,68,public,TRUE
367,male,group C,high school,free/reduced,FALSE,15.4,6.9,58,64,64,public,TRUE
368,male,group B,master degree,free/reduced,FALSE,1.7,7.3,86,71,54,private,TRUE
369,female,group D,bachelor degree,free/reduced,FALSE,8.3,8.8,58,84,60,public,TRUE
370,female,group E,some college,standard,TRUE,8.5,,75,45,69,public,TRUE
371,male,group C,some college,standard,TRUE,11.3,5.6,73,39,68,public,TRUE
372,male,group E,high school,free/reduced,FALSE,,6.4,73,59,98,public,TRUE
373,male,group A,associate degree,standard,FALSE,5.6,6.3,59,,77,public,TRUE
374,male,group A,high school,standard,FALSE,2.1,,22,,75,public,
375,male,group C,associate degree,free/reduced,FALSE,,9.2,59,77,64,public,TRUE
376,male,group A,,standard,TRUE,8.7,9.1,52,65,34,public,TRUE
377,male,group C,some college,standard,TRUE,13.9,7.1,71,74,71,public,TRUE
378,female,group E,high school,standard,TRUE,9.5,8.1,45,,64,private,TRUE
379,male,group D,bachelor degree,standard,FALSE,,5.4,57,80,61,private,FALSE
380,female,group B,,free/reduced,FALSE,,5.2,52,,70,public,TRUE
381,female,group B,some college,free/reduced,TRUE,5.4,7,69,93,63,public,FALSE
382,male,group C,associate degree,standard,FALSE,,5.6,58,70,76,public,TRUE
383,female,group C,some college,standard,FALSE,,7.2,78,56,63,public,
384,male,group A,master degree,free/reduced,FALSE,4.5,8.5,55,94,81,public,TRUE
385,male,group C,high school,standard,FALSE,4,,93,67,83,public,TRUE
386,male,group E,associate degree,standard,TRUE,5.7,7.9,100,55,62,public,TRUE
387,male,group B,associate degree,standard,TRUE,,5.6,66,92,66,public,TRUE
388,female,group B,bachelor degree,standard,FALSE,11.9,5.7,64,100,73,international,FALSE
389,female,group C,associate degree,standard,FALSE,8.6,7.7,70,71,53,private,TRUE
390,female,group E,some college,standard,TRUE,15.7,5.9,95,81,75,public,TRUE
391,male,group C,,standard,TRUE,11.8,,54,66,77,public,TRUE
392,male,group B,high school,standard,TRUE,,8.7,90,59,80,public,TRUE
393,female,group B,master degree,free/reduced,TRUE,8.4,6.2,90,80,62,public,TRUE
394,female,group C,some college,standard,FALSE,0.9,8.1,66,51,87,public,TRUE
395,male,group C,high school,standard,FALSE,6.7,8,81,62,45,international,TRUE
396,male,group C,bachelor degree,free/reduced,TRUE,10.8,,95,75,79,public,TRUE
397,female,group C,high school,free/reduced,FALSE,18.7,8.1,56,57,50,public,FALSE
398,female,group D,associate degree,standard,FALSE,12.7,6.5,61,80,68,public,TRUE
399,female,group B,bachelor degree,free/reduced,TRUE,12.1,8.6,71,75,83,public,TRUE
400,male,group D,bachelor degree,standard,TRUE,12.6,8.7,78,84,42,public,FALSE
401,male,group B,some college,standard,TRUE,10.4,7.8,55,74,86,public,TRUE
402,male,group C,associate degree,standard,TRUE,,8.3,74,80,80,public,TRUE
403,male,group E,some college,standard,TRUE,19.3,6.6,78,65,90,public,TRUE
404,female,group B,associate degree,standard,TRUE,10.7,8,59,85,72,public,TRUE
405,female,group C,associate degree,standard,FALSE,14.2,5.6,76,71,47,public,TRUE
406,male,group A,master degree,standard,FALSE,11.5,7.1,95,87,69,private,TRUE
407,female,group A,associate degree,standard,FALSE,12.3,,78,,96,international,TRUE
408,male,group E,high school,standard,FALSE,6.7,5.1,85,64,47,international,TRUE
409,male,group B,some college,standard,TRUE,11.5,8.7,99,79,71,public,FALSE
410,male,group C,some college,standard,FALSE,10.1,6.7,72,52,67,private,TRUE
411,female,group D,bachelor degree,,FALSE,10.3,7.9,55,72,63,public,TRUE
412,female,group D,high school,standard,FALSE,15,7,60,75,66,international,TRUE
413,male,group A,bachelor degree,free/reduced,FALSE,8.3,6.3,54,49,64,public,TRUE
414,male,group A,bachelor degree,standard,TRUE,6.6,9,53,73,59,public,TRUE
415,female,group E,high school,standard,TRUE,,7.1,71,68,78,public,TRUE
416,male,group B,master degree,standard,FALSE,0,,62,78,75,private,
417,female,group E,master degree,free/reduced,FALSE,13.9,5.6,74,67,82,public,TRUE
418,female,group E,high school,standard,FALSE,6,,88,75,72,public,
419,male,group C,associate degree,standard,TRUE,,5.2,55,73,62,public,TRUE
420,male,group E,associate degree,,TRUE,4.5,6.8,70,72,,public,TRUE
421,female,group B,bachelor degree,standard,TRUE,5.1,,82,88,73,public,FALSE
422,male,group A,some college,free/reduced,FALSE,4,5.7,60,74,83,private,TRUE
423,female,group B,high school,free/reduced,FALSE,5.1,5.4,74,41,72,international,TRUE
424,male,group B,bachelor degree,standard,TRUE,3,6.1,59,76,53,public,TRUE
425,female,group C,some college,free/reduced,TRUE,6,6.7,72,80,100,private,TRUE
426,male,group B,bachelor degree,free/reduced,TRUE,22.2,4.8,56,74,69,public,TRUE
427,female,group C,associate degree,free/reduced,FALSE,8.2,8.6,47,100,87,private,TRUE
428,male,group D,high school,standard,FALSE,7.5,8,71,65,,public,TRUE
429,female,group B,master degree,standard,FALSE,12.5,6.6,69,85,69,public,TRUE
430,female,group E,high school,,TRUE,8.7,,63,51,57,private,TRUE
431,male,group C,associate degree,standard,TRUE,16.5,6.7,78,66,74,public,FALSE
432,female,group A,bachelor degree,standard,FALSE,13.9,6.1,68,70,77,public,TRUE
433,female,group E,associate degree,standard,TRUE,12.3,6.9,72,76,62,public,TRUE
434,male,group B,high school,standard,TRUE,4.8,7.8,66,81,50,international,TRUE
435,male,group C,,standard,TRUE,0.7,4.1,80,79,58,private,TRUE
436,female,group E,high school,standard,TRUE,8.9,6.6,79,,69,public,TRUE
437,female,group B,master degree,standard,TRUE,,6.2,66,96,83,public,FALSE
438,female,group B,some college,standard,FALSE,0,6.6,76,52,64,public,TRUE
439,male,group C,some college,standard,TRUE,19,7.9,72,70,90,public,TRUE
440,male,group E,bachelor degree,standard,FALSE,3.8,5,61,65,66,public,TRUE
441,male,group D,bachelor degree,free/reduced,FALSE,12.7,,42,81,100,public,TRUE
442,female,group A,high school,,FALSE,12,6.6,51,,59,public,TRUE
443,female,group E,some college,free/reduced,FALSE,13.4,8.2,99,73,86,public,TRUE
444,male,group E,bachelor degree,standard,FALSE,4.1,6.2,67,78,92,private,TRUE
445,female,group C,high school,standard,TRUE,14.2,7.3,72,86,81,private,TRUE
446,male,group E,high school,free/reduced,FALSE,7.6,6.5,73,76,75,public,TRUE
447,female,group E,high school,free/reduced,FALSE,10.6,5.5,71,71,62,public,TRUE
448,male,group B,some college,standard,FALSE,13.5,8,78,68,66,public,TRUE
449,female,group D,high school,free/reduced,FALSE,22.6,7.3,75,78,64,public,TRUE
450,female,group E,high school,standard,TRUE,1.4,7.1,72,48,62,public,TRUE
451,male,group D,,standard,TRUE,,8.3,63,61,69,public,FALSE
452,female,group A,bachelor degree,free/reduced,TRUE,0,9.5,68,84,70,private,TRUE
453,female,group E,some college,standard,TRUE,,8.2,66,98,87,public,TRUE
454,male,group D,associate degree,free/reduced,FALSE,3.2,9,80,63,62,international,FALSE
455,male,group C,high school,standard,TRUE,5,,86,57,59,private,TRUE
456,female,group A,some college,standard,TRUE,11.3,7.1,100,51,93,private,TRUE
457,female,group D,high school,free/reduced,FALSE,4.7,10.2,64,,78,public,TRUE
458,male,group E,bachelor degree,standard,FALSE,15.2,6.3,73,,73,international,TRUE
459,male,group B,,standard,TRUE,11,5.6,58,67,79,public,FALSE
460,male,group D,high school,free/reduced,TRUE,6,6.2,71,70,74,private,TRUE
461,female,group D,bachelor degree,free/reduced,FALSE,11.3,5.2,34,45,,public,TRUE
462,male,group A,high school,standard,TRUE,,8.8,72,84,74,private,TRUE
463,female,group C,,standard,FALSE,13.9,8.2,65,72,56,public,TRUE
464,male,group C,,free/reduced,TRUE,7.6,4.8,50,87,69,public,TRUE
465,female,group E,some college,standard,FALSE,16.2,,84,71,91,international,TRUE
466,male,group D,bachelor degree,standard,TRUE,12,5.1,54,73,71,private,TRUE
467,male,group D,high school,free/reduced,FALSE,6.6,8.5,65,73,61,public,TRUE
468,female,group C,master degree,free/reduced,FALSE,13.1,7.5,72,65,84,international,TRUE
469,male,group A,high school,free/reduced,TRUE,13.5,7.8,46,63,89,public,TRUE
470,male,group E,,free/reduced,TRUE,5.4,8.7,91,100,73,private,TRUE
471,male,group E,some college,standard,FALSE,7,6.1,69,63,62,private,TRUE
472,female,group B,associate degree,free/reduced,TRUE,17.8,9.1,69,98,73,public,FALSE
473,male,group C,associate degree,free/reduced,FALSE,,7.2,53,68,44,public,TRUE
474,female,group A,high school,free/reduced,FALSE,,5.2,61,45,74,international,TRUE
475,male,group E,high school,standard,TRUE,6.3,7.5,78,61,74,public,TRUE
476,female,group E,,standard,TRUE,3.5,9.2,85,52,48,international,TRUE
477,male,group E,master degree,standard,TRUE,9.9,9.5,86,68,73,private,TRUE
478,male,group C,some college,standard,FALSE,10.4,4.4,75,,71,private,FALSE
479,female,group D,high school,standard,FALSE,3.4,6.5,69,86,97,public,TRUE
480,male,group D,some college,standard,FALSE,9.4,6.8,63,,67,public,
481,male,group E,bachelor degree,standard,TRUE,,7.3,76,56,74,international,TRUE
482,male,group D,high school,free/reduced,FALSE,8.7,8.3,63,75,54,public,TRUE
483,male,group D,some college,standard,TRUE,6.2,6.2,44,79,53,private,TRUE
484,male,group E,high school,standard,FALSE,11.5,,43,74,77,public,FALSE
485,female,group A,,free/reduced,FALSE,7.5,6.4,55,56,63,public,TRUE
486,female,group C,bachelor degree,standard,TRUE,3.4,5.9,79,69,54,private,TRUE
487,male,group D,bachelor degree,free/reduced,FALSE,7,5.7,46,50,88,public,
488,male,group E,bachelor degree,free/reduced,TRUE,19.7,8.6,77,67,58,private,TRUE
489,female,group B,associate degree,free/reduced,FALSE,8.6,8.9,100,41,55,public,TRUE
490,female,group A,,standard,FALSE,13.6,6.2,72,,40,public,FALSE
491,male,group C,some college,standard,FALSE,10.2,6.7,79,75,,public,
492,female,group D,master degree,standard,FALSE,6.3,4.5,100,65,82,public,TRUE
493,female,group D,high school,standard,FALSE,10.6,7.8,81,60,88,public,TRUE
494,female,group C,some college,standard,TRUE,4.9,9.7,68,,84,public,TRUE
495,female,group B,,free/reduced,FALSE,6.5,9.6,77,68,79,public,FALSE
496,female,group B,some college,free/reduced,FALSE,15.3,8.4,62,,63,public,TRUE
497,female,group E,high school,standard,TRUE,9.6,8.3,68,,61,public,TRUE
498,male,group E,high school,free/reduced,FALSE,4.3,7.2,37,92,86,private,TRUE
499,female,group C,high school,standard,FALSE,9.4,8.7,62,78,58,private,
500,male,group B,high school,standard,FALSE,7.7,6.5,79,80,87,public,
501,female,group B,some college,standard,TRUE,4.4,8.9,61,97,86,public,TRUE
502,female,group B,some college,free/reduced,FALSE,10.8,5.5,97,97,62,public,TRUE
503,male,group D,associate degree,,TRUE,19,,78,87,70,private,TRUE
504,female,group A,high school,free/reduced,TRUE,,6.3,69,78,64,private,TRUE
505,female,group E,high school,standard,FALSE,6.5,8.3,87,67,88,public,TRUE
506,male,group E,,free/reduced,TRUE,,5.7,83,62,70,public,TRUE
507,male,group D,high school,free/reduced,TRUE,5.3,8.3,64,72,56,public,TRUE
508,male,group B,some college,free/reduced,TRUE,8.7,6,55,71,79,public,TRUE
509,female,group E,high school,standard,FALSE,9.1,5,74,86,83,public,TRUE
510,male,group D,some college,free/reduced,FALSE,3,5.9,50,76,61,public,TRUE
511,male,group C,bachelor degree,standard,FALSE,11,7.8,68,69,88,private,FALSE
512,female,group D,associate degree,standard,FALSE,6.3,,77,61,81,private,TRUE
513,male,group C,high school,free/reduced,FALSE,9,7.9,59,65,55,public,TRUE
514,female,group B,some college,standard,TRUE,5.1,4.7,61,70,77,public,TRUE
515,male,group B,master degree,free/reduced,FALSE,13,6.6,38,67,87,public,TRUE
516,male,group E,associate degree,standard,FALSE,10.8,,52,62,49,private,FALSE
517,female,group E,high school,standard,FALSE,,8.6,86,57,62,public,TRUE
518,male,group E,some college,free/reduced,TRUE,9.8,7.1,70,49,60,public,TRUE
519,male,group C,bachelor degree,free/reduced,FALSE,10.7,8.8,68,,81,public,TRUE
520,male,group D,bachelor degree,standard,FALSE,,7.3,39,65,55,public,TRUE
521,male,group C,associate degree,standard,FALSE,9.5,7.6,45,59,52,international,TRUE
522,male,group C,some college,standard,FALSE,7.9,7.6,61,79,68,public,TRUE
523,male,group C,high school,standard,TRUE,2.7,8.6,67,66,78,private,TRUE
524,male,group C,bachelor degree,free/reduced,FALSE,8,6.6,70,94,81,international,TRUE
525,female,group E,bachelor degree,standard,FALSE,9.3,6.2,59,77,81,public,TRUE
526,female,group A,,standard,FALSE,0,9,74,,52,private,TRUE
527,female,group C,high school,standard,TRUE,16.5,8,84,87,63,public,TRUE
528,female,group C,bachelor degree,free/reduced,FALSE,15.3,7.1,72,62,77,public,TRUE
529,female,group C,associate degree,standard,TRUE,3.1,7.9,73,78,97,public,TRUE
530,male,group E,associate degree,free/reduced,FALSE,8.5,8.8,71,75,83,public,TRUE
531,male,group C,some college,standard,TRUE,6.9,8.7,68,68,81,public,TRUE
532,female,group E,some college,standard,TRUE,7.2,8.1,58,74,77,international,TRUE
533,male,group B,bachelor degree,standard,TRUE,11.3,7.3,52,67,87,private,TRUE
534,female,group B,master degree,standard,FALSE,17.3,5.7,70,99,68,public,TRUE
535,male,group E,high school,free/reduced,TRUE,10.4,,83,63,79,public,TRUE
536,female,group E,master degree,standard,FALSE,12.1,5.9,100,69,69,public,TRUE
537,female,group E,high school,free/reduced,FALSE,11.2,8.3,86,71,70,private,TRUE
538,male,group A,some college,standard,FALSE,10.7,4.8,83,66,77,public,TRUE
539,female,group A,high school,free/reduced,FALSE,14.5,8.3,40,85,60,private,TRUE
540,female,group B,high school,free/reduced,TRUE,6.2,7.3,72,82,82,private,TRUE
541,male,group C,high school,free/reduced,TRUE,6,4.7,100,,78,public,TRUE
542,male,group E,bachelor degree,standard,TRUE,3.9,7.1,51,66,54,public,TRUE
543,female,group A,high school,standard,TRUE,11.4,6.7,73,68,50,private,TRUE
544,male,group C,high school,free/reduced,TRUE,11.3,7.5,47,73,81,public,TRUE
545,female,group C,some college,free/reduced,TRUE,7.9,7,84,100,79,public,TRUE
546,female,group B,bachelor degree,free/reduced,TRUE,3.4,5.7,87,74,72,private,TRUE
547,male,group B,some college,free/reduced,FALSE,22.8,6.6,97,67,90,public,TRUE
548,male,group E,high school,standard,TRUE,3.8,8.9,76,55,76,international,TRUE
549,male,group E,master degree,free/reduced,TRUE,12.7,,47,73,86,public,TRUE
550,male,group D,bachelor degree,free/reduced,TRUE,12.2,7.6,46,70,66,international,TRUE
551,male,group E,some college,standard,TRUE,,8.7,83,65,78,public,TRUE
552,male,group C,some college,standard,FALSE,3.1,8.2,85,88,100,private,TRUE
553,male,group E,associate degree,standard,FALSE,5.4,6.8,68,61,66,public,TRUE
554,male,group B,bachelor degree,standard,FALSE,1.8,,75,70,94,public,TRUE
555,male,group E,associate degree,standard,TRUE,11.3,4.5,61,53,67,public,TRUE
556,female,group C,associate degree,free/reduced,FALSE,18.6,7.9,81,66,,public,FALSE
557,male,group D,high school,standard,TRUE,3.3,8.4,76,,59,private,TRUE
558,male,group E,high school,standard,FALSE,,6.3,74,40,67,public,TRUE
559,female,group E,some college,standard,TRUE,14.2,,81,53,,public,TRUE
560,male,group A,bachelor degree,standard,TRUE,16.5,6.6,74,57,74,public,TRUE
561,male,group B,master degree,standard,TRUE,12.9,8.7,60,94,63,public,FALSE
562,female,group C,some college,standard,FALSE,9,7.2,70,62,85,public,TRUE
563,male,group E,high school,standard,TRUE,10.4,5.9,70,49,80,public,FALSE
564,male,group C,high school,free/reduced,TRUE,15.9,9.3,67,53,66,public,TRUE
565,female,group C,high school,standard,FALSE,17.4,8,68,67,90,public,TRUE
566,female,group D,high school,standard,FALSE,15.3,6.4,73,78,74,private,TRUE
567,female,group D,associate degree,standard,FALSE,12.5,5.7,72,84,80,public,
568,male,group C,some college,free/reduced,TRUE,8.8,6.1,64,96,70,private,TRUE
569,male,group B,bachelor degree,free/reduced,TRUE,8.4,8.6,50,69,81,public,TRUE
570,female,group A,,standard,FALSE,6.3,6.3,81,72,85,public,TRUE
571,male,group C,bachelor degree,free/reduced,TRUE,10.3,8.1,53,97,79,private,TRUE
572,male,group D,some college,standard,FALSE,18.3,7.5,100,72,62,public,
573,female,group B,high school,standard,FALSE,11.5,7.8,75,50,73,private,FALSE
574,female,group E,bachelor degree,standard,FALSE,15.8,6.7,60,78,57,public,TRUE
575,male,group C,high school,standard,FALSE,13,8.1,61,98,97,private,TRUE
576,male,group B,associate degree,standard,TRUE,4.9,6.8,82,100,85,public,TRUE
577,female,group B,associate degree,standard,TRUE,16,6.8,76,68,62,public,TRUE
578,female,group A,associate degree,standard,FALSE,9.5,5,68,70,62,public,TRUE
579,female,group D,associate degree,standard,TRUE,,,82,78,88,public,
580,male,group E,master degree,free/reduced,FALSE,7.7,7.5,64,61,51,private,TRUE
581,male,group C,some college,standard,TRUE,8.9,,67,64,94,public,TRUE
582,male,group B,,standard,TRUE,,7.5,74,84,,private,TRUE
583,female,group D,master degree,standard,FALSE,5.8,4.5,48,64,48,private,TRUE
584,female,group D,associate degree,standard,FALSE,10.4,8.9,62,,77,public,TRUE
585,male,group E,master degree,standard,FALSE,8.8,6.8,78,78,60,public,TRUE
586,female,group A,some college,free/reduced,FALSE,20.3,7.4,39,86,73,public,TRUE
587,male,group B,associate degree,standard,FALSE,2.8,8.9,69,78,69,public,TRUE
588,female,group C,high school,free/reduced,FALSE,11.8,7.8,60,93,70,private,TRUE
589,female,group C,bachelor degree,standard,FALSE,10.5,8.6,59,67,67,public,TRUE
590,male,group D,bachelor degree,free/reduced,TRUE,7.5,7,52,55,77,public,TRUE
591,female,group D,bachelor degree,free/reduced,FALSE,0,8,85,72,80,public,FALSE
592,female,group C,bachelor degree,standard,FALSE,2.5,8.2,52,54,90,private,TRUE
593,female,group A,associate degree,standard,TRUE,7,6.8,80,89,67,public,TRUE
594,female,group E,high school,standard,FALSE,,5.7,66,60,89,public,TRUE
595,female,group B,,standard,FALSE,7.6,7.1,49,,72,public,TRUE
596,male,group A,bachelor degree,standard,FALSE,5.2,,56,68,68,private,TRUE
597,female,group A,bachelor degree,standard,FALSE,2.8,7,62,,60,public,TRUE
598,male,group B,high school,standard,TRUE,0,7.1,47,91,69,public,TRUE
599,female,group B,high school,standard,FALSE,3.5,7.5,79,,65,private,FALSE
600,female,group D,some college,standard,TRUE,5.3,8.7,58,62,86,public,TRUE
601,female,group C,master degree,standard,FALSE,7.9,7.6,54,49,76,public,TRUE
602,male,group D,master degree,standard,TRUE,10.8,8.4,68,84,85,public,
603,female,group D,high school,free/reduced,TRUE,11.1,10.5,59,63,,public,TRUE
604,female,group B,associate degree,free/reduced,TRUE,5.4,6.9,69,62,93,public,FALSE
605,male,group E,master degree,standard,TRUE,13.6,7.6,81,77,,public,TRUE
606,female,group B,some college,free/reduced,TRUE,,7.5,91,91,81,public,TRUE
607,female,group E,bachelor degree,free/reduced,TRUE,7.6,6,71,92,81,international,TRUE
608,male,group A,some college,free/reduced,TRUE,3.8,9.5,50,77,54,public,TRUE
609,female,group E,high school,standard,TRUE,2.9,7.7,100,64,94,public,TRUE
610,female,group D,master degree,standard,FALSE,4.5,6.9,72,88,96,private,TRUE
611,female,group B,some college,standard,TRUE,,6.7,100,93,77,public,
612,female,group D,some college,standard,FALSE,17.3,6.4,100,53,58,international,TRUE
613,male,group C,,standard,TRUE,6.3,4.9,67,55,60,public,TRUE
614,male,group D,some college,standard,TRUE,11.4,6.2,98,100,78,public,TRUE
615,female,group A,some college,free/reduced,FALSE,4.4,9.5,72,80,62,public,TRUE
616,female,group C,high school,standard,TRUE,0.8,8.1,70,88,90,private,TRUE
617,female,group C,high school,standard,TRUE,9.9,6.2,66,79,71,public,TRUE
618,male,group E,some college,standard,TRUE,5.9,5.1,72,49,,public,TRUE
619,female,group D,master degree,standard,TRUE,11,6.5,62,70,75,public,TRUE
620,female,group B,associate degree,standard,TRUE,13.8,,60,61,71,public,TRUE
621,male,group A,bachelor degree,standard,TRUE,12.6,7.1,69,66,74,private,TRUE
622,female,group A,bachelor degree,standard,TRUE,6,7.6,63,85,65,private,TRUE
623,male,group C,bachelor degree,free/reduced,FALSE,13.6,4.5,73,62,77,private,TRUE
624,female,group B,some college,standard,FALSE,3,6,65,,96,international,TRUE
625,female,group C,some college,standard,TRUE,12.8,4,60,62,64,public,TRUE
626,female,group C,some college,free/reduced,TRUE,11.7,5.9,69,77,91,public,TRUE
627,female,group D,associate degree,standard,FALSE,20.4,5.5,46,100,66,public,TRUE
628,male,group C,high school,standard,FALSE,0,3.1,82,58,,public,TRUE
629,female,group C,high school,standard,TRUE,3.8,10.9,53,71,71,public,FALSE
630,male,group D,bachelor degree,standard,TRUE,,8.1,71,82,80,international,TRUE
631,male,group C,bachelor degree,free/reduced,FALSE,9.6,6,37,63,84,public,TRUE
632,male,group C,,free/reduced,FALSE,8.6,7.7,69,75,50,public,TRUE
633,male,group A,high school,free/reduced,TRUE,7.3,8.7,28,65,82,public,TRUE
634,male,group D,some college,standard,FALSE,7.1,5,71,72,71,private,TRUE
635,male,group D,high school,standard,FALSE,13.5,4.8,69,84,55,international,TRUE
636,male,group E,high school,,FALSE,5.7,6.6,60,59,48,public,TRUE
637,female,group C,bachelor degree,standard,FALSE,12.3,5.9,75,86,78,international,TRUE
638,female,group C,associate degree,standard,FALSE,13.9,9.5,69,89,71,public,
639,male,group C,high school,free/reduced,TRUE,16.9,5.7,57,74,74,public,TRUE
640,female,group D,bachelor degree,standard,FALSE,15.7,5.3,58,100,96,public,TRUE
641,male,group B,high school,free/reduced,FALSE,9,7.6,62,95,50,public,TRUE
642,female,group C,high school,free/reduced,FALSE,10.8,7,76,65,67,public,TRUE
643,male,group A,some college,standard,TRUE,6.6,6.4,94,73,64,public,
644,female,group C,bachelor degree,free/reduced,FALSE,3,6.6,58,74,49,public,TRUE
645,male,group D,high school,standard,FALSE,12.1,,64,54,64,public,TRUE
646,female,group C,associate degree,free/reduced,FALSE,4.5,9.4,84,75,72,public,TRUE
647,female,group E,some college,standard,FALSE,11.2,7.7,44,73,70,public,TRUE
648,female,group C,bachelor degree,standard,FALSE,11,9.5,91,64,49,public,FALSE
649,male,group D,some college,standard,FALSE,1,10.6,56,79,71,public,TRUE
650,female,group A,,free/reduced,TRUE,8.2,8.5,60,70,79,public,TRUE
651,male,group C,bachelor degree,standard,FALSE,8.6,6.7,54,74,,public,TRUE
652,female,group C,bachelor degree,standard,TRUE,3.9,7.4,71,66,92,private,FALSE
653,male,group A,some college,free/reduced,FALSE,15.3,,87,74,,public,TRUE
654,male,group A,associate degree,standard,TRUE,6.6,7,74,65,75,private,TRUE
655,male,group C,high school,free/reduced,TRUE,6.4,7.3,62,83,74,international,TRUE
656,female,group A,high school,standard,FALSE,4.6,8.9,50,79,70,international,TRUE
657,male,group A,high school,standard,TRUE,15.7,6,76,74,46,international,TRUE
658,male,group E,high school,free/reduced,TRUE,4.8,8,79,43,69,public,TRUE
659,female,group A,high school,free/reduced,FALSE,9.3,6.8,68,80,65,public,TRUE
660,female,group D,high school,free/reduced,TRUE,4.1,5.1,37,,92,international,TRUE
661,male,group C,some college,standard,FALSE,16,7,93,,94,international,FALSE
662,male,group D,master degree,standard,FALSE,11.6,7.1,89,74,93,public,TRUE
663,female,group E,high school,standard,FALSE,11.1,8.7,26,61,89,public,TRUE
664,female,group E,bachelor degree,free/reduced,TRUE,8.6,7.5,66,42,67,international,TRUE
665,female,group E,some college,standard,FALSE,0.2,6.4,57,70,79,public,TRUE
666,male,group C,some college,standard,FALSE,0,9.4,39,86,90,public,TRUE
667,male,group B,bachelor degree,standard,FALSE,10.4,9.2,48,76,79,private,TRUE
668,male,group C,,standard,FALSE,11.6,8.3,54,80,95,public,TRUE
669,female,group E,bachelor degree,free/reduced,FALSE,16.7,8,89,94,89,international,TRUE
670,male,group D,high school,standard,FALSE,0,8.5,60,69,66,international,TRUE
671,female,group A,high school,standard,TRUE,10.7,7.8,63,,67,public,TRUE
672,female,group C,associate degree,standard,FALSE,4.5,6,73,85,75,public,TRUE
673,female,group A,master degree,standard,TRUE,2.4,,61,39,65,public,TRUE
674,male,group D,master degree,standard,FALSE,7.7,4.6,59,74,,international,FALSE
675,female,group A,,,FALSE,13.9,4.6,67,53,70,public,TRUE
676,female,group E,high school,standard,FALSE,15.8,7.5,69,,64,public,TRUE
677,female,group E,high school,free/reduced,TRUE,5.3,7.5,75,,55,private,TRUE
678,male,group C,high school,standard,FALSE,6.3,5.9,60,61,45,private,TRUE
679,female,group E,bachelor degree,standard,TRUE,1.9,,49,66,76,public,TRUE
680,female,group E,some college,free/reduced,FALSE,8.2,8.3,62,72,68,private,FALSE
681,female,group E,associate degree,standard,TRUE,11.7,7.6,70,76,45,international,FALSE
682,male,group C,high school,standard,FALSE,7.5,9.2,44,62,100,public,TRUE
683,male,group D,bachelor degree,,TRUE,5.9,8,51,80,86,private,TRUE
684,male,group B,bachelor degree,standard,FALSE,,7.9,61,82,84,public,FALSE
685,male,group C,associate degree,standard,FALSE,17.1,7.5,69,83,60,public,TRUE
686,female,group E,bachelor degree,standard,FALSE,6.6,7.9,63,45,93,public,TRUE
687,female,group C,associate degree,standard,FALSE,1.1,6.5,49,63,91,public,TRUE
688,male,group B,high school,free/reduced,FALSE,11.1,,82,49,78,private,TRUE
689,male,group D,high school,standard,TRUE,8.6,,87,62,64,public,
690,male,group B,high school,free/reduced,TRUE,17.7,7.1,61,76,,public,TRUE
691,male,group B,high school,standard,FALSE,6.2,6.4,63,74,,private,TRUE
692,male,group C,,free/reduced,FALSE,10.2,5.9,72,61,55,public,TRUE
693,male,group C,some college,free/reduced,TRUE,18.2,7.9,64,,63,public,TRUE
694,male,group A,bachelor degree,free/reduced,FALSE,8.6,9.6,71,88,73,public,TRUE
695,male,group C,bachelor degree,standard,FALSE,4.1,6.1,76,97,100,private,TRUE
696,female,group A,high school,standard,TRUE,16.4,5.9,59,100,62,public,TRUE
697,female,group B,,free/reduced,TRUE,7.3,8.2,86,97,,public,TRUE
698,male,group C,high school,standard,FALSE,7.5,6.3,64,74,81,public,TRUE
699,male,group B,high school,standard,FALSE,4.8,6.5,49,56,35,international,FALSE
700,female,group A,high school,,TRUE,10.8,5.7,61,73,69,public,FALSE
701,male,group C,,free/reduced,FALSE,5.4,6.3,41,60,54,private,TRUE
702,female,group A,bachelor degree,standard,FALSE,13.8,7.9,78,70,53,public,TRUE
703,female,group B,bachelor degree,free/reduced,FALSE,16.5,8.5,86,70,82,public,TRUE
704,female,group D,bachelor degree,standard,TRUE,20.1,6.3,77,75,72,public,TRUE
705,female,group B,master degree,standard,FALSE,11.8,8,46,51,53,public,TRUE
706,female,group D,high school,standard,TRUE,9.7,6.1,41,66,50,public,
707,female,group A,bachelor degree,free/reduced,FALSE,12.3,6.6,76,58,79,private,TRUE
708,male,group C,high school,standard,TRUE,12.6,9,75,100,65,public,FALSE
709,male,group C,bachelor degree,free/reduced,FALSE,,7.3,100,54,87,public,FALSE
710,female,group E,high school,standard,FALSE,13.8,9.3,59,,67,private,FALSE
711,male,group A,associate degree,standard,TRUE,5.6,8.9,89,100,74,public,TRUE
712,male,group E,associate degree,standard,FALSE,12.1,6.6,66,59,84,public,TRUE
713,male,group E,bachelor degree,standard,FALSE,15.8,3.9,67,69,70,public,TRUE
714,male,group B,high school,standard,FALSE,13.3,8.2,77,78,75,public,TRUE
715,female,group B,bachelor degree,free/reduced,TRUE,10,8.9,73,82,37,public,TRUE
716,male,group E,associate degree,standard,FALSE,4.1,6.1,65,80,71,public,FALSE
717,female,group D,bachelor degree,standard,TRUE,7.7,7.8,60,100,99,public,FALSE
718,female,group E,,free/reduced,FALSE,11.3,9.7,86,70,70,private,TRUE
719,male,group C,high school,standard,FALSE,5.1,7.4,65,43,83,public,TRUE
720,female,group C,high school,standard,FALSE,1.5,6,46,72,71,public,TRUE
721,male,group C,bachelor degree,free/reduced,TRUE,7.5,8,92,,61,public,TRUE
722,female,group D,high school,free/reduced,FALSE,4.8,,40,89,90,public,TRUE
723,female,group C,master degree,free/reduced,FALSE,5,7.1,84,73,79,public,TRUE
724,female,group D,bachelor degree,standard,FALSE,15.5,8.5,51,95,42,public,TRUE
725,female,group D,associate degree,free/reduced,FALSE,10.1,8.2,80,54,79,international,TRUE
726,female,group E,some college,standard,TRUE,5.4,5.3,92,84,67,public,TRUE
727,female,group C,bachelor degree,free/reduced,TRUE,,7.7,64,76,87,public,FALSE
728,male,group A,associate degree,standard,TRUE,18.3,3.5,54,96,79,public,FALSE
729,male,group D,high school,standard,FALSE,7.7,5,85,72,84,public,TRUE
730,male,group D,associate degree,standard,TRUE,,5.7,72,66,,public,TRUE
731,female,group D,bachelor degree,standard,FALSE,0,8.2,74,75,90,international,TRUE
732,female,group C,associate degree,standard,FALSE,8.4,9.3,47,66,91,public,TRUE
733,female,group C,master degree,free/reduced,FALSE,10.5,5.2,65,74,100,public,TRUE
734,female,group E,some college,standard,FALSE,12.2,6.6,53,59,81,international,TRUE
735,female,group D,,standard,TRUE,18.9,7,70,92,,public,
736,male,group B,high school,free/reduced,FALSE,12.5,9,76,95,72,public,TRUE
737,male,group A,associate degree,free/reduced,TRUE,,9.9,79,55,86,international,TRUE
738,male,group B,,standard,TRUE,7.1,,98,79,62,public,FALSE
739,male,group C,high school,free/reduced,FALSE,,6.8,68,51,42,public,TRUE
740,female,group B,,standard,FALSE,,,81,70,75,public,TRUE
741,female,group A,associate degree,standard,TRUE,4.5,,90,53,83,public,TRUE
742,male,group A,bachelor degree,standard,FALSE,11.6,8.5,89,77,77,public,FALSE
743,male,group C,bachelor degree,free/reduced,FALSE,5.7,7.1,74,49,67,private,TRUE
744,male,group C,,free/reduced,FALSE,9.4,7.6,53,74,73,public,TRUE
745,male,group C,bachelor degree,standard,FALSE,4.3,7.2,82,61,55,private,TRUE
746,female,group E,bachelor degree,standard,FALSE,,7.5,74,98,72,public,TRUE
747,female,group C,some college,standard,TRUE,1.6,5.9,70,72,70,private,TRUE
748,male,group A,bachelor degree,standard,FALSE,13.1,6.4,67,77,72,public,TRUE
749,male,group A,associate degree,,TRUE,1,5.1,73,96,62,private,TRUE
750,female,group E,,standard,TRUE,8.7,5,72,,50,international,TRUE
751,female,group B,associate degree,standard,FALSE,11.8,,82,38,60,public,TRUE
752,female,group D,bachelor degree,standard,FALSE,19.3,6.7,64,64,72,public,TRUE
753,male,group A,high school,standard,TRUE,9.7,6.3,91,77,91,public,TRUE
754,male,group E,associate degree,free/reduced,FALSE,15.7,7.6,96,67,60,public,TRUE
755,female,group C,some college,free/reduced,FALSE,,9.1,88,54,64,private,TRUE
756,female,group C,associate degree,standard,FALSE,7.7,8.9,83,,73,public,TRUE
757,male,group B,,free/reduced,FALSE,10.4,6.2,71,77,57,public,TRUE
758,male,group E,associate degree,free/reduced,FALSE,15.1,9.5,69,,67,private,TRUE
759,female,group C,high school,standard,TRUE,10.4,6,92,93,76,public,TRUE
760,male,group D,high school,free/reduced,TRUE,0,5.7,87,63,73,public,TRUE
761,male,group A,master degree,free/reduced,TRUE,9.6,7.2,69,84,77,private,TRUE
762,male,group E,,standard,TRUE,13.9,8.5,85,80,79,international,TRUE
763,male,group B,high school,standard,FALSE,12.1,7.6,86,65,89,private,TRUE
764,female,group D,some college,standard,TRUE,20.3,,75,86,56,public,TRUE
765,female,group E,associate degree,standard,TRUE,,5,53,,64,public,TRUE
766,female,group C,associate degree,standard,FALSE,3.8,5.3,84,63,68,public,TRUE
767,male,group D,bachelor degree,standard,TRUE,0.6,7.3,60,96,79,public,TRUE
768,female,group E,,standard,TRUE,6.5,6.6,75,82,63,public,TRUE
769,female,group D,master degree,standard,FALSE,16.5,7.7,60,63,84,public,TRUE
770,female,group B,some college,standard,FALSE,17.1,6.7,58,61,78,public,TRUE
771,female,group D,,standard,TRUE,12.1,6.2,76,,81,public,TRUE
772,male,group B,bachelor degree,free/reduced,FALSE,20.3,5.7,64,86,64,public,TRUE
773,male,group D,,free/reduced,FALSE,6.6,7.4,66,85,,private,FALSE
774,male,group C,some college,standard,TRUE,13.2,7.4,55,80,,international,TRUE
775,male,group B,bachelor degree,free/reduced,TRUE,15.9,7.7,79,66,69,public,TRUE
776,male,group C,some college,standard,FALSE,10.7,5.6,71,83,48,public,FALSE
777,female,group E,some college,standard,TRUE,3.2,7.2,52,59,65,public,TRUE
778,female,group B,some college,free/reduced,TRUE,,4.5,64,66,52,private,TRUE
779,male,group D,associate degree,standard,TRUE,16.9,,79,73,51,private,TRUE
780,female,group B,master degree,free/reduced,FALSE,9.1,7.8,71,47,64,public,TRUE
781,male,group C,bachelor degree,free/reduced,FALSE,14.4,7.7,100,76,74,public,TRUE
782,female,group E,some college,standard,FALSE,12.3,5.6,62,80,64,private,TRUE
783,female,group B,high school,free/reduced,FALSE,8.4,7.6,76,41,65,public,FALSE
784,male,group B,some college,free/reduced,FALSE,7.7,7.7,48,85,86,international,TRUE
785,male,group C,high school,free/reduced,TRUE,1.3,7.7,98,72,83,public,TRUE
786,male,group C,associate degree,standard,TRUE,13.2,5.8,89,98,61,public,TRUE
787,male,group B,associate degree,standard,FALSE,6.6,6.7,78,59,76,public,
788,female,group D,high school,standard,TRUE,13.7,,85,46,65,public,TRUE
789,female,group A,high school,free/reduced,FALSE,11.8,6.7,55,72,63,public,TRUE
790,male,group A,associate degree,standard,FALSE,13,10.3,94,67,66,private,TRUE
791,female,group A,bachelor degree,free/reduced,FALSE,0,7.3,78,78,66,public,TRUE
792,male,group C,master degree,standard,TRUE,10,7.9,62,70,60,public,TRUE
793,male,group C,associate degree,standard,TRUE,12.3,7.8,60,56,60,public,TRUE
794,female,group C,high school,standard,FALSE,6.6,,78,73,78,public,
795,female,group E,,standard,FALSE,11.4,4.6,100,85,54,international,TRUE
796,male,group B,,standard,FALSE,15.8,6.5,58,60,76,public,TRUE
797,female,group C,associate degree,standard,TRUE,9.8,,58,79,59,public,TRUE
798,female,group C,high school,standard,TRUE,3.8,8,61,68,58,public,TRUE
799,male,group B,high school,free/reduced,FALSE,8.3,5.5,82,61,63,public,
800,male,group B,some college,free/reduced,FALSE,11.7,6.5,79,67,68,private,TRUE
801,female,group B,some college,standard,FALSE,10.9,5.9,92,46,75,public,
802,male,group A,master degree,free/reduced,FALSE,7.8,6.1,72,73,76,public,TRUE
803,female,group B,master degree,standard,TRUE,4.9,9.1,64,40,69,international,TRUE
804,male,group E,some college,standard,FALSE,17.2,,48,65,51,public,TRUE
805,female,group A,high school,standard,FALSE,,6.8,67,55,66,public,TRUE
806,male,group E,,standard,TRUE,,8.2,70,85,62,public,TRUE
807,male,group E,some college,free/reduced,FALSE,14,6.9,94,100,,public,TRUE
808,male,group C,master degree,standard,TRUE,11.3,,57,59,59,public,TRUE
809,male,group C,associate degree,standard,TRUE,14.4,10.3,70,87,,public,TRUE
810,male,group E,,standard,FALSE,7.5,5.4,71,53,70,public,TRUE
811,female,group C,associate degree,standard,TRUE,3.8,6.1,72,86,32,public,TRUE
812,female,group B,associate degree,standard,TRUE,11.4,7.3,73,75,50,public,TRUE
813,female,group A,bachelor degree,standard,FALSE,6.7,9.6,80,62,61,public,TRUE
814,female,group C,high school,free/reduced,TRUE,5,,83,78,72,international,TRUE
815,female,group E,,standard,TRUE,0.8,,73,44,53,international,TRUE
816,female,group E,,standard,TRUE,11.4,10.8,68,72,66,public,TRUE
817,female,group D,bachelor degree,standard,FALSE,,5.7,81,86,57,public,TRUE
818,male,group C,high school,standard,TRUE,14.2,7,51,70,71,public,TRUE
819,male,group E,,standard,FALSE,12,6.5,72,62,61,international,TRUE
820,female,group B,associate degree,standard,FALSE,14.8,8.5,68,98,83,public,TRUE
821,female,group A,some college,standard,TRUE,14.1,9.7,93,67,76,private,TRUE
822,male,group A,high school,standard,TRUE,13.8,,91,69,70,public,FALSE
823,male,group E,some college,standard,TRUE,6.8,5.6,51,100,68,public,TRUE
824,male,group C,high school,standard,FALSE,7.2,6.7,73,85,88,public,TRUE
825,female,group E,some college,standard,TRUE,20.2,5.3,59,78,64,public,TRUE
826,female,group D,master degree,free/reduced,TRUE,,6.1,75,60,26,public,TRUE
827,male,group D,some college,free/reduced,FALSE,7.7,5.9,81,65,61,public,TRUE
828,female,group D,bachelor degree,standard,TRUE,,5.2,63,82,84,international,TRUE
829,male,group A,high school,standard,FALSE,4,7.3,70,70,79,public,
830,female,group A,high school,standard,TRUE,17,8.3,77,74,81,private,TRUE
831,female,group E,high school,standard,FALSE,22.1,9.5,65,66,61,public,TRUE
832,male,group A,bachelor degree,standard,FALSE,4,7.8,59,74,74,public,
833,male,group A,bachelor degree,standard,TRUE,16.4,8,53,80,61,public,TRUE
834,male,group B,bachelor degree,,TRUE,9.2,9.1,94,67,98,international,FALSE
835,male,group C,high school,standard,FALSE,10.3,,76,69,,public,TRUE
836,male,group B,some college,free/reduced,FALSE,,6.3,68,90,67,public,TRUE
837,female,group D,high school,standard,FALSE,3.9,6.4,78,,89,public,TRUE
838,female,group B,bachelor degree,standard,TRUE,17.9,5.9,82,74,81,private,TRUE
839,female,group A,bachelor degree,free/reduced,FALSE,18.1,6.9,97,72,59,private,FALSE
840,male,group B,high school,standard,TRUE,12.4,8.1,69,89,67,public,TRUE
841,male,group C,,standard,FALSE,5.9,6.8,99,56,73,public,TRUE
842,female,group C,high school,standard,FALSE,4.3,6.4,100,65,61,public,TRUE
843,female,group C,bachelor degree,,FALSE,4.2,9.4,82,73,89,public,TRUE
844,male,group B,bachelor degree,standard,FALSE,8,8.7,77,76,55,international,TRUE
845,male,group C,,standard,TRUE,4.9,7.3,80,76,95,public,TRUE
846,female,group B,bachelor degree,free/reduced,FALSE,7.5,5.7,84,71,71,public,TRUE
847,female,group B,associate degree,standard,TRUE,9.5,,77,68,70,public,TRUE
848,female,group A,high school,free/reduced,FALSE,9.2,5.2,74,71,90,public,FALSE
849,male,group E,high school,standard,TRUE,8.6,8.1,57,70,80,public,TRUE
850,female,group E,bachelor degree,free/reduced,FALSE,15.1,5.9,78,55,,international,TRUE
851,female,group A,,standard,FALSE,9,6.4,77,61,77,public,TRUE
852,male,group C,high school,standard,FALSE,8.9,7.3,63,,88,public,TRUE
853,male,group E,high school,standard,TRUE,,9,41,68,67,public,TRUE
854,female,group B,bachelor degree,standard,FALSE,4.4,8.6,68,69,73,public,TRUE
855,female,group D,high school,standard,FALSE,19.9,9.8,69,67,91,public,TRUE
856,female,group B,,,FALSE,12.7,6.9,59,68,80,public,TRUE
857,female,group C,some college,free/reduced,FALSE,9.9,7.1,70,,88,public,FALSE
858,male,group D,associate degree,standard,TRUE,8.8,,52,64,87,public,TRUE
859,male,group A,associate degree,free/reduced,TRUE,13.9,5.3,45,100,89,public,TRUE
860,male,group C,high school,standard,FALSE,,6.2,54,70,83,public,TRUE
861,female,group B,some college,standard,TRUE,10.5,6.5,73,70,71,public,TRUE
862,female,group E,some college,standard,FALSE,5.1,7.9,57,63,96,public,TRUE
863,male,group C,associate degree,standard,TRUE,12.8,7.8,65,78,86,international,FALSE
864,male,group C,some college,standard,TRUE,9.4,5.5,56,80,57,public,TRUE
865,female,group C,,free/reduced,FALSE,0.5,7.5,84,,87,international,TRUE
866,female,group A,high school,standard,TRUE,8.3,6.5,61,60,40,public,TRUE
867,female,group C,bachelor degree,standard,FALSE,11.2,6.6,57,,73,public,TRUE
868,male,group D,bachelor degree,free/reduced,TRUE,8.5,,72,71,79,private,TRUE
869,female,group C,high school,free/reduced,FALSE,16,6.7,28,81,84,public,TRUE
870,female,group E,high school,standard,FALSE,11.4,4,80,57,48,private,FALSE
871,male,group D,master degree,standard,FALSE,10.5,7.4,69,80,59,private,TRUE
872,male,group C,high school,standard,FALSE,9.4,8.8,46,,63,public,TRUE
873,male,group A,high school,free/reduced,TRUE,3.8,5.8,66,66,52,public,TRUE
874,male,group D,high school,free/reduced,FALSE,13.3,7.7,66,50,100,public,TRUE
875,female,group D,bachelor degree,standard,FALSE,9.8,3.4,75,60,77,public,TRUE
876,female,group E,high school,,TRUE,2.7,9,80,63,60,public,FALSE
877,male,group B,high school,,FALSE,8.1,6,85,75,81,public,TRUE
878,male,group B,associate degree,standard,TRUE,9.3,8.8,91,,67,public,TRUE
879,male,group A,bachelor degree,free/reduced,FALSE,10.3,8.5,90,60,59,international,TRUE
880,female,group B,associate degree,free/reduced,TRUE,12.4,8.5,81,59,72,public,TRUE
881,male,group D,high school,free/reduced,TRUE,14.7,6.8,70,59,74,public,TRUE
882,male,group C,master degree,standard,TRUE,9.9,7.3,84,75,84,international,TRUE
883,male,group D,bachelor degree,free/reduced,TRUE,15.3,8.6,46,55,69,public,TRUE
884,male,group B,high school,free/reduced,TRUE,,7.8,80,79,64,public,TRUE
885,male,group A,associate degree,free/reduced,FALSE,9.5,5.6,65,76,75,public,TRUE
886,female,group E,associate degree,,TRUE,5.3,6.6,100,63,80,public,TRUE
887,male,group A,high school,free/reduced,TRUE,4.1,8.2,81,,62,public,TRUE
888,male,group E,bachelor degree,standard,FALSE,7.5,6.7,83,71,93,private,TRUE
889,female,group B,associate degree,free/reduced,FALSE,16,6.2,88,42,97,public,TRUE
890,female,group D,associate degree,standard,TRUE,11.9,7.3,86,43,55,international,TRUE
891,male,group E,bachelor degree,free/reduced,TRUE,17.1,7.3,63,44,71,private,TRUE
892,male,group C,associate degree,standard,FALSE,5.3,7.7,38,68,89,private,TRUE
893,male,group D,master degree,standard,FALSE,6.2,6.4,93,64,85,public,
894,male,group E,high school,standard,FALSE,19.6,7.7,61,,60,public,TRUE
895,female,group B,master degree,standard,TRUE,,8.4,80,93,57,private,TRUE
896,male,group E,some college,standard,TRUE,13.2,9.9,59,74,52,private,TRUE
897,male,group E,associate degree,standard,TRUE,6.1,7.7,90,69,57,international,TRUE
898,male,group B,,standard,FALSE,2.9,7.5,82,58,73,private,TRUE
899,female,group B,high school,standard,FALSE,14,8.7,66,80,60,public,TRUE
900,male,group B,some college,free/reduced,FALSE,4.4,6.4,91,,49,public,TRUE
901,female,group E,associate degree,free/reduced,TRUE,1.3,6.1,41,97,75,public,TRUE
902,female,group C,high school,standard,FALSE,0.4,7.4,69,60,65,international,TRUE
903,female,group A,associate degree,free/reduced,FALSE,9.1,9.6,77,,64,public,TRUE
904,male,group B,high school,standard,TRUE,11.3,6.8,100,54,61,public,
905,male,group A,some college,standard,TRUE,,7.1,56,67,58,public,FALSE
906,female,group D,bachelor degree,standard,TRUE,5.9,5.7,77,56,48,public,TRUE
907,male,group D,high school,free/reduced,FALSE,8.9,5.5,55,79,58,international,TRUE
908,female,group A,associate degree,standard,FALSE,12.9,5.4,64,56,,international,TRUE
909,male,group A,some college,free/reduced,FALSE,8.5,10,36,69,75,private,TRUE
910,male,group C,bachelor degree,free/reduced,FALSE,3.8,8.6,77,,78,public,TRUE
911,male,group E,associate degree,standard,FALSE,8.8,8.1,68,75,76,public,TRUE
912,male,group B,high school,free/reduced,FALSE,0,,74,86,48,international,FALSE
913,male,group D,bachelor degree,free/reduced,TRUE,8.3,9.2,73,64,89,public,TRUE
914,female,group C,bachelor degree,standard,TRUE,17.1,5.8,67,82,66,public,TRUE
915,female,group C,some college,standard,TRUE,5,7.8,71,78,,public,TRUE
916,male,group C,associate degree,standard,FALSE,8.9,7.4,62,81,64,public,TRUE
917,female,group A,bachelor degree,standard,FALSE,11.5,6.3,79,65,81,public,TRUE
918,male,group A,master degree,,TRUE,16.6,5.4,87,,96,private,TRUE
919,female,group C,high school,standard,TRUE,15.9,9,73,85,53,international,TRUE
920,male,group B,bachelor degree,,FALSE,,6.4,74,83,93,international,TRUE
921,female,group D,high school,standard,TRUE,11.1,7.1,100,79,77,international,TRUE
922,male,group C,master degree,standard,FALSE,13.6,8.4,71,82,71,public,TRUE
923,male,group D,some college,free/reduced,FALSE,10.3,4.8,66,82,75,public,TRUE
924,male,group D,associate degree,standard,TRUE,6.5,6.6,94,78,69,private,TRUE
925,male,group E,high school,standard,FALSE,14.8,8.2,57,80,57,public,TRUE
926,female,group A,master degree,free/reduced,TRUE,12.1,8.2,52,82,74,public,FALSE
927,male,group C,some college,standard,TRUE,8.8,4.9,55,87,75,public,TRUE
928,female,group B,bachelor degree,standard,FALSE,8.9,6.7,62,64,,public,FALSE
929,male,group D,some college,,TRUE,,8.9,52,67,69,private,TRUE
930,female,group A,high school,free/reduced,TRUE,16,8.9,67,67,91,private,FALSE
931,female,group E,high school,standard,TRUE,15.9,6.6,73,56,80,private,TRUE
932,male,group A,high school,standard,FALSE,,7.3,58,72,100,private,TRUE
933,male,group E,high school,standard,FALSE,11.1,10,98,51,92,international,TRUE
934,male,group E,associate degree,standard,TRUE,14.3,6.9,100,64,62,public,TRUE
935,male,group D,high school,standard,TRUE,6.5,8.7,43,71,60,public,TRUE
936,male,group B,master degree,standard,TRUE,11.4,7.5,72,54,77,public,TRUE
937,female,group C,,free/reduced,TRUE,8.4,7.9,35,61,76,private,TRUE
938,male,group C,bachelor degree,free/reduced,FALSE,12.4,7,86,,60,public,TRUE
939,male,group B,associate degree,standard,TRUE,9.2,9.1,68,67,57,public,TRUE
940,male,group E,bachelor degree,standard,FALSE,6.6,9.2,66,73,58,private,TRUE
941,female,group A,some college,standard,TRUE,7.7,9.8,56,82,79,public,FALSE
942,male,group B,associate degree,free/reduced,TRUE,4,7.9,66,76,68,public,FALSE
943,female,group E,some college,standard,FALSE,7.1,6.4,82,,87,private,TRUE
944,female,group C,high school,free/reduced,FALSE,5.2,6.4,64,30,69,private,TRUE
945,female,group B,high school,standard,TRUE,7,9.3,51,100,97,public,TRUE
946,male,group B,,free/reduced,FALSE,7.5,8.2,69,,69,public,TRUE
947,female,group A,high school,standard,FALSE,11.9,8.1,55,54,76,international,TRUE
948,female,group E,bachelor degree,free/reduced,FALSE,13.1,4.5,100,57,72,public,TRUE
949,female,group A,high school,standard,TRUE,12.1,7,62,82,73,public,FALSE
950,male,group D,associate degree,standard,FALSE,4.9,6.9,70,67,76,public,
951,female,group B,master degree,standard,TRUE,6,4.2,69,58,65,private,TRUE
952,female,group A,associate degree,standard,TRUE,12.8,9.1,58,88,84,private,TRUE
953,female,group D,associate degree,free/reduced,FALSE,13,8.8,45,95,,public,TRUE
954,female,group C,some college,standard,TRUE,14.2,8.2,46,68,70,public,TRUE
955,male,group A,master degree,free/reduced,TRUE,5.3,6.1,69,52,92,public,TRUE
956,female,group C,master degree,standard,TRUE,10.1,7.4,66,54,,public,FALSE
957,female,group E,bachelor degree,standard,FALSE,10.5,8.7,55,61,66,private,TRUE
958,male,group A,master degree,free/reduced,FALSE,8.8,6.4,76,42,96,public,TRUE
959,male,group B,associate degree,free/reduced,TRUE,1.6,6.2,58,76,70,public,TRUE
960,female,group C,,free/reduced,FALSE,9.4,7.4,82,,66,public,TRUE
961,female,group C,bachelor degree,free/reduced,FALSE,9.8,6.2,54,71,66,public,TRUE
962,male,group E,some college,standard,TRUE,3.8,6.9,64,66,71,public,
963,male,group A,associate degree,standard,FALSE,12.2,7.3,69,65,97,public,TRUE
964,female,group B,,standard,TRUE,8,7.4,59,64,76,public,TRUE
965,female,group D,some college,standard,TRUE,18.4,9.6,86,63,54,private,TRUE
966,male,group D,high school,standard,FALSE,4.4,6.7,61,66,79,public,TRUE
967,female,group D,high school,free/reduced,FALSE,8,5.7,85,,69,private,TRUE
968,male,group B,some college,free/reduced,TRUE,12.3,8.5,84,73,81,public,TRUE
969,male,group B,some college,standard,FALSE,20.8,6.3,75,71,77,public,TRUE
970,female,group E,high school,free/reduced,FALSE,9.9,7.9,94,55,98,public,TRUE
971,female,group B,some college,free/reduced,TRUE,7.6,3.2,90,82,59,public,TRUE
972,male,group A,associate degree,free/reduced,FALSE,10.5,5.1,66,71,82,public,TRUE
973,male,group A,some college,free/reduced,FALSE,10,6.4,70,80,100,private,TRUE
974,female,group B,,standard,FALSE,11.6,8.4,65,34,77,public,TRUE
975,male,group E,bachelor degree,standard,TRUE,10.3,4,67,69,62,private,TRUE
976,male,group E,,standard,TRUE,11.3,5.7,90,59,49,public,TRUE
977,female,group B,bachelor degree,free/reduced,FALSE,18.8,7.8,70,88,,public,FALSE
978,female,group C,high school,standard,FALSE,8.6,7.3,66,89,60,international,TRUE
979,male,group C,,standard,FALSE,7.9,7.1,88,71,49,public,TRUE
980,male,group E,some college,standard,FALSE,0,4.1,78,50,76,public,TRUE
981,female,group C,bachelor degree,free/reduced,FALSE,7.8,6,94,90,76,public,FALSE
982,female,group B,master degree,standard,FALSE,13.1,5.5,76,72,52,public,TRUE
983,female,group D,master degree,standard,FALSE,15.7,6.3,55,73,70,public,TRUE
984,male,group B,some college,standard,FALSE,7.4,5.7,88,58,73,public,TRUE
985,male,group B,some college,standard,TRUE,8.4,,60,77,55,private,TRUE
986,male,group D,associate degree,standard,FALSE,12.1,7,45,77,69,public,TRUE
987,male,group E,high school,standard,FALSE,7,9.6,91,65,79,private,TRUE
988,male,group C,,,FALSE,12.9,9.8,57,79,89,public,TRUE
989,male,group B,high school,standard,TRUE,10.3,6.5,46,68,67,public,
990,female,group B,associate degree,free/reduced,TRUE,6.2,4.6,55,79,95,public,
991,male,group D,high school,free/reduced,FALSE,12.1,,79,66,91,private,TRUE
992,male,group E,some college,standard,TRUE,8,6.3,59,72,76,public,FALSE
993,female,group B,high school,standard,TRUE,16.2,7.4,56,,89,public,TRUE
994,male,group D,bachelor degree,free/reduced,FALSE,0.3,7.6,69,93,82,public,TRUE
995,male,group B,bachelor degree,free/reduced,FALSE,8.5,,74,79,78,public,TRUE
996,female,group B,high school,free/reduced,FALSE,9.7,7.6,46,80,,public,TRUE
997,male,group E,master degree,standard,FALSE,3.4,5.3,67,62,100,public,TRUE
998,female,group B,,standard,TRUE,13.5,6,77,73,,public,TRUE
999,male,group E,bachelor degree,standard,FALSE,12.5,,83,66,69,public,TRUE
1000,female,group C,master degree,standard,TRUE,13.6,6.8,77,75,78,public,TRUE
1001,male,group E,associate degree,free/reduced,TRUE,16.8,8.4,86,86,81,public,
1002,male,group E,bachelor degree,free/reduced,FALSE,6.6,8,80,100,71,private,TRUE
1003,female,group C,associate degree,standard,FALSE,11.5,6.5,62,50,62,public,TRUE
1004,male,group C,bachelor degree,standard,FALSE,14.7,6.4,81,75,48,public,FALSE
1005,male,group E,some college,standard,FALSE,7.1,7.9,78,62,75,public,TRUE
1006,male,group E,high school,standard,TRUE,10,6.2,76,59,55,public,TRUE
1007,female,group C,,standard,FALSE,14.2,7.9,66,51,56,public,FALSE
1008,male,group B,some college,free/reduced,FALSE,6.7,6.5,92,68,85,private,TRUE
1009,male,group E,high school,standard,TRUE,16.8,4.3,83,77,57,private,TRUE
1010,female,group A,associate degree,standard,TRUE,10.3,7.8,69,60,71,public,TRUE
1011,male,group B,high school,standard,FALSE,4,9.7,79,50,67,public,TRUE
1012,male,group E,some college,standard,FALSE,20.5,8.6,68,75,100,public,TRUE
1013,female,group C,high school,standard,FALSE,12.6,8,38,89,83,private,TRUE
1014,female,group B,high school,standard,TRUE,13.9,7.7,80,65,81,public,TRUE
1015,female,group A,bachelor degree,standard,TRUE,6.7,7.3,74,100,63,public,TRUE
1016,female,group D,high school,free/reduced,FALSE,,4,43,,63,private,FALSE
1017,female,group D,,free/reduced,FALSE,4.8,6,64,59,,private,TRUE
1018,female,group B,high school,standard,TRUE,13.7,,74,75,89,public,TRUE
1019,male,group A,some college,standard,FALSE,,5.8,74,78,70,public,TRUE
1020,female,group B,some college,standard,TRUE,7.4,4.9,62,,74,private,TRUE
1021,male,group D,associate degree,free/reduced,TRUE,8,5.6,88,70,72,public,FALSE
1022,male,group D,associate degree,standard,TRUE,12.5,8.5,39,72,67,private,TRUE
1023,male,group D,some college,standard,FALSE,6.6,6.8,84,65,100,private,TRUE
1024,male,group A,associate degree,standard,FALSE,11.9,8.4,68,64,78,international,TRUE
1025,female,group D,master degree,standard,FALSE,,7.1,50,76,74,private,TRUE
1026,male,group C,associate degree,standard,FALSE,8.1,7.7,81,63,71,public,TRUE
1027,male,group B,high school,standard,TRUE,10.5,,66,66,81,public,TRUE
1028,female,group C,,,FALSE,6.4,7.9,74,68,58,public,TRUE
1029,female,group D,bachelor degree,free/reduced,TRUE,,9.5,73,89,,public,
1030,female,group D,some college,free/reduced,TRUE,15.5,7.1,61,96,59,public,TRUE
1031,female,group B,some college,standard,FALSE,5.1,4.4,51,71,54,public,TRUE
1032,male,group D,some college,free/reduced,FALSE,,,48,73,59,public,TRUE
1033,male,group C,high school,standard,TRUE,19.5,8.3,37,81,66,public,FALSE
1034,male,group E,high school,standard,FALSE,12.8,8.7,64,65,70,public,TRUE
1035,male,group B,bachelor degree,free/reduced,FALSE,6.9,,89,90,59,private,TRUE
1036,male,group D,associate degree,standard,FALSE,2.8,7.1,70,68,65,private,TRUE
1037,male,group B,master degree,standard,FALSE,5.8,5.3,68,43,,public,TRUE
1038,male,group E,some college,standard,FALSE,,7.5,69,71,78,public,TRUE
1039,female,group D,master degree,free/reduced,TRUE,3.4,,58,80,70,private,FALSE
1040,male,group C,bachelor degree,standard,TRUE,12.2,8.2,50,44,85,public,TRUE
1041,male,group C,,standard,TRUE,17.1,8.3,77,77,88,private,TRUE
1042,female,group C,associate degree,standard,FALSE,10.3,8.5,74,78,63,public,TRUE
1043,male,group E,high school,standard,TRUE,20,6.1,45,68,,public,TRUE
1044,female,group D,some college,standard,TRUE,9.6,6.5,77,68,53,public,FALSE
1045,female,group C,bachelor degree,standard,FALSE,8.7,,73,53,96,public,TRUE
1046,female,group E,bachelor degree,standard,FALSE,8.1,6.2,77,52,,public,TRUE
1047,female,group D,some college,standard,TRUE,,8.1,73,63,55,private,TRUE
1048,male,group C,high school,standard,FALSE,16.1,7.9,72,86,75,public,TRUE
1049,male,group C,high school,standard,FALSE,3.7,,78,55,78,public,TRUE
1050,male,group E,,standard,TRUE,10.1,7.2,73,65,,international,FALSE
1051,male,group E,master degree,standard,FALSE,12.1,,70,51,64,public,TRUE
1052,female,group B,high school,free/reduced,TRUE,14.7,9.1,44,65,74,public,TRUE
1053,female,group C,associate degree,standard,TRUE,11.2,6.7,56,48,66,public,TRUE
1054,female,group A,associate degree,free/reduced,TRUE,8.3,7.6,68,92,66,public,TRUE
1055,male,group E,some college,standard,TRUE,8.8,4,59,55,,public,TRUE
1056,female,group C,associate degree,free/reduced,TRUE,15.3,7.6,81,58,66,public,TRUE
1057,female,group B,bachelor degree,standard,TRUE,,8.6,60,80,77,public,TRUE
1058,female,group C,bachelor degree,,TRUE,4.5,6.1,69,84,73,private,TRUE
1059,female,group C,associate degree,standard,TRUE,0,8.2,100,75,85,public,TRUE
1060,female,group D,associate degree,free/reduced,FALSE,9.6,7,76,60,79,public,TRUE
1061,male,group E,bachelor degree,standard,TRUE,11.7,7.8,64,65,85,public,TRUE
1062,male,group A,associate degree,standard,TRUE,11.3,7.8,91,66,83,public,
1063,female,group E,,standard,TRUE,10.4,7.6,58,75,93,public,TRUE
1064,male,group C,master degree,standard,FALSE,2.9,9,73,74,54,public,TRUE
1065,female,group A,bachelor degree,standard,FALSE,12.9,6.8,69,83,47,public,TRUE
1066,male,group B,high school,free/reduced,FALSE,16.2,7.3,56,,74,public,TRUE
1067,female,group D,bachelor degree,standard,TRUE,,6.2,77,69,67,public,TRUE
1068,male,group A,bachelor degree,standard,TRUE,7.2,7.1,44,68,86,private,TRUE
1069,female,group E,associate degree,standard,TRUE,13.6,7.4,82,71,64,private,TRUE
1070,male,group E,high school,standard,TRUE,7.2,7.6,84,96,56,public,TRUE
1071,male,group E,high school,free/reduced,FALSE,,7.9,71,64,62,public,TRUE
1072,female,group B,bachelor degree,free/reduced,FALSE,0.6,5.7,48,,73,private,TRUE
1073,male,group C,high school,standard,FALSE,7.5,7.9,88,100,,public,
1074,male,group C,bachelor degree,free/reduced,TRUE,13.4,8.1,70,,70,private,TRUE
1075,male,group D,,free/reduced,TRUE,14.6,6.4,57,,63,public,FALSE
1076,male,group C,bachelor degree,free/reduced,FALSE,9.9,6.8,58,75,77,private,
1077,male,group D,high school,free/reduced,TRUE,5.7,5,90,63,81,public,TRUE
1078,female,group E,high school,free/reduced,FALSE,,9.9,65,67,62,public,TRUE
1079,female,group B,bachelor degree,standard,FALSE,10.4,5.9,60,75,51,public,TRUE
1080,male,group B,high school,standard,TRUE,15,8.5,55,73,85,international,TRUE
1081,female,group E,,standard,TRUE,16.5,7.7,94,88,49,international,TRUE
1082,male,group B,bachelor degree,standard,FALSE,7.1,8.7,77,100,80,public,TRUE
1083,male,group E,bachelor degree,standard,TRUE,7.7,9.2,80,93,96,public,TRUE
1084,female,group B,associate degree,standard,FALSE,13.2,,69,86,74,public,TRUE
1085,female,group C,high school,free/reduced,TRUE,,8.6,66,64,63,public,TRUE
1086,male,group E,some college,free/reduced,FALSE,6.8,8.2,55,68,87,private,TRUE
1087,male,group E,some college,standard,FALSE,,9.1,57,92,70,private,TRUE
1088,male,group A,bachelor degree,standard,FALSE,6.8,8.4,66,92,60,private,TRUE
1089,male,group A,bachelor degree,free/reduced,FALSE,,7.6,83,58,82,private,TRUE
1090,female,group D,high school,standard,FALSE,4.3,5.8,95,90,79,public,TRUE
1091,male,group B,some college,standard,FALSE,5.8,6.6,75,80,47,public,TRUE
1092,female,group A,bachelor degree,standard,FALSE,10,7.6,93,67,81,public,FALSE
1093,female,group B,high school,standard,FALSE,8.6,6.1,67,71,83,public,TRUE
1094,female,group A,high school,standard,TRUE,9.3,7.6,64,73,60,public,TRUE
1095,male,group E,some college,free/reduced,FALSE,10.1,5.4,75,51,86,public,TRUE
1096,female,group D,,free/reduced,TRUE,11.3,5.6,96,66,62,public,TRUE
1097,male,group E,associate degree,free/reduced,FALSE,13,6.4,57,,84,public,TRUE
1098,male,group C,associate degree,standard,FALSE,,7.1,61,50,85,private,TRUE
1099,female,group A,some college,standard,TRUE,8.2,8.9,50,62,84,public,
1100,female,group D,,free/reduced,TRUE,19.2,7.7,89,90,61,public,TRUE
1101,female,group B,associate degree,standard,FALSE,8.8,8.5,51,86,64,public,TRUE
1102,female,group D,bachelor degree,standard,FALSE,8.1,8.2,51,72,77,public,TRUE
1103,female,group E,some college,free/reduced,FALSE,15.5,7.9,80,80,53,public,TRUE
1104,male,group A,some college,free/reduced,TRUE,12.7,4.2,86,68,91,private,TRUE
1105,male,group A,bachelor degree,standard,TRUE,8.3,5.5,63,87,61,public,TRUE
1106,male,group C,some college,standard,FALSE,15.3,8.3,70,67,54,public,TRUE
1107,female,group D,some college,free/reduced,TRUE,14.4,7.1,44,58,83,public,TRUE
1108,male,group C,associate degree,standard,FALSE,8,8.6,71,67,69,public,
1109,male,group C,bachelor degree,standard,TRUE,16.6,6.7,61,71,80,public,TRUE
1110,male,group A,some college,free/reduced,TRUE,12.4,5.5,76,56,59,public,TRUE
1111,male,group C,high school,standard,TRUE,8.6,10,63,75,70,public,TRUE
1112,female,group B,some college,standard,TRUE,9.1,,83,70,50,private,TRUE
1113,male,group C,some college,standard,FALSE,15.8,7.4,39,67,76,public,TRUE
1114,female,group E,some college,standard,FALSE,15,5.2,68,70,68,private,FALSE
1115,female,group B,some college,free/reduced,TRUE,,5.8,52,25,61,public,TRUE
1116,male,group E,some college,,TRUE,10,5.1,79,37,87,public,FALSE
1117,female,group E,associate degree,standard,FALSE,6.5,4.2,82,77,64,private,TRUE
1118,male,group B,some college,free/reduced,FALSE,13.7,5,62,53,84,international,TRUE
1119,female,group A,bachelor degree,free/reduced,FALSE,6.2,8.3,52,45,71,international,TRUE
1120,male,group C,associate degree,standard,TRUE,10.1,6.6,70,43,77,public,TRUE
1121,male,group B,master degree,free/reduced,TRUE,6.4,,50,42,59,public,TRUE
1122,female,group A,,standard,TRUE,3,8.2,79,59,69,private,TRUE
1123,male,group E,,standard,FALSE,,,66,53,83,public,TRUE
1124,male,group C,master degree,standard,TRUE,14.3,8.1,48,90,72,public,TRUE
1125,male,group E,bachelor degree,free/reduced,TRUE,15.5,5.4,83,69,88,public,TRUE
1126,male,group A,bachelor degree,standard,TRUE,17,7.2,53,74,100,public,TRUE
1127,male,group A,associate degree,standard,TRUE,11.5,8,54,47,54,public,TRUE
1128,female,group B,some college,free/reduced,TRUE,11.6,10.4,61,56,58,public,TRUE
1129,female,group C,master degree,free/reduced,FALSE,9.5,5.9,67,77,56,international,TRUE
1130,female,group E,associate degree,standard,FALSE,9.1,7.5,90,73,73,public,TRUE
1131,female,group C,bachelor degree,standard,TRUE,14,7.3,81,96,53,public,TRUE
1132,female,group C,high school,free/reduced,FALSE,5.8,7.9,53,78,67,private,TRUE
1133,female,group C,associate degree,free/reduced,FALSE,4.2,7.6,63,27,76,public,TRUE
1134,male,group D,high school,standard,TRUE,,7.6,24,,,public,TRUE
1135,male,group E,high school,standard,TRUE,15.6,7,69,,73,public,FALSE
1136,female,group B,,free/reduced,FALSE,8,5.1,64,69,63,public,
1137,female,group E,high school,standard,FALSE,8.7,5.1,43,49,75,international,TRUE
1138,female,group E,high school,free/reduced,TRUE,0,5.2,91,70,68,private,TRUE
1139,female,group E,master degree,standard,FALSE,8.1,5.1,67,78,64,public,TRUE
1140,female,group B,some college,standard,TRUE,8.7,7.7,91,76,52,public,TRUE
1141,female,group A,bachelor degree,standard,FALSE,6.7,8.2,67,87,67,public,TRUE
1142,male,group B,some college,standard,TRUE,12.4,6.5,59,58,58,private,TRUE
1143,male,group E,master degree,standard,FALSE,5.8,7,92,86,58,public,TRUE
1144,female,group B,bachelor degree,standard,FALSE,9.2,8.9,43,54,58,private,TRUE
1145,female,group A,high school,standard,TRUE,19.4,6,92,53,90,public,TRUE
1146,female,group B,high school,standard,FALSE,2.3,8,63,77,95,international,TRUE
1147,male,group E,high school,free/reduced,FALSE,5.6,,61,51,77,public,TRUE
1148,female,group C,bachelor degree,standard,FALSE,12.8,7.8,85,74,50,public,FALSE
1149,female,group C,high school,standard,TRUE,9.6,6.2,68,76,71,private,
1150,female,group E,some college,,FALSE,17.2,,90,75,49,public,TRUE
1151,female,group D,master degree,standard,FALSE,10.8,7,94,61,77,international,TRUE
1152,female,group D,high school,standard,FALSE,8.9,7,69,78,71,private,TRUE
1153,female,group A,some college,standard,TRUE,8.3,7.6,80,85,,public,TRUE
1154,female,group B,bachelor degree,standard,TRUE,13.4,8.5,85,85,87,public,TRUE
1155,female,group C,master degree,free/reduced,FALSE,9,5,96,83,44,private,TRUE
1156,female,group D,master degree,standard,TRUE,2.5,4.6,43,66,80,public,TRUE
1157,male,group A,bachelor degree,free/reduced,FALSE,8.3,6.7,67,,14,public,TRUE
1158,male,group C,associate degree,free/reduced,TRUE,8.1,6.2,47,,62,public,TRUE
1159,female,group D,associate degree,standard,FALSE,,7,62,,53,public,TRUE
1160,female,group C,master degree,free/reduced,TRUE,14,6.5,45,84,68,public,TRUE
1161,male,group D,bachelor degree,free/reduced,TRUE,1.3,8.2,61,79,79,public,TRUE
1162,male,group A,master degree,free/reduced,FALSE,1,,65,56,66,private,TRUE
1163,female,group D,high school,free/reduced,FALSE,15.5,5.2,86,99,80,private,TRUE
1164,male,group D,some college,standard,FALSE,2.5,6.3,89,73,62,private,TRUE
1165,male,group E,some college,free/reduced,FALSE,5.4,7.5,91,47,60,public,TRUE
1166,female,group B,some college,free/reduced,FALSE,16.2,8.7,100,79,61,public,TRUE
1167,male,group B,associate degree,standard,FALSE,8.6,6.8,97,64,68,international,TRUE
1168,male,group D,some college,standard,TRUE,10.9,,72,55,70,international,TRUE
1169,male,group D,high school,standard,FALSE,4.9,5.5,80,72,54,public,TRUE
1170,male,group A,some college,free/reduced,FALSE,,,49,83,59,public,TRUE
1171,male,group D,associate degree,standard,FALSE,13.4,8.8,61,79,55,international,TRUE
1172,female,group C,high school,standard,TRUE,7.2,,75,85,70,public,FALSE
1173,female,group B,master degree,,FALSE,8.2,7.7,66,69,100,private,TRUE
1174,female,group A,some college,standard,TRUE,6.6,6.4,54,80,69,public,TRUE
1175,male,group E,high school,free/reduced,FALSE,11.9,8,58,88,61,international,TRUE
1176,male,group C,some college,free/reduced,FALSE,9.7,7.1,79,56,88,public,TRUE
1177,female,group D,,standard,FALSE,10.6,9.6,78,55,83,public,TRUE
1178,female,group B,some college,standard,TRUE,9.4,7.1,80,70,66,private,TRUE
1179,female,group B,,free/reduced,TRUE,9.1,4.6,50,60,61,international,TRUE
1180,female,group C,some college,free/reduced,TRUE,0.4,6.3,73,,71,public,
1181,female,group E,high school,standard,TRUE,4.8,5.7,88,100,50,international,FALSE
1182,male,group B,master degree,free/reduced,FALSE,6.7,9.5,77,51,79,public,TRUE
1183,female,group E,some college,standard,FALSE,,6.1,77,58,63,public,TRUE
1184,female,group C,master degree,free/reduced,FALSE,4.2,7.4,51,64,41,public,TRUE
1185,female,group C,some college,,TRUE,11.3,8.7,78,86,82,public,TRUE
1186,male,group B,high school,free/reduced,FALSE,6.9,6.9,70,62,67,public,TRUE
1187,male,group E,high school,standard,FALSE,11.6,6.3,68,66,68,private,TRUE
1188,female,group E,high school,free/reduced,FALSE,,7.7,71,84,72,public,TRUE
1189,female,group C,high school,standard,TRUE,18.6,8.8,51,51,69,private,TRUE
1190,female,group B,high school,standard,TRUE,6.9,5.8,70,66,84,private,TRUE
1191,female,group E,some college,free/reduced,TRUE,14.9,7.9,73,69,69,private,TRUE
1192,female,group B,bachelor degree,standard,FALSE,,9.4,51,83,77,public,TRUE
1193,female,group B,high school,standard,TRUE,,7.6,75,40,84,private,FALSE
1194,male,group A,some college,standard,TRUE,14.6,,77,62,76,public,TRUE
1195,female,group A,master degree,standard,FALSE,13.7,7.6,70,69,73,international,TRUE
1196,male,group B,some college,free/reduced,FALSE,2.4,9.5,61,47,44,public,TRUE
1197,male,group D,some college,free/reduced,TRUE,11.2,6,100,,65,international,FALSE
1198,female,group C,associate degree,standard,TRUE,8.4,8.1,82,73,64,public,TRUE
1199,female,group C,,standard,FALSE,2.8,7.8,55,80,45,public,
1200,female,group B,bachelor degree,free/reduced,TRUE,7.8,8,52,73,88,public,TRUE
1201,male,group E,high school,standard,FALSE,6.6,4.8,81,80,62,private,TRUE
1202,female,group C,high school,standard,FALSE,7.5,5.2,46,82,93,public,TRUE
1203,male,group D,high school,standard,FALSE,13.5,8,81,66,66,public,TRUE
1204,male,group D,high school,standard,FALSE,,8.7,83,70,65,public,TRUE
1205,female,group C,high school,standard,FALSE,8.1,7.8,74,65,81,public,TRUE
1206,male,group D,master degree,standard,FALSE,11.1,6.7,78,74,48,public,TRUE
1207,female,group C,some college,standard,TRUE,7.3,6.5,67,62,64,public,FALSE
1208,male,group C,bachelor degree,standard,TRUE,9.4,8.9,79,62,73,public,TRUE
1209,male,group C,bachelor degree,free/reduced,TRUE,7.9,5.7,48,68,71,public,TRUE
1210,male,group E,bachelor degree,standard,TRUE,4.7,7.2,86,,63,public,FALSE
1211,male,group D,associate degree,free/reduced,FALSE,11.3,7.3,69,74,85,public,TRUE
1212,male,group A,some college,standard,FALSE,13.3,7.1,84,,58,private,FALSE
1213,female,group E,high school,free/reduced,FALSE,19.2,6.3,66,66,85,public,
1214,female,group C,bachelor degree,free/reduced,TRUE,12,5.9,72,84,76,public,TRUE
1215,male,group C,,standard,FALSE,8.2,3,58,51,67,public,FALSE
1216,male,group E,bachelor degree,standard,TRUE,7.6,7.7,51,100,60,public,FALSE
1217,female,group B,high school,free/reduced,FALSE,4.7,8.2,85,60,79,public,TRUE
1218,female,group D,high school,free/reduced,FALSE,14.3,9.1,94,62,81,public,TRUE
1219,female,group C,associate degree,free/reduced,FALSE,12.7,7.2,68,54,81,private,TRUE
1220,male,group C,high school,standard,FALSE,,7.8,73,59,63,international,FALSE
1221,male,group C,bachelor degree,free/reduced,TRUE,,,55,78,83,international,TRUE
1222,male,group C,high school,standard,TRUE,13.9,5.7,30,83,65,public,TRUE
1223,female,group A,some college,standard,TRUE,,7.4,78,81,66,public,TRUE
1224,female,group D,bachelor degree,free/reduced,FALSE,8.5,4.3,74,66,,public,TRUE
1225,female,group B,,standard,TRUE,7.7,6.4,63,58,73,international,TRUE
1226,male,group E,,standard,FALSE,3.7,7.6,70,62,,public,TRUE
1227,male,group E,high school,standard,FALSE,15.7,7,63,58,49,public,TRUE
1228,male,group E,some college,standard,FALSE,15.2,,44,55,72,public,TRUE
1229,male,group C,bachelor degree,standard,TRUE,18,7.7,53,79,66,public,TRUE
1230,male,group A,high school,,FALSE,13.2,6.7,68,59,52,public,FALSE
1231,male,group E,some college,free/reduced,FALSE,11.4,7.5,66,76,64,public,TRUE
1232,male,group B,master degree,standard,FALSE,11.9,5.8,47,70,82,public,FALSE
1233,female,group C,master degree,standard,FALSE,,,47,80,92,public,TRUE
1234,female,group D,,standard,FALSE,16.7,7.1,96,81,72,public,
1235,male,group C,associate degree,standard,FALSE,12.4,8.3,79,66,60,public,TRUE
1236,male,group D,high school,standard,TRUE,12.4,9.3,79,63,80,private,TRUE
1237,female,group A,high school,standard,FALSE,6.5,9.4,81,86,75,public,TRUE
1238,female,group B,some college,free/reduced,TRUE,9.4,7.7,74,45,83,public,TRUE
1239,male,group A,associate degree,standard,FALSE,15.5,7.1,66,83,77,public,TRUE
1240,male,group E,high school,standard,FALSE,10.9,7.7,65,84,,public,TRUE
1241,female,group A,high school,,FALSE,10.1,9.2,55,62,66,public,TRUE
1242,male,group C,,free/reduced,FALSE,11.1,7.8,63,56,49,public,FALSE
1243,male,group B,some college,standard,FALSE,9.7,7.3,59,72,83,public,TRUE
1244,male,group C,associate degree,standard,FALSE,8.8,7.4,88,79,86,private,TRUE
1245,female,group D,high school,free/reduced,TRUE,11.1,7.1,58,50,50,public,TRUE
1246,male,group D,high school,standard,TRUE,5.2,7.4,100,84,60,private,TRUE
1247,female,group E,some college,standard,TRUE,11.8,6.6,57,53,73,private,TRUE
1248,female,group A,associate degree,standard,TRUE,12.8,10.1,81,100,54,public,TRUE
1249,female,group B,associate degree,free/reduced,FALSE,16.4,8,67,71,80,public,TRUE
1250,male,group C,some college,standard,TRUE,8,5.8,100,59,73,public,TRUE
1251,female,group E,high school,standard,FALSE,3.9,,64,86,71,private,TRUE
1252,male,group B,high school,free/reduced,FALSE,3.9,5.5,47,78,,international,TRUE
1253,female,group E,bachelor degree,standard,FALSE,16.6,7.1,92,69,80,private,TRUE
1254,female,group C,associate degree,standard,FALSE,,7.1,46,,,private,TRUE
1255,male,group D,,standard,TRUE,9.9,5.9,100,,38,public,FALSE
1256,female,group E,associate degree,standard,FALSE,11.3,,85,77,51,international,TRUE
1257,female,group B,high school,standard,FALSE,17.7,,86,64,68,public,TRUE
1258,male,group C,some college,standard,FALSE,13.9,6.6,57,73,,public,TRUE
1259,male,group C,associate degree,standard,FALSE,2.1,6.8,100,50,59,public,FALSE
1260,male,group A,high school,standard,FALSE,13.1,,73,77,54,private,TRUE
1261,male,group A,,standard,FALSE,12.6,6.8,62,68,100,public,TRUE
1262,female,group B,high school,standard,TRUE,6,7,61,,69,public,FALSE
1263,female,group B,bachelor degree,standard,TRUE,17.2,8.8,94,77,78,public,FALSE
1264,female,group C,bachelor degree,standard,TRUE,9.4,8.5,66,79,50,public,TRUE
1265,male,group E,high school,standard,TRUE,12.5,5.7,86,81,89,public,TRUE
1266,female,group C,bachelor degree,standard,FALSE,12.9,6.1,59,69,57,public,TRUE
1267,male,group C,some college,standard,FALSE,8.6,8.3,74,70,90,private,TRUE
1268,male,group C,high school,standard,FALSE,11.7,8.4,41,44,62,private,TRUE
1269,female,group C,bachelor degree,free/reduced,TRUE,17.1,6.5,52,70,63,private,FALSE
1270,male,group E,some college,standard,FALSE,10.6,11,63,84,54,private,TRUE
1271,male,group B,associate degree,standard,FALSE,10.3,6.5,66,69,76,public,FALSE
1272,male,group E,bachelor degree,free/reduced,TRUE,21.9,7.8,69,36,77,public,TRUE
1273,female,group B,some college,free/reduced,TRUE,3.8,,63,80,80,public,TRUE
1274,female,group C,associate degree,standard,TRUE,,5.9,64,81,89,private,TRUE
1275,female,group E,associate degree,standard,FALSE,13.4,7.3,74,66,67,private,FALSE
1276,male,group A,bachelor degree,standard,TRUE,12.4,7.8,71,80,79,private,TRUE
1277,female,group D,some college,standard,TRUE,2.6,7.5,70,76,98,private,TRUE
1278,female,group D,high school,standard,TRUE,6.6,6.5,85,87,45,public,TRUE
1279,male,group B,high school,standard,TRUE,9.5,7,62,44,61,public,TRUE
1280,male,group C,high school,standard,TRUE,7.6,4.6,52,67,72,international,TRUE
1281,male,group C,bachelor degree,free/reduced,FALSE,6.7,5,74,85,87,public,TRUE
1282,female,group D,associate degree,free/reduced,FALSE,15.2,6.2,53,54,55,public,TRUE
1283,female,group D,high school,free/reduced,TRUE,9.3,9.2,64,44,83,public,TRUE
1284,female,group C,high school,free/reduced,TRUE,9.1,7.1,72,72,66,private,TRUE
1285,male,group C,some college,standard,TRUE,8.6,7.3,60,79,77,private,TRUE
1286,male,group D,high school,standard,FALSE,4.9,7.3,82,85,65,public,TRUE
1287,female,group A,associate degree,standard,FALSE,6.5,6.4,49,44,52,public,TRUE
1288,male,group B,bachelor degree,standard,FALSE,11.9,7.4,69,48,75,private,
1289,male,group A,,free/reduced,FALSE,9.9,9,79,61,71,public,TRUE
1290,male,group A,high school,free/reduced,FALSE,3.9,6.1,63,72,72,public,TRUE
1291,female,group C,bachelor degree,,FALSE,21,5.6,62,76,62,international,TRUE
1292,female,group B,bachelor degree,free/reduced,FALSE,11.2,8.5,77,,58,public,TRUE
1293,male,group E,master degree,,TRUE,,9.5,58,77,55,public,TRUE
1294,male,group E,some college,standard,TRUE,9.4,6.9,58,,70,public,FALSE
1295,male,group D,high school,standard,FALSE,12.6,4.7,56,,75,public,FALSE
1296,female,group B,associate degree,,FALSE,9.5,5.7,100,79,91,public,TRUE
1297,female,group E,master degree,free/reduced,FALSE,13.9,7.7,68,79,71,public,TRUE
1298,male,group A,high school,free/reduced,FALSE,,7.5,34,67,68,public,TRUE
1299,male,group C,high school,free/reduced,TRUE,,5.6,68,,,private,TRUE
1300,male,group E,,free/reduced,FALSE,15.4,8,55,71,53,international,TRUE
1301,female,group C,bachelor degree,free/reduced,FALSE,7.2,,55,100,73,private,TRUE
1302,male,group B,,standard,FALSE,15.4,7.1,49,72,65,private,FALSE
1303,female,group B,some college,standard,FALSE,11,,99,75,26,public,TRUE
1304,female,group D,some college,free/reduced,TRUE,15.5,9.3,70,78,,public,TRUE
1305,female,group E,bachelor degree,standard,TRUE,5.2,7.5,93,72,70,public,TRUE
1306,female,group B,some college,standard,FALSE,6.3,7.2,63,84,44,public,TRUE
1307,male,group A,some college,standard,FALSE,11.9,7.4,72,50,86,public,TRUE
1308,female,group E,master degree,standard,TRUE,,6.5,64,81,41,public,FALSE
1309,male,group C,high school,free/reduced,FALSE,8.4,5,42,85,57,public,FALSE
1310,male,group B,high school,standard,TRUE,7,7.4,75,71,86,public,TRUE
1311,female,group E,some college,standard,TRUE,9.8,7.2,53,80,66,public,FALSE
1312,female,group C,associate degree,free/reduced,FALSE,8.4,3,76,83,70,private,TRUE
1313,female,group E,some college,free/reduced,TRUE,10.3,9.3,58,76,66,private,
1314,female,group E,,standard,FALSE,0,5.6,49,85,70,private,TRUE
1315,female,group E,high school,free/reduced,FALSE,4.2,,45,68,60,public,FALSE
1316,female,group A,some college,,FALSE,12.9,8.4,44,,72,public,TRUE
1317,male,group A,some college,standard,FALSE,9.6,6.2,58,60,79,public,FALSE
1318,female,group C,,standard,TRUE,20.2,10.1,90,57,88,public,FALSE
1319,female,group B,master degree,standard,FALSE,7.7,6.6,79,72,74,public,TRUE
1320,male,group E,associate degree,standard,FALSE,7.9,7.1,58,87,80,public,TRUE
1321,female,group E,high school,standard,TRUE,10.2,8.5,95,91,,private,TRUE
1322,female,group B,high school,standard,FALSE,11.8,6.5,58,74,83,international,TRUE
1323,female,group B,master degree,standard,TRUE,1.2,6.7,81,71,83,public,TRUE
1324,female,group A,high school,standard,FALSE,3.6,8.6,58,64,63,private,TRUE
1325,male,group D,high school,standard,FALSE,11.1,10.2,54,,81,public,TRUE
1326,female,group D,master degree,free/reduced,TRUE,21.8,7.2,100,,68,public,TRUE
1327,female,group D,high school,free/reduced,TRUE,10.9,8.3,69,87,78,public,TRUE
1328,female,group B,high school,standard,FALSE,9.6,6.1,62,65,43,public,TRUE
1329,female,group D,high school,standard,FALSE,16.9,7.4,71,63,,public,TRUE
1330,female,group D,high school,,FALSE,9.2,7.1,84,68,58,public,TRUE
1331,male,group D,some college,free/reduced,TRUE,8.3,9.5,61,90,65,international,TRUE
1332,male,group A,some college,standard,TRUE,5.3,7.5,38,66,66,public,TRUE
1333,male,group E,associate degree,standard,TRUE,9.1,6,73,59,55,public,TRUE
1334,male,group C,,standard,FALSE,15.9,6.6,77,57,,public,TRUE
1335,female,group C,master degree,free/reduced,TRUE,5.4,6.3,77,70,77,public,TRUE
1336,male,group B,some college,standard,TRUE,11.1,8.7,77,77,84,international,FALSE
1337,female,group B,associate degree,free/reduced,TRUE,3.7,7.9,79,66,74,public,TRUE
1338,female,group D,,standard,FALSE,3.8,8,87,93,77,public,FALSE
1339,female,group E,bachelor degree,standard,FALSE,13.3,7.3,76,60,,public,TRUE
1340,male,group A,associate degree,standard,FALSE,19.3,10.3,60,70,90,public,
1341,male,group A,some college,standard,TRUE,6.3,6.5,77,100,71,public,TRUE
1342,female,group C,high school,standard,TRUE,12.3,6.6,37,56,83,private,TRUE
1343,male,group B,bachelor degree,free/reduced,TRUE,10.1,5.4,67,75,86,public,TRUE
1344,male,group C,high school,standard,FALSE,7.1,5.8,100,73,61,public,
1345,female,group D,high school,free/reduced,FALSE,8.8,6.6,78,65,63,private,TRUE
1346,female,group B,bachelor degree,standard,FALSE,12.2,5.9,73,93,76,public,FALSE
1347,female,group C,associate degree,standard,TRUE,10.1,7.2,64,55,80,public,FALSE
1348,male,group E,bachelor degree,standard,TRUE,9.3,8.4,61,68,81,public,TRUE
1349,female,group E,associate degree,free/reduced,FALSE,,8.1,89,56,62,private,TRUE
1350,male,group C,high school,free/reduced,FALSE,8.2,8.7,81,93,66,international,TRUE
1351,female,group D,high school,standard,FALSE,18.4,6,78,79,80,international,TRUE
1352,male,group D,some college,standard,FALSE,4.1,6.8,43,82,51,public,TRUE
1353,male,group B,some college,standard,TRUE,,,41,72,48,international,TRUE
1354,female,group C,associate degree,free/reduced,FALSE,11.3,7.1,64,66,67,public,TRUE
1355,female,group E,high school,standard,FALSE,0.8,6.3,60,54,96,public,TRUE
1356,male,group C,some college,standard,FALSE,16.7,8.2,56,100,60,public,TRUE
1357,male,group D,high school,standard,TRUE,4.6,,76,66,63,private,TRUE
1358,male,group E,high school,standard,FALSE,5.6,6.9,96,69,82,private,TRUE
1359,female,group B,master degree,standard,FALSE,11.8,6.8,66,100,47,public,TRUE
1360,female,group C,high school,free/reduced,FALSE,5.1,7.7,61,89,,public,TRUE
1361,female,group E,bachelor degree,,TRUE,2.1,,77,87,60,private,TRUE
1362,female,group B,associate degree,standard,FALSE,7.6,4.7,82,79,91,private,TRUE
1363,male,group D,high school,standard,TRUE,9.8,9.6,84,79,78,public,TRUE
1364,male,group D,some college,free/reduced,FALSE,7.4,4.4,77,78,85,international,
1365,male,group D,some college,standard,FALSE,14.1,5.2,52,73,68,public,TRUE
1366,female,group E,associate degree,standard,FALSE,,7.8,77,,73,public,TRUE
1367,female,group D,some college,standard,FALSE,7,6.4,66,52,88,private,TRUE
1368,female,group A,high school,free/reduced,TRUE,11.6,5.2,62,81,66,public,TRUE
1369,female,group A,master degree,standard,TRUE,8.2,,93,88,52,public,TRUE
1370,male,group B,high school,standard,FALSE,,7.3,77,91,70,public,TRUE
1371,female,group B,bachelor degree,standard,TRUE,10.1,7.8,86,81,71,private,TRUE
1372,female,group C,some college,standard,FALSE,11.7,5.4,69,68,68,public,TRUE
1373,male,group B,bachelor degree,free/reduced,FALSE,4.8,7.9,56,66,91,public,TRUE
1374,female,group B,high school,standard,TRUE,9,,54,93,58,public,TRUE
1375,male,group B,high school,free/reduced,TRUE,18.9,6.2,56,100,53,public,TRUE
1376,male,group C,some college,standard,FALSE,9.3,9.1,76,62,,private,TRUE
1377,female,group C,some college,free/reduced,TRUE,12.3,,92,86,,public,TRUE
1378,male,group A,some college,standard,TRUE,7.7,7.5,53,98,80,private,TRUE
1379,female,group B,associate degree,standard,FALSE,17.3,4.9,96,76,44,public,TRUE
1380,female,group E,high school,standard,TRUE,6.6,9.1,46,89,82,private,FALSE
1381,male,group E,associate degree,standard,TRUE,,8,49,55,75,public,FALSE
1382,female,group D,high school,standard,TRUE,9.2,,72,55,79,public,
1383,female,group D,some college,free/reduced,FALSE,7.1,8.4,68,73,62,international,TRUE
1384,female,group C,master degree,standard,TRUE,12.7,5.3,84,79,66,private,FALSE
1385,male,group C,high school,standard,TRUE,15,7.3,78,83,,public,TRUE
1386,male,group C,associate degree,free/reduced,TRUE,12,7.7,62,76,69,public,TRUE
1387,female,group B,high school,standard,TRUE,,8,87,78,70,public,TRUE
1388,female,group C,high school,free/reduced,FALSE,7.1,6,85,83,74,public,TRUE
1389,female,group D,high school,standard,FALSE,,6.4,66,80,83,international,TRUE
1390,female,group A,bachelor degree,free/reduced,FALSE,8.6,5.9,67,64,98,private,TRUE
1391,male,group C,bachelor degree,free/reduced,TRUE,17.1,6.4,41,59,68,private,TRUE
1392,male,group E,some college,standard,TRUE,13.5,8.3,60,,87,public,TRUE
1393,female,group E,high school,standard,FALSE,15.2,4,73,74,85,private,TRUE
1394,male,group A,some college,free/reduced,FALSE,13.3,7.2,55,85,79,public,TRUE
1395,male,group C,,standard,FALSE,16.6,8,67,86,73,private,TRUE
1396,female,group B,associate degree,standard,FALSE,8.5,,58,47,63,international,TRUE
1397,male,group D,high school,free/reduced,FALSE,,7.5,72,64,70,international,FALSE
1398,male,group E,some college,free/reduced,TRUE,19.5,6.1,86,73,58,private,TRUE
1399,female,group C,high school,free/reduced,FALSE,,8.3,80,67,61,private,TRUE
1400,male,group C,bachelor degree,free/reduced,FALSE,11.2,6.5,56,81,61,public,TRUE
1401,male,group E,some college,standard,FALSE,11.5,7.8,80,88,82,public,FALSE
1402,female,group B,some college,standard,FALSE,,4.9,71,52,80,public,TRUE
1403,male,group C,,standard,FALSE,7.5,5.7,78,68,75,public,TRUE
1404,male,group E,high school,free/reduced,FALSE,16.3,6.4,86,100,76,public,FALSE
1405,female,group B,master degree,free/reduced,TRUE,10.6,4.3,63,84,,public,TRUE
1406,male,group B,high school,standard,FALSE,7.5,6.8,70,,46,public,TRUE
1407,female,group C,associate degree,standard,FALSE,,6.3,55,58,72,public,TRUE
1408,female,group E,,standard,FALSE,10.2,10.3,60,61,72,public,TRUE
1409,male,group A,,standard,FALSE,6.7,,66,74,67,public,TRUE
1410,female,group C,master degree,,TRUE,2.4,9.6,76,71,58,private,FALSE
1411,female,group C,bachelor degree,standard,TRUE,8.7,8.2,67,76,55,public,TRUE
1412,male,group C,,free/reduced,TRUE,3.9,8.5,83,78,84,public,TRUE
1413,male,group B,high school,standard,TRUE,8.2,6.4,54,40,81,public,TRUE
1414,female,group A,bachelor degree,standard,TRUE,8.7,7,53,100,,international,TRUE
1415,male,group B,bachelor degree,standard,TRUE,13.3,8,56,78,55,international,TRUE
1416,male,group D,master degree,free/reduced,FALSE,5.2,6.8,70,,80,public,TRUE
1417,male,group E,associate degree,standard,FALSE,6.5,8.4,57,,70,public,TRUE
1418,male,group B,associate degree,standard,TRUE,10.9,8.4,77,77,62,public,TRUE
1419,male,group C,high school,standard,FALSE,2.6,6.6,56,69,69,public,TRUE
1420,female,group A,high school,standard,FALSE,8.5,7.8,83,81,78,private,TRUE
1421,male,group E,high school,standard,TRUE,8.5,6,64,61,62,public,TRUE
1422,female,group B,some college,standard,FALSE,11,7.1,90,77,68,private,
1423,female,group E,bachelor degree,standard,TRUE,,,54,67,63,public,TRUE
1424,male,group E,high school,standard,FALSE,2,8.9,65,61,,private,TRUE
1425,male,group C,high school,standard,TRUE,7.6,6.1,82,64,79,international,TRUE
1426,female,group B,bachelor degree,standard,TRUE,1.2,6.2,51,45,79,public,TRUE
1427,female,group E,some college,free/reduced,FALSE,10.6,8.1,63,,64,public,TRUE
1428,female,group D,high school,standard,FALSE,5.4,6.3,25,90,74,public,TRUE
1429,male,group D,master degree,free/reduced,FALSE,8.1,6.4,49,70,72,public,TRUE
1430,male,group E,master degree,,FALSE,15.7,6.2,69,70,60,public,TRUE
1431,male,group D,some college,standard,TRUE,6,6.9,63,65,52,public,FALSE
1432,female,group E,high school,standard,TRUE,4.1,7.6,71,55,83,public,TRUE
1433,male,group E,high school,standard,TRUE,4.7,,84,82,100,public,TRUE
1434,female,group A,associate degree,standard,TRUE,8.1,,44,59,56,private,TRUE
1435,female,group B,master degree,standard,FALSE,13.7,7.1,73,88,61,private,TRUE
1436,female,group B,high school,standard,FALSE,7,6.9,83,76,61,public,TRUE
1437,male,group B,some college,free/reduced,FALSE,7.8,6.4,81,66,89,public,TRUE
1438,female,group E,master degree,standard,TRUE,6.4,7.8,63,71,72,public,TRUE
1439,male,group A,,free/reduced,TRUE,11.6,7.3,77,83,88,public,TRUE
1440,male,group E,some college,standard,TRUE,,,80,34,65,public,TRUE
1441,male,group B,,standard,FALSE,18.8,6.3,85,70,88,public,TRUE
1442,female,group C,some college,free/reduced,FALSE,15.9,,70,,72,public,TRUE
1443,male,group C,,standard,FALSE,23.5,6.5,76,75,72,private,TRUE
1444,male,group E,master degree,free/reduced,FALSE,4,4.9,78,62,73,public,FALSE
1445,male,group A,some college,standard,TRUE,,7.9,55,70,80,private,TRUE
1446,female,group C,bachelor degree,standard,TRUE,7.3,6.4,100,83,74,international,TRUE
1447,male,group C,high school,standard,FALSE,9.2,,64,82,77,public,TRUE
1448,female,group B,some college,free/reduced,FALSE,18.6,8.4,96,77,94,public,TRUE
1449,female,group C,associate degree,standard,TRUE,13.4,6.6,75,,61,international,TRUE
1450,female,group A,bachelor degree,free/reduced,TRUE,12.4,7.4,59,84,65,public,FALSE
1451,female,group C,bachelor degree,free/reduced,TRUE,,6.3,85,70,,private,TRUE
1452,male,group C,master degree,standard,TRUE,12.3,7.2,67,70,72,public,TRUE
1453,male,group A,some college,standard,FALSE,3,,70,81,92,public,TRUE
1454,male,group B,high school,free/reduced,FALSE,10.1,8.2,65,93,42,public,TRUE
1455,female,group C,high school,free/reduced,TRUE,5.6,7.3,75,62,70,public,TRUE
1456,female,group C,some college,standard,FALSE,15.3,5.9,75,64,,public,TRUE
1457,female,group D,some college,standard,TRUE,8.4,4.7,47,66,63,private,TRUE
1458,female,group C,,free/reduced,TRUE,13.6,6,87,55,65,public,TRUE
1459,male,group B,some college,free/reduced,FALSE,12.8,7.6,72,,95,public,TRUE
1460,male,group D,associate degree,,FALSE,9.5,,70,66,59,international,TRUE
1461,female,group B,bachelor degree,standard,TRUE,3.4,7.6,81,78,72,public,TRUE
1462,male,group E,master degree,free/reduced,TRUE,9,9.8,51,77,53,public,TRUE
1463,female,group D,associate degree,standard,TRUE,11.9,7.7,51,69,54,public,TRUE
1464,female,group A,associate degree,standard,TRUE,9.2,8.7,82,71,67,public,TRUE
1465,male,group E,high school,standard,TRUE,12.4,5.5,56,60,70,public,FALSE
1466,female,group A,,standard,TRUE,16.1,,81,83,67,public,TRUE
1467,male,group B,high school,free/reduced,TRUE,7.2,6,51,78,78,private,TRUE
1468,male,group E,associate degree,standard,FALSE,18.2,7,71,70,67,private,TRUE
1469,female,group D,,free/reduced,TRUE,12.5,6.1,77,74,65,public,TRUE
1470,female,group B,associate degree,standard,FALSE,7.3,5.5,73,45,62,private,FALSE
1471,male,group E,associate degree,standard,TRUE,0.8,6.6,100,78,,public,FALSE
1472,male,group D,some college,standard,FALSE,4.1,6.5,68,67,72,public,TRUE
1473,female,group B,master degree,standard,FALSE,16.1,4,65,77,56,public,TRUE
1474,female,group C,bachelor degree,free/reduced,TRUE,,4.9,100,69,62,private,TRUE
1475,female,group C,some college,standard,TRUE,10.4,,73,49,74,public,TRUE
1476,female,group B,master degree,free/reduced,FALSE,16.8,8.6,100,87,66,public,TRUE
1477,male,group B,bachelor degree,standard,TRUE,,7.1,42,60,69,public,TRUE
1478,female,group B,bachelor degree,free/reduced,FALSE,4.6,,88,78,59,international,
1479,male,group C,some college,,FALSE,12.5,6.7,90,80,38,public,TRUE
1480,male,group D,high school,standard,FALSE,17.4,,63,73,34,international,TRUE
1481,female,group C,high school,standard,FALSE,,8.5,56,92,65,private,TRUE
1482,male,group C,master degree,,FALSE,10,8,99,63,70,private,TRUE
1483,female,group A,master degree,standard,TRUE,5.5,5.4,57,70,60,public,TRUE
1484,male,group D,some college,standard,TRUE,0,8.1,61,55,67,public,FALSE
1485,male,group B,associate degree,free/reduced,FALSE,1.2,7.8,71,100,94,public,TRUE
1486,female,group A,bachelor degree,standard,TRUE,20.3,8.5,63,61,58,public,TRUE
1487,female,group C,associate degree,standard,FALSE,,5,27,54,80,public,TRUE
1488,female,group E,associate degree,free/reduced,FALSE,,8.3,69,75,77,public,TRUE
1489,male,group A,,standard,FALSE,15.4,7.7,36,98,68,public,TRUE
1490,female,group C,high school,free/reduced,TRUE,16.9,9.7,76,,,public,TRUE
1491,female,group C,associate degree,free/reduced,FALSE,11.5,,79,77,49,public,TRUE
1492,female,group B,high school,standard,TRUE,8.4,6.5,59,63,79,private,TRUE
1493,female,group C,,standard,TRUE,12.5,8.1,88,82,84,public,TRUE
1494,male,group C,some college,free/reduced,TRUE,16.5,7.3,76,86,59,public,TRUE
1495,male,group C,,free/reduced,FALSE,7.7,7.4,82,71,72,public,
1496,female,group C,some college,free/reduced,TRUE,,8.3,69,96,67,public,TRUE
1497,female,group B,some college,free/reduced,TRUE,9.8,7.4,100,58,71,public,FALSE
1498,male,group D,some college,free/reduced,FALSE,20.7,6.6,56,65,84,private,TRUE
1499,female,group C,bachelor degree,standard,FALSE,4.6,9.6,76,74,72,international,TRUE
1500,male,group E,high school,free/reduced,TRUE,11.8,8.9,76,81,68,private,
1501,male,group B,bachelor degree,free/reduced,FALSE,7,5.4,63,69,43,public,TRUE
1502,male,group B,associate degree,free/reduced,FALSE,8.9,8.3,48,96,95,public,FALSE
1503,male,group C,bachelor degree,free/reduced,TRUE,9.3,8.2,56,73,82,public,FALSE
1504,female,group C,associate degree,free/reduced,FALSE,9.7,6.8,100,75,85,private,FALSE
1505,female,group E,,free/reduced,FALSE,3.3,8.4,76,,100,private,TRUE
1506,male,group E,,free/reduced,FALSE,8,7.4,59,62,45,international,TRUE
1507,male,group E,associate degree,free/reduced,FALSE,4.4,8.3,63,46,89,international,TRUE
1508,male,group B,some college,free/reduced,FALSE,,8.9,66,62,76,public,TRUE
1509,male,group B,some college,standard,FALSE,8.7,7.2,59,62,76,public,TRUE
1510,male,group B,associate degree,standard,TRUE,8,6.6,53,84,,international,TRUE
1511,female,group A,associate degree,free/reduced,TRUE,9.8,6.6,79,86,73,public,TRUE
1512,male,group B,bachelor degree,free/reduced,FALSE,11.8,8.8,63,85,52,public,TRUE
1513,male,group D,some college,free/reduced,TRUE,6.8,7,98,67,63,public,TRUE
1514,male,group C,high school,standard,TRUE,10.1,7.5,65,64,47,public,TRUE
1515,male,group D,bachelor degree,standard,FALSE,,7.3,86,68,80,public,TRUE
1516,female,group B,some college,standard,TRUE,19.3,,71,57,,public,TRUE
1517,male,group E,high school,standard,FALSE,11.9,10,45,,80,public,TRUE
1518,male,group B,some college,standard,FALSE,16.3,6.3,46,53,55,public,TRUE
1519,female,group A,associate degree,free/reduced,FALSE,11,6.9,65,93,83,public,TRUE
1520,male,group E,some college,standard,TRUE,9.1,7.5,79,72,72,international,FALSE
1521,female,group D,associate degree,standard,FALSE,0,8.2,71,66,60,private,TRUE
1522,male,group A,bachelor degree,free/reduced,FALSE,12,6.5,74,79,68,public,TRUE
1523,male,group E,master degree,free/reduced,TRUE,19.9,7.4,68,54,58,public,TRUE
1524,male,group B,,standard,TRUE,,6.5,83,62,68,public,TRUE
1525,female,group C,some college,standard,TRUE,12.3,7.3,100,48,53,public,TRUE
1526,male,group B,high school,free/reduced,TRUE,7.5,7.9,96,80,73,public,TRUE
1527,female,group E,associate degree,standard,FALSE,9.4,8.7,81,58,95,private,TRUE
1528,female,group E,bachelor degree,standard,TRUE,8.5,8,55,72,69,international,TRUE
1529,male,group C,,free/reduced,TRUE,8.5,,79,75,,public,
1530,female,group D,high school,standard,TRUE,10.6,8.8,52,54,58,public,TRUE
1531,male,group C,high school,free/reduced,FALSE,,7.1,71,69,70,public,TRUE
1532,female,group D,high school,free/reduced,TRUE,0,7.7,79,50,,public,TRUE
1533,male,group D,associate degree,standard,TRUE,7.2,7.7,43,95,77,private,TRUE
1534,female,group D,some college,,TRUE,14.4,6,60,58,,public,TRUE
1535,female,group B,high school,standard,FALSE,0.5,5,95,85,70,public,TRUE
1536,female,group C,bachelor degree,standard,FALSE,12.2,7.8,61,60,71,public,TRUE
1537,male,group E,bachelor degree,standard,FALSE,10.5,5.9,59,52,76,public,TRUE
1538,female,group E,associate degree,standard,TRUE,7.9,5.6,61,,79,public,TRUE
1539,male,group C,,standard,FALSE,16.7,7.5,66,66,56,private,FALSE
1540,male,group D,associate degree,standard,TRUE,9,8.3,82,63,40,international,TRUE
1541,female,group D,high school,standard,FALSE,16.3,7.8,97,77,61,public,TRUE
1542,female,group C,high school,standard,TRUE,12.3,8,51,84,64,private,TRUE
1543,male,group C,bachelor degree,free/reduced,FALSE,11.1,8.5,74,47,,public,
1544,female,group D,bachelor degree,,FALSE,12.7,,73,82,100,public,FALSE
1545,male,group A,high school,standard,TRUE,7.7,6.8,83,79,78,public,TRUE
1546,female,group C,master degree,free/reduced,TRUE,9.2,8.5,57,67,67,international,TRUE
1547,female,group E,bachelor degree,standard,FALSE,8.5,7.6,69,79,80,public,FALSE
1548,female,group A,high school,standard,FALSE,16.1,5.6,81,68,85,public,TRUE
1549,female,group A,,free/reduced,TRUE,12.6,6,51,64,74,public,
1550,female,group D,high school,standard,FALSE,13.7,8.3,95,82,63,international,FALSE
1551,female,group B,some college,standard,FALSE,15.7,7.4,56,77,64,international,TRUE
1552,female,group A,high school,standard,TRUE,4.8,,43,72,64,public,TRUE
1553,female,group E,some college,standard,FALSE,16,10,99,70,62,public,FALSE
1554,male,group D,associate degree,free/reduced,FALSE,2.2,,83,68,76,public,TRUE
1555,female,group E,bachelor degree,standard,TRUE,18.6,5.4,89,88,76,private,TRUE
1556,female,group B,bachelor degree,standard,FALSE,11.9,7.8,58,62,71,public,FALSE
1557,male,group B,associate degree,standard,FALSE,11.7,6.4,62,100,66,public,TRUE
1558,female,group B,high school,standard,FALSE,5.7,6.7,67,69,84,international,TRUE
1559,male,group C,some college,standard,TRUE,17.2,11,73,78,53,international,TRUE
1560,male,group C,master degree,free/reduced,TRUE,9.5,7.9,58,,69,public,TRUE
1561,female,group D,high school,free/reduced,TRUE,7.4,6.6,95,,78,international,TRUE
1562,female,group C,associate degree,standard,TRUE,12.9,8.6,65,78,59,public,TRUE
1563,male,group C,bachelor degree,standard,TRUE,8.2,7.2,85,56,56,public,TRUE
1564,female,group B,,standard,TRUE,18,8.4,57,68,76,public,TRUE
1565,male,group C,associate degree,standard,FALSE,7.1,6.4,64,49,77,private,TRUE
1566,female,group D,high school,standard,TRUE,5.6,7.9,69,76,71,public,TRUE
1567,female,group D,bachelor degree,standard,TRUE,8.5,8.5,70,61,84,public,TRUE
1568,male,group C,high school,standard,FALSE,5.8,7.6,81,95,62,private,TRUE
1569,male,group A,bachelor degree,standard,TRUE,16.6,7.4,53,73,61,public,TRUE
1570,male,group C,high school,standard,TRUE,3.8,,70,51,78,public,TRUE
1571,male,group A,some college,free/reduced,FALSE,,7.4,59,63,81,public,TRUE
1572,male,group C,associate degree,standard,TRUE,15.2,6.8,71,72,75,public,TRUE
1573,male,group E,bachelor degree,standard,TRUE,10.3,6.3,76,86,55,public,TRUE
1574,female,group E,high school,standard,TRUE,12.8,5.6,74,,53,public,TRUE
1575,male,group A,associate degree,standard,FALSE,11.3,7.1,66,,64,private,TRUE
1576,male,group C,high school,free/reduced,TRUE,8.2,8.1,85,74,69,private,TRUE
1577,male,group A,high school,standard,TRUE,13.3,7.8,77,84,80,public,TRUE
1578,female,group C,bachelor degree,standard,FALSE,,5.6,54,91,84,public,FALSE
1579,male,group D,associate degree,standard,FALSE,9.3,5.7,68,56,52,international,FALSE
1580,female,group D,bachelor degree,standard,FALSE,0.4,5.9,65,50,75,public,TRUE
1581,male,group A,,standard,FALSE,7.2,6.8,70,46,65,public,FALSE
1582,male,group B,high school,,FALSE,8.4,7.6,86,68,,public,TRUE
1583,male,group D,high school,standard,FALSE,13.8,6.7,83,,69,public,TRUE
1584,male,group C,some college,standard,FALSE,20.2,8.8,58,66,44,international,FALSE
1585,female,group B,associate degree,standard,FALSE,6.4,8.6,61,82,42,international,TRUE
1586,male,group D,some college,standard,TRUE,7.9,7.8,77,67,93,private,TRUE
1587,female,group D,associate degree,free/reduced,TRUE,7.8,6.7,69,60,58,public,TRUE
1588,female,group D,some college,standard,FALSE,11,7.1,49,63,,public,TRUE
1589,male,group B,,standard,TRUE,10.8,7.4,81,70,57,public,TRUE
1590,female,group D,associate degree,free/reduced,FALSE,,6.6,75,66,51,public,TRUE
1591,female,group C,bachelor degree,free/reduced,TRUE,8.6,6.6,99,53,76,international,TRUE
1592,male,group C,high school,standard,FALSE,10.4,7.8,100,51,71,private,TRUE
1593,female,group D,bachelor degree,standard,FALSE,,7.7,73,74,,public,
1594,female,group E,high school,standard,TRUE,11.8,7.9,71,76,61,public,TRUE
1595,female,group D,some college,standard,TRUE,4.6,7.5,59,47,65,public,TRUE
1596,female,group C,high school,standard,FALSE,8.6,7.6,63,65,75,public,TRUE
1597,male,group C,some college,free/reduced,FALSE,13.4,6.5,42,52,61,international,TRUE
1598,male,group A,high school,free/reduced,TRUE,1.9,7.1,60,72,45,public,FALSE
1599,female,group A,some college,standard,FALSE,6.6,9.5,74,78,56,public,TRUE
1600,male,group C,bachelor degree,free/reduced,FALSE,0,7,77,97,75,public,TRUE
1601,male,group B,high school,standard,FALSE,8.5,6.1,36,94,71,international,TRUE
1602,female,group C,master degree,standard,TRUE,15.8,5.4,54,77,77,public,TRUE
1603,male,group E,high school,free/reduced,FALSE,17.2,7.4,83,85,56,public,TRUE
1604,female,group D,high school,standard,FALSE,10.5,7.9,53,,77,public,TRUE
1605,male,group B,associate degree,free/reduced,FALSE,,7,65,68,69,public,TRUE
1606,female,group C,high school,standard,TRUE,,8.6,73,62,85,public,FALSE
1607,male,group C,some college,standard,FALSE,16.8,9.5,71,89,65,private,TRUE
1608,female,group B,bachelor degree,standard,FALSE,8.7,8.3,59,61,39,public,TRUE
1609,male,group D,high school,standard,FALSE,2.6,6.8,75,77,76,public,TRUE
1610,female,group D,,standard,TRUE,6.6,4.8,89,,85,public,
1611,male,group D,associate degree,standard,FALSE,,7.7,73,91,75,public,TRUE
1612,male,group C,associate degree,standard,FALSE,14.3,,68,50,43,public,TRUE
1613,male,group E,associate degree,standard,FALSE,19.8,7,69,76,57,public,TRUE
1614,female,group B,associate degree,standard,FALSE,15.3,5.7,66,62,74,private,TRUE
1615,female,group B,bachelor degree,standard,FALSE,11.2,8.5,61,77,65,public,TRUE
1616,male,group E,some college,standard,TRUE,14.8,5.7,77,74,72,public,TRUE
1617,male,group B,some college,free/reduced,FALSE,7.8,6.3,45,59,77,international,TRUE
1618,male,group E,some college,standard,TRUE,,7.5,80,58,72,private,TRUE
1619,female,group A,,standard,TRUE,11.1,5.9,79,67,54,public,TRUE
1620,female,group A,master degree,free/reduced,FALSE,12.4,7.9,96,74,85,public,FALSE
1621,female,group C,associate degree,free/reduced,FALSE,,7.6,68,84,87,international,TRUE
1622,male,group D,associate degree,standard,TRUE,6.1,6,67,80,75,public,TRUE
1623,female,group A,high school,free/reduced,FALSE,8.3,7.1,66,59,51,public,FALSE
1624,female,group E,high school,standard,FALSE,13.7,7.1,64,55,78,public,TRUE
1625,male,group C,associate degree,standard,TRUE,13.6,8.5,65,45,53,public,FALSE
1626,female,group E,bachelor degree,free/reduced,FALSE,12.7,4.6,75,66,70,public,TRUE
1627,male,group C,master degree,standard,TRUE,17.5,8.1,91,67,64,private,TRUE
1628,male,group C,bachelor degree,standard,FALSE,9.9,9.8,72,75,60,public,
1629,female,group C,bachelor degree,free/reduced,FALSE,0.6,7.9,90,59,45,public,TRUE
1630,male,group E,high school,standard,FALSE,13,4.1,86,85,69,private,TRUE
1631,male,group C,high school,,FALSE,,6.1,48,65,45,private,TRUE
1632,male,group C,associate degree,standard,FALSE,16.2,7.7,83,63,81,private,TRUE
1633,male,group C,associate degree,free/reduced,TRUE,9.7,8,57,65,77,public,FALSE
1634,male,group C,master degree,standard,FALSE,13.2,7.6,77,93,90,public,TRUE
1635,female,group A,some college,standard,FALSE,10,9.7,81,91,65,public,TRUE
1636,female,group D,master degree,standard,FALSE,10.3,7.3,92,67,84,public,TRUE
1637,male,group A,high school,standard,FALSE,11.7,7.9,66,,73,public,TRUE
1638,female,group B,bachelor degree,standard,FALSE,,7.7,50,57,74,public,TRUE
1639,female,group D,bachelor degree,standard,FALSE,5.4,10.8,67,,90,public,TRUE
1640,female,group E,some college,standard,FALSE,8.8,7.4,63,81,61,public,TRUE
1641,male,group E,high school,free/reduced,FALSE,,7.5,100,72,52,public,
1642,female,group B,,free/reduced,FALSE,10.9,8.1,82,83,48,private,TRUE
1643,male,group B,master degree,standard,FALSE,9.4,8.1,48,70,86,public,TRUE
1644,male,group E,high school,standard,TRUE,11.8,5.7,84,92,81,public,TRUE
1645,male,group A,some college,free/reduced,TRUE,6.8,,77,73,50,international,TRUE
1646,male,group A,bachelor degree,standard,TRUE,11.9,7.8,58,90,83,public,TRUE
1647,female,group E,some college,free/reduced,FALSE,10.9,5.6,67,45,,international,TRUE
1648,male,group A,high school,standard,FALSE,14.4,7.8,77,72,69,private,TRUE
1649,male,group C,some college,free/reduced,FALSE,9,6.8,58,42,,public,TRUE
1650,male,group C,bachelor degree,standard,TRUE,9.8,7.3,83,71,51,public,TRUE
1651,female,group C,associate degree,standard,FALSE,7.9,5,70,,74,public,TRUE
1652,female,group C,some college,standard,FALSE,7.8,7.2,58,84,62,private,TRUE
1653,male,group D,some college,standard,TRUE,10.4,,77,53,58,private,TRUE
1654,male,group C,some college,free/reduced,FALSE,20.8,7.8,87,76,76,public,
1655,female,group C,high school,free/reduced,TRUE,5.8,7.9,92,45,57,private,TRUE
1656,male,group B,associate degree,free/reduced,TRUE,,4.2,73,82,44,public,TRUE
1657,male,group D,some college,standard,FALSE,2.1,7.5,83,67,78,public,TRUE
1658,male,group B,high school,free/reduced,TRUE,,8,85,80,73,public,TRUE
1659,female,group E,some college,standard,FALSE,4.2,5.7,53,,59,public,TRUE
1660,female,group B,bachelor degree,standard,FALSE,14.3,7.5,33,58,60,private,TRUE
1661,female,group E,some college,standard,TRUE,13.8,6.5,46,67,57,public,TRUE
1662,female,group B,master degree,free/reduced,TRUE,13.6,5.9,62,72,42,international,TRUE
1663,female,group E,some college,standard,TRUE,6.6,5.8,75,53,75,private,FALSE
1664,male,group C,some college,free/reduced,FALSE,6.9,,45,78,58,public,TRUE
1665,male,group D,associate degree,free/reduced,FALSE,3.5,10.7,51,87,63,private,TRUE
1666,female,group C,bachelor degree,free/reduced,TRUE,6.8,7,83,85,59,public,FALSE
1667,male,group D,some college,standard,FALSE,14.6,7.9,66,73,67,public,
1668,male,group C,some college,standard,FALSE,9.3,7.5,72,78,59,public,TRUE
1669,male,group A,some college,standard,TRUE,1.3,7.9,44,83,90,public,FALSE
1670,female,group B,some college,standard,TRUE,14.6,6.3,67,,62,private,TRUE
1671,male,group C,high school,standard,TRUE,16.9,8.4,61,95,88,public,TRUE
1672,female,group D,master degree,free/reduced,TRUE,0.8,6.5,64,89,66,private,TRUE
1673,male,group E,associate degree,free/reduced,FALSE,4.1,,81,76,94,public,TRUE
1674,male,group D,some college,free/reduced,TRUE,20.5,7.9,77,62,68,private,FALSE
1675,female,group A,,free/reduced,FALSE,6.7,7.6,51,64,68,public,TRUE
1676,female,group C,high school,standard,TRUE,5.2,6.5,92,60,58,public,TRUE
1677,female,group D,associate degree,standard,TRUE,20.9,6.9,67,72,,public,
1678,female,group C,associate degree,free/reduced,FALSE,8,4.9,79,57,57,private,TRUE
1679,female,group A,bachelor degree,standard,TRUE,13.3,4.9,58,52,87,public,TRUE
1680,female,group C,some college,free/reduced,FALSE,7.6,8.6,61,79,73,international,TRUE
1681,female,group E,some college,standard,FALSE,3.5,8.5,54,84,95,public,TRUE
1682,female,group C,high school,standard,TRUE,9.2,9.3,80,82,71,public,TRUE
1683,male,group C,associate degree,standard,FALSE,10.4,6.9,72,64,89,public,FALSE
1684,male,group E,bachelor degree,free/reduced,FALSE,10,6.2,84,69,,public,TRUE
1685,male,group E,bachelor degree,standard,FALSE,16.4,7,55,,72,private,TRUE
1686,male,group D,associate degree,standard,TRUE,10.3,7.9,46,82,87,public,TRUE
1687,female,group B,some college,standard,TRUE,10.1,7.8,69,97,67,public,TRUE
1688,female,group C,some college,standard,FALSE,6.7,8.1,100,,90,public,TRUE
1689,male,group E,some college,standard,FALSE,15.3,7.2,73,79,61,private,
1690,male,group C,associate degree,free/reduced,TRUE,17.2,8.1,87,62,60,private,FALSE
1691,male,group B,some college,standard,FALSE,15,7.4,75,86,47,international,FALSE
1692,male,group C,high school,standard,TRUE,0,7.8,93,70,56,private,TRUE
1693,male,group B,,free/reduced,FALSE,13.5,9.2,53,63,73,public,TRUE
1694,male,group C,bachelor degree,standard,TRUE,4.6,8.6,55,54,69,public,TRUE
1695,male,group A,high school,standard,FALSE,8.4,4.3,82,55,99,public,TRUE
1696,female,group D,high school,free/reduced,TRUE,5.1,,94,88,62,public,TRUE
1697,female,group A,some college,standard,TRUE,13.3,6.6,45,89,77,international,TRUE
1698,female,group C,bachelor degree,free/reduced,TRUE,7.1,7.6,70,52,,public,TRUE
1699,female,group B,high school,free/reduced,FALSE,5.8,5.7,80,66,67,public,FALSE
1700,male,group E,,free/reduced,TRUE,7.6,8.4,94,58,71,public,TRUE
1701,female,group E,some college,free/reduced,FALSE,12.4,7.9,79,65,69,public,TRUE
1702,female,group C,associate degree,standard,TRUE,5.6,7.3,55,62,61,private,TRUE
1703,female,group A,,free/reduced,FALSE,5.7,6.4,49,89,47,private,TRUE
1704,male,group E,associate degree,standard,FALSE,3.3,8.8,67,44,99,public,
1705,female,group C,high school,standard,FALSE,0.7,9.3,50,,93,public,TRUE
1706,female,group E,some college,free/reduced,FALSE,6.4,5.4,66,66,67,public,TRUE
1707,male,group D,associate degree,standard,TRUE,14.4,5.7,53,79,,private,TRUE
1708,male,group D,high school,standard,FALSE,11.1,6.5,84,67,74,public,TRUE
1709,female,group C,master degree,free/reduced,FALSE,9,6.9,63,74,74,private,FALSE
1710,female,group B,high school,standard,FALSE,17.9,8.2,66,67,46,public,TRUE
1711,female,group E,associate degree,free/reduced,FALSE,11.1,5.5,76,68,,public,TRUE
1712,male,group B,some college,standard,FALSE,6.6,7.7,87,100,75,private,TRUE
1713,male,group C,associate degree,standard,FALSE,11.2,4.9,88,62,93,international,TRUE
1714,male,group C,some college,standard,TRUE,6.1,7,59,93,73,public,FALSE
1715,male,group C,,free/reduced,TRUE,4.8,7.5,75,84,71,public,TRUE
1716,female,group B,high school,standard,FALSE,12,7.3,82,54,70,public,
1717,female,group B,master degree,standard,FALSE,5.4,8.6,65,40,74,private,TRUE
1718,male,group D,some college,free/reduced,FALSE,5.9,8.2,62,70,71,international,FALSE
1719,female,group D,bachelor degree,free/reduced,TRUE,13.3,7.9,70,71,72,public,TRUE
1720,male,group C,associate degree,standard,FALSE,14.6,7.9,84,78,87,international,TRUE
1721,female,group A,,standard,FALSE,5.7,5.4,62,79,82,private,TRUE
1722,female,group E,high school,free/reduced,FALSE,12.6,9.3,84,,53,public,TRUE
1723,female,group D,bachelor degree,free/reduced,TRUE,10,9.2,71,62,84,private,TRUE
1724,female,group B,,standard,FALSE,,6.9,81,58,57,public,TRUE
1725,female,group C,some college,standard,TRUE,13.3,6.3,76,64,70,private,FALSE
1726,male,group D,master degree,standard,FALSE,8.3,7.9,56,48,89,public,FALSE
1727,female,group B,,standard,FALSE,8.4,6.5,72,70,59,public,TRUE
1728,male,group B,some college,standard,FALSE,4.2,6.9,73,63,73,international,TRUE
1729,female,group C,some college,free/reduced,TRUE,24.3,5.9,37,63,65,public,FALSE
1730,female,group C,bachelor degree,standard,FALSE,9.9,6.7,65,78,69,public,TRUE
1731,female,group B,associate degree,free/reduced,FALSE,4.9,7.3,76,67,57,public,
1732,female,group D,,free/reduced,TRUE,2.8,5.5,59,70,58,private,TRUE
1733,male,group D,,standard,TRUE,7.5,9.4,70,74,82,public,TRUE
1734,male,group A,high school,standard,FALSE,8.7,6.1,58,71,56,public,TRUE
1735,female,group E,master degree,free/reduced,FALSE,2.7,,55,74,74,private,TRUE
1736,male,group A,bachelor degree,free/reduced,FALSE,8.7,7.3,70,,50,public,TRUE
1737,male,group E,associate degree,standard,TRUE,8.9,7.4,97,69,82,private,TRUE
1738,male,group A,high school,free/reduced,FALSE,,8.7,72,64,72,public,TRUE
1739,female,group A,,standard,TRUE,19.2,9.3,73,,57,public,TRUE
1740,female,group E,master degree,standard,FALSE,13.6,6.4,56,72,96,public,TRUE
1741,female,group B,bachelor degree,free/reduced,TRUE,,5.9,98,,81,public,FALSE
1742,female,group C,some college,free/reduced,FALSE,,7,61,64,96,public,TRUE
1743,male,group E,associate degree,standard,FALSE,9.1,10.5,94,78,63,public,TRUE
1744,male,group B,associate degree,free/reduced,TRUE,10.7,7.3,39,68,57,public,TRUE
1745,male,group B,,free/reduced,FALSE,6.2,8.1,71,73,67,public,TRUE
1746,female,group E,high school,standard,TRUE,12.3,6.9,56,75,81,private,TRUE
1747,female,group E,,standard,TRUE,12,8.8,85,62,71,public,TRUE
1748,male,group C,bachelor degree,standard,TRUE,6.7,6.1,67,70,76,private,TRUE
1749,male,group B,bachelor degree,,FALSE,0.4,6.1,67,67,78,public,TRUE
1750,female,group C,some college,free/reduced,TRUE,9.1,6.9,76,55,67,public,
1751,male,group E,high school,standard,TRUE,6.2,6.4,47,61,70,public,TRUE
1752,female,group E,some college,free/reduced,TRUE,4.4,7.8,63,69,54,private,FALSE
1753,female,group B,associate degree,standard,TRUE,2.3,5.1,100,65,69,public,TRUE
1754,male,group C,bachelor degree,standard,FALSE,,7.5,57,74,67,international,TRUE
1755,male,group A,associate degree,free/reduced,TRUE,1,4.4,61,86,89,international,
1756,female,group A,,standard,TRUE,13.3,4.5,54,,83,public,TRUE
1757,female,group E,associate degree,standard,TRUE,4.5,7.5,87,89,69,public,TRUE
1758,male,group D,high school,free/reduced,TRUE,13.4,6.8,61,86,,public,FALSE
1759,male,group E,high school,standard,FALSE,11.1,6.9,36,80,75,international,TRUE
1760,male,group C,associate degree,standard,TRUE,16.4,8.2,69,,81,public,TRUE
1761,female,group C,some college,standard,TRUE,9.1,7.4,58,69,69,public,TRUE
1762,female,group C,bachelor degree,standard,TRUE,8.1,6.2,75,60,71,public,FALSE
1763,female,group C,master degree,standard,FALSE,14.4,9.2,57,82,60,international,TRUE
1764,male,group D,master degree,standard,FALSE,7.2,5.7,54,72,39,public,TRUE
1765,female,group E,associate degree,standard,FALSE,14.6,7.1,72,75,85,public,FALSE
1766,female,group B,master degree,free/reduced,TRUE,3.8,5.7,99,83,66,public,FALSE
1767,male,group C,high school,standard,TRUE,10.7,6.6,87,86,79,public,TRUE
1768,female,group B,some college,free/reduced,FALSE,8.4,,68,56,61,public,TRUE
1769,male,group A,some college,standard,FALSE,5.5,4.7,66,78,69,public,TRUE
1770,male,group B,,standard,TRUE,7.5,6.8,86,45,70,international,TRUE
1771,male,group D,some college,standard,TRUE,11.6,7,55,99,81,public,TRUE
1772,female,group C,some college,standard,FALSE,5.5,6.7,61,65,87,private,TRUE
1773,female,group A,some college,standard,FALSE,13.2,5.5,99,,65,public,TRUE
1774,male,group B,bachelor degree,,FALSE,8,7.3,79,89,77,public,TRUE
1775,female,group B,master degree,,FALSE,9.8,,60,67,92,public,TRUE
1776,female,group D,high school,standard,FALSE,3.7,,48,77,76,public,TRUE
1777,female,group B,associate degree,standard,TRUE,12.9,8,44,78,51,public,TRUE
1778,female,group C,associate degree,standard,FALSE,6.5,7.1,83,72,55,international,TRUE
1779,male,group B,some college,standard,TRUE,3.3,6.9,74,64,83,public,TRUE
1780,female,group E,bachelor degree,free/reduced,TRUE,8.7,6.6,86,81,55,public,TRUE
1781,male,group B,some college,standard,TRUE,11.6,7.3,63,63,77,public,TRUE
1782,male,group E,some college,standard,TRUE,4.3,7.5,50,80,76,public,TRUE
1783,female,group A,high school,standard,TRUE,5.4,6.4,85,,71,public,TRUE
1784,male,group D,high school,standard,FALSE,3.9,7.3,78,62,68,public,TRUE
1785,female,group A,bachelor degree,standard,FALSE,10.8,8.6,87,85,73,public,TRUE
1786,female,group C,,free/reduced,TRUE,16.7,7.3,87,51,71,public,TRUE
1787,female,group A,high school,standard,FALSE,11.6,9.3,60,77,59,private,TRUE
1788,female,group C,bachelor degree,standard,TRUE,,7.4,30,,52,public,TRUE
1789,female,group E,high school,standard,TRUE,4.9,7.6,55,89,77,public,TRUE
1790,female,group B,bachelor degree,standard,TRUE,,7.3,64,64,90,public,TRUE
1791,male,group C,high school,standard,TRUE,4.1,4.4,70,82,82,public,TRUE
1792,female,group D,,standard,TRUE,0.4,6.6,58,69,57,public,FALSE
1793,male,group D,master degree,standard,FALSE,11.6,6.7,49,58,82,public,TRUE
1794,female,group D,associate degree,free/reduced,FALSE,6.4,7.2,74,72,81,public,TRUE
1795,female,group B,high school,free/reduced,TRUE,17.2,9.1,54,65,53,public,TRUE
1796,female,group E,associate degree,standard,TRUE,12.5,7.2,44,86,53,public,TRUE
1797,female,group A,some college,standard,TRUE,20.7,,58,96,76,international,TRUE
1798,female,group E,master degree,standard,FALSE,1.6,7.3,87,62,50,public,TRUE
1799,male,group A,bachelor degree,standard,FALSE,7.8,6.7,83,66,57,private,TRUE
1800,male,group D,bachelor degree,standard,FALSE,12.1,6.9,78,70,52,public,TRUE
1801,male,group C,some college,standard,FALSE,9.1,5.8,55,50,68,private,TRUE
1802,male,group E,high school,free/reduced,TRUE,12.9,6.6,85,,55,private,TRUE
1803,female,group A,high school,standard,TRUE,18.8,11,81,47,,international,
1804,male,group E,some college,free/reduced,FALSE,5,5.2,77,66,60,public,TRUE
1805,female,group D,some college,standard,FALSE,8.1,6.3,67,57,65,public,TRUE
1806,male,group E,high school,free/reduced,FALSE,9.1,7.2,65,84,76,public,FALSE
1807,male,group C,associate degree,standard,FALSE,1.8,8.2,92,70,62,private,TRUE
1808,male,group D,associate degree,free/reduced,FALSE,21.1,6.8,60,67,92,public,TRUE
1809,male,group C,high school,free/reduced,TRUE,3.6,8.4,64,64,81,public,TRUE
1810,male,group E,high school,free/reduced,TRUE,12.6,6,60,82,64,public,TRUE
1811,male,group D,high school,free/reduced,TRUE,,8.3,80,60,100,public,TRUE
1812,male,group E,some college,free/reduced,FALSE,9.8,7.3,66,72,79,public,TRUE
1813,male,group C,some college,free/reduced,TRUE,7.3,8.4,70,93,87,public,TRUE
1814,male,group C,,standard,FALSE,9.4,6.6,75,84,,public,TRUE
1815,male,group E,high school,free/reduced,TRUE,13.6,6.8,57,100,74,public,TRUE
1816,female,group E,master degree,standard,TRUE,13.8,6.9,39,78,81,public,TRUE
1817,male,group D,high school,standard,TRUE,4.5,7.6,80,82,,private,TRUE
1818,male,group A,some college,free/reduced,TRUE,5.7,6.7,100,70,100,public,TRUE
1819,female,group C,bachelor degree,free/reduced,TRUE,2.7,7.5,72,56,83,public,TRUE
1820,male,group D,bachelor degree,standard,TRUE,15.9,5.2,61,53,80,public,TRUE
1821,female,group C,some college,free/reduced,FALSE,11.8,6.9,75,71,62,public,TRUE
1822,female,group C,some college,standard,FALSE,2.4,7.7,53,82,63,public,FALSE
1823,female,group C,some college,standard,FALSE,9.3,4.3,57,60,63,private,TRUE
1824,male,group C,high school,standard,TRUE,11.8,7.6,56,68,,private,TRUE
1825,male,group B,some college,standard,FALSE,8,7.3,80,77,51,private,TRUE
1826,female,group A,high school,free/reduced,TRUE,4.6,6.3,89,63,70,public,FALSE
1827,female,group E,high school,free/reduced,TRUE,9,7.5,40,97,87,public,
1828,male,group D,bachelor degree,standard,FALSE,9.6,7.6,50,89,67,public,TRUE
1829,female,group E,some college,,FALSE,12.4,8.7,99,73,,public,
1830,male,group C,bachelor degree,free/reduced,FALSE,0.5,6.1,82,100,85,public,TRUE
1831,male,group C,some college,standard,TRUE,11.1,7.3,37,53,66,private,TRUE
1832,female,group D,associate degree,standard,FALSE,11.7,8.1,71,92,87,private,TRUE
1833,female,group D,master degree,standard,FALSE,11,9.4,63,62,78,public,TRUE
1834,male,group C,some college,standard,FALSE,3.6,6.2,96,68,61,private,TRUE
1835,male,group B,high school,standard,FALSE,7.4,7.7,71,60,83,private,TRUE
1836,female,group C,master degree,standard,TRUE,8.8,7.1,85,71,77,public,TRUE
1837,male,group D,master degree,standard,FALSE,7.3,7.8,58,73,84,public,TRUE
1838,female,group E,some college,standard,FALSE,9.2,7.8,82,71,82,public,TRUE
1839,male,group C,bachelor degree,standard,TRUE,9.4,7.9,70,64,62,public,TRUE
1840,female,group C,associate degree,free/reduced,TRUE,11.1,6.5,81,57,72,public,TRUE
1841,male,group C,high school,standard,FALSE,9.1,5.7,92,70,66,private,TRUE
1842,female,group C,,free/reduced,FALSE,16.4,6.1,82,56,70,public,TRUE
1843,male,group E,associate degree,free/reduced,FALSE,15.5,,67,94,62,public,
1844,male,group D,,free/reduced,FALSE,15.3,5.5,71,72,68,public,TRUE
1845,male,group C,high school,free/reduced,TRUE,16.5,7.2,91,61,62,public,FALSE
1846,female,group D,some college,free/reduced,TRUE,18.1,7.2,54,76,56,public,TRUE
1847,female,group A,some college,standard,TRUE,16.1,5.9,77,66,67,public,TRUE
1848,male,group A,bachelor degree,free/reduced,FALSE,2.2,8.6,56,82,53,public,TRUE
1849,male,group C,high school,standard,TRUE,17.5,8.6,63,65,59,international,TRUE
1850,female,group B,high school,free/reduced,TRUE,2.2,6.3,75,89,59,private,TRUE
1851,female,group B,some college,free/reduced,TRUE,4.6,5.4,90,74,58,public,TRUE
1852,male,group E,bachelor degree,standard,FALSE,10,6.5,61,48,,public,
1853,female,group E,,standard,FALSE,12.6,,47,59,43,public,TRUE
1854,male,group A,associate degree,standard,FALSE,13.8,6.5,80,67,69,private,TRUE
1855,male,group D,,standard,FALSE,3.5,5.8,78,69,,private,TRUE
1856,female,group A,associate degree,standard,TRUE,5.5,7.2,62,50,46,public,TRUE
1857,male,group E,bachelor degree,standard,TRUE,16.3,7.8,53,68,71,public,TRUE
1858,male,group B,associate degree,free/reduced,FALSE,18.2,7.6,58,83,47,public,FALSE
1859,male,group B,some college,standard,FALSE,18.3,6,61,75,29,public,TRUE
1860,female,group D,high school,standard,FALSE,5.6,6.6,73,84,50,public,TRUE
1861,male,group B,bachelor degree,standard,FALSE,10.9,5.9,84,56,76,public,FALSE
1862,female,group B,master degree,standard,TRUE,10.6,6.2,65,59,67,public,TRUE
1863,female,group B,high school,standard,FALSE,7.7,6.4,95,52,68,international,TRUE
1864,male,group C,,standard,FALSE,,5.6,54,64,45,public,FALSE
1865,female,group B,associate degree,standard,TRUE,11,7.6,38,71,79,public,TRUE
1866,male,group B,associate degree,standard,TRUE,9.7,8.2,51,77,85,public,FALSE
1867,female,group D,master degree,free/reduced,TRUE,,6,86,60,56,public,TRUE
1868,female,group E,,standard,FALSE,10.3,9.2,61,72,83,public,
1869,male,group A,some college,standard,FALSE,10.7,6.4,68,67,81,public,TRUE
1870,male,group B,bachelor degree,free/reduced,FALSE,8.8,6.8,86,84,75,international,TRUE
1871,female,group C,master degree,free/reduced,TRUE,0.7,8,38,49,61,international,TRUE
1872,male,group D,associate degree,free/reduced,FALSE,11.4,8.3,67,78,75,public,TRUE
1873,female,group C,high school,standard,FALSE,3.4,,69,,,public,TRUE
1874,male,group E,associate degree,standard,TRUE,12.8,5.8,78,48,55,public,TRUE
1875,female,group D,some college,standard,TRUE,18.7,7.5,55,67,76,international,FALSE
1876,female,group E,high school,standard,FALSE,7.5,7.3,53,63,76,international,
1877,male,group E,,standard,TRUE,10.9,7,56,81,65,public,TRUE
1878,male,group C,high school,standard,TRUE,9.6,5.3,92,73,54,public,TRUE
1879,female,group B,some college,free/reduced,FALSE,7.8,6.2,52,98,,private,TRUE
1880,male,group B,some college,free/reduced,FALSE,11.9,8.7,79,63,69,public,TRUE
1881,female,group C,master degree,standard,TRUE,17.8,,77,64,71,private,TRUE
1882,female,group B,,,FALSE,,9.6,65,45,60,private,TRUE
1883,male,group A,high school,free/reduced,TRUE,0,8.1,73,75,68,international,TRUE
1884,female,group A,associate degree,,FALSE,8.8,7.8,73,63,,public,TRUE
1885,female,group C,associate degree,standard,TRUE,9,9.3,75,79,75,public,
1886,female,group D,,standard,FALSE,13.2,8.4,78,64,77,public,TRUE
1887,female,group C,high school,standard,TRUE,2.6,6,53,87,67,public,TRUE
1888,male,group D,,standard,FALSE,13.8,9.8,65,90,61,international,TRUE
1889,male,group E,high school,free/reduced,TRUE,14.2,6.5,58,93,63,public,TRUE
1890,male,group D,high school,standard,FALSE,7.3,7.4,39,58,84,public,TRUE
1891,male,group B,high school,free/reduced,FALSE,5.8,9.8,73,51,61,public,TRUE
1892,male,group B,some college,standard,TRUE,3.8,,68,,47,international,TRUE
1893,male,group B,associate degree,standard,TRUE,14.7,7.3,81,75,54,international,TRUE
1894,male,group D,high school,standard,TRUE,,8,71,,57,public,TRUE
1895,female,group C,,standard,FALSE,16.4,8.1,67,74,88,international,TRUE
1896,female,group E,bachelor degree,free/reduced,TRUE,4.1,8.7,51,86,52,public,TRUE
1897,male,group D,bachelor degree,free/reduced,TRUE,17.5,6.3,48,87,70,public,TRUE
1898,female,group C,,standard,TRUE,11.3,5.6,53,100,77,public,FALSE
1899,female,group C,bachelor degree,standard,TRUE,5,8,95,51,67,public,TRUE
1900,female,group B,some college,standard,TRUE,12.8,5.2,52,84,91,private,TRUE
1901,female,group E,bachelor degree,standard,TRUE,3.9,5.7,73,50,91,private,TRUE
1902,female,group C,high school,standard,TRUE,14.9,7.2,75,89,100,international,FALSE
1903,female,group E,,free/reduced,TRUE,10,,86,82,,public,FALSE
1904,male,group B,some college,standard,TRUE,12.6,6,59,72,94,public,TRUE
1905,female,group D,high school,free/reduced,TRUE,2,4.7,79,63,54,private,
1906,male,group A,master degree,standard,FALSE,8.8,8.1,79,99,83,public,TRUE
1907,male,group A,master degree,free/reduced,FALSE,8.7,7.5,91,75,61,public,TRUE
1908,male,group D,bachelor degree,standard,TRUE,8.6,5.5,68,98,80,public,TRUE
1909,male,group E,bachelor degree,standard,FALSE,19.3,,56,100,90,public,TRUE
1910,female,group B,master degree,standard,FALSE,,9,66,69,58,public,TRUE
1911,female,group D,high school,standard,FALSE,1.8,8.9,55,49,78,private,TRUE
1912,male,group E,bachelor degree,standard,TRUE,9.6,6.6,47,37,53,public,TRUE
1913,male,group D,bachelor degree,standard,TRUE,5.8,8.4,100,73,82,international,TRUE
1914,female,group E,some college,free/reduced,FALSE,16.4,6.5,68,74,49,public,TRUE
1915,male,group C,associate degree,standard,FALSE,,8.4,91,68,73,private,TRUE
1916,male,group B,bachelor degree,free/reduced,TRUE,3.9,5.6,74,84,82,public,TRUE
1917,female,group B,bachelor degree,standard,TRUE,9.1,9.1,67,67,49,public,TRUE
1918,female,group C,high school,standard,TRUE,13.2,7.3,61,74,72,public,TRUE
1919,female,group C,some college,free/reduced,FALSE,,6.9,77,77,77,international,TRUE
1920,male,group C,high school,standard,FALSE,15.3,,100,79,82,public,TRUE
1921,male,group D,bachelor degree,standard,FALSE,,,70,67,73,public,TRUE
1922,male,group C,master degree,standard,FALSE,13.2,10.1,66,,86,private,TRUE
1923,female,group E,associate degree,standard,FALSE,15.4,8.3,94,67,64,private,FALSE
1924,male,group A,master degree,free/reduced,FALSE,7.2,,72,76,84,public,TRUE
1925,female,group D,bachelor degree,standard,TRUE,11.2,7.4,71,57,51,private,TRUE
1926,male,group A,,standard,TRUE,6.2,9.7,69,66,55,public,TRUE
1927,male,group D,bachelor degree,standard,TRUE,12.7,7,81,48,43,public,TRUE
1928,female,group C,some college,free/reduced,FALSE,4.2,5.8,52,79,51,public,TRUE
1929,male,group B,,standard,FALSE,10.2,7.7,51,76,81,public,TRUE
1930,male,group B,high school,free/reduced,FALSE,11.4,8.2,64,64,84,public,TRUE
1931,female,group D,master degree,standard,FALSE,3.6,6.7,74,,44,public,TRUE
1932,female,group C,some college,standard,FALSE,13.1,7.9,44,78,62,public,TRUE
1933,female,group A,,standard,FALSE,0,7.3,70,33,59,public,TRUE
1934,female,group A,high school,free/reduced,TRUE,6.1,8.3,69,64,63,public,TRUE
1935,male,group A,master degree,standard,FALSE,6.5,9.2,68,85,73,private,TRUE
1936,female,group C,,standard,TRUE,13.6,8.3,72,100,73,public,TRUE
1937,male,group C,high school,free/reduced,FALSE,11.3,,66,57,58,private,FALSE
1938,female,group B,associate degree,free/reduced,FALSE,8.9,7.8,88,66,69,public,TRUE
1939,female,group E,bachelor degree,standard,TRUE,0,6.1,44,80,72,public,TRUE
1940,female,group E,high school,standard,TRUE,,7.1,83,50,92,private,TRUE
1941,female,group C,some college,free/reduced,FALSE,2.7,9.3,83,35,83,public,TRUE
1942,male,group A,,free/reduced,FALSE,,6.3,68,63,68,international,FALSE
1943,male,group B,,standard,TRUE,6.3,5.9,85,76,53,public,TRUE
1944,male,group A,high school,free/reduced,FALSE,6.7,9,64,75,,international,TRUE
1945,female,group E,high school,standard,TRUE,5.2,6,66,,58,private,TRUE
1946,male,group A,some college,standard,FALSE,14.3,6.6,60,84,54,private,TRUE
1947,female,group A,associate degree,free/reduced,TRUE,13.6,6.7,77,48,69,public,TRUE
1948,male,group E,some college,free/reduced,TRUE,16.6,6.2,50,55,74,public,TRUE
1949,female,group A,high school,standard,TRUE,11.7,7,96,70,75,public,TRUE
1950,male,group D,bachelor degree,free/reduced,FALSE,14.7,6.7,96,93,65,private,TRUE
1951,female,group E,high school,standard,FALSE,8.2,4.8,71,49,89,public,
1952,female,group B,some college,standard,FALSE,3.8,9.3,89,75,84,public,TRUE
1953,male,group C,associate degree,standard,FALSE,6.5,8.5,70,47,83,public,TRUE
1954,male,group C,bachelor degree,free/reduced,FALSE,9.5,6.4,93,90,64,private,TRUE
1955,female,group D,high school,standard,TRUE,11.4,6.5,95,69,82,private,TRUE
1956,male,group B,some college,standard,FALSE,10.3,7,76,,65,public,FALSE
1957,female,group B,high school,standard,TRUE,6.4,5.4,50,100,58,public,TRUE
1958,female,group D,high school,standard,FALSE,,,54,72,91,private,
1959,male,group C,bachelor degree,standard,FALSE,9.8,9.6,69,67,83,public,TRUE
1960,female,group B,some college,,FALSE,9,4.9,91,71,73,public,TRUE
1961,female,group D,high school,standard,TRUE,1.9,5.3,76,39,79,public,FALSE
1962,female,group A,associate degree,standard,TRUE,7.9,6.6,90,74,69,private,TRUE
1963,male,group E,associate degree,free/reduced,TRUE,13.7,6.6,69,56,70,private,TRUE
1964,male,group B,associate degree,standard,FALSE,9,7.9,72,,49,public,TRUE
1965,female,group C,high school,free/reduced,TRUE,10.7,7.7,73,67,56,public,TRUE
1966,female,group D,associate degree,free/reduced,FALSE,13.3,6,50,69,87,public,TRUE
1967,male,group E,high school,standard,FALSE,17.9,9.4,100,63,67,international,TRUE
1968,male,group E,some college,free/reduced,FALSE,6,5.3,96,48,89,public,TRUE
1969,female,group A,bachelor degree,free/reduced,FALSE,7.9,,85,80,87,public,
1970,male,group D,master degree,free/reduced,FALSE,17.1,8.3,71,57,80,public,TRUE
1971,male,group D,high school,standard,TRUE,0,7,63,61,72,public,TRUE
1972,female,group C,high school,standard,TRUE,0,7.4,84,91,84,private,FALSE
1973,female,group D,some college,free/reduced,TRUE,10.5,5.5,69,96,88,public,TRUE
1974,male,group A,some college,standard,TRUE,4.6,4.4,62,96,72,private,TRUE
1975,male,group C,some college,standard,TRUE,9,5.1,62,100,65,public,TRUE
1976,male,group C,bachelor degree,standard,FALSE,0,7.1,69,86,42,public,FALSE
1977,male,group C,master degree,standard,TRUE,20.6,7,79,60,71,private,FALSE
1978,male,group C,bachelor degree,standard,TRUE,6.2,7.1,73,91,86,public,TRUE
1979,female,group B,bachelor degree,free/reduced,FALSE,1.8,9.2,67,88,82,private,TRUE
1980,female,group E,some college,standard,TRUE,11.5,7.1,48,55,58,international,TRUE
1981,male,group B,bachelor degree,standard,FALSE,12.8,6.5,71,60,61,public,TRUE
1982,male,group C,master degree,standard,TRUE,7.3,8.2,92,62,70,public,TRUE
1983,male,group E,bachelor degree,free/reduced,TRUE,17.1,10.6,70,80,86,international,TRUE
1984,male,group B,high school,free/reduced,FALSE,,9.4,38,65,58,public,TRUE
1985,female,group E,associate degree,standard,FALSE,6.1,,62,62,75,public,FALSE
1986,female,group B,high school,standard,TRUE,10.6,7.6,73,76,67,public,TRUE
1987,female,group D,associate degree,standard,FALSE,8.1,6.3,83,78,62,private,TRUE
1988,male,group C,some college,free/reduced,FALSE,12.8,,67,54,52,public,TRUE
1989,female,group A,high school,standard,FALSE,1.4,7.4,54,62,58,public,TRUE
1990,female,group E,some college,standard,TRUE,11.8,7.3,57,50,45,international,TRUE
1991,female,group D,master degree,standard,FALSE,13.4,7.7,53,61,84,public,TRUE
1992,male,group C,some college,standard,FALSE,11.6,6.8,67,90,68,public,TRUE
1993,male,group E,some college,free/reduced,FALSE,6.8,7.8,88,80,67,private,TRUE
1994,male,group A,,standard,TRUE,13.2,5.3,36,78,64,private,FALSE
1995,female,group C,bachelor degree,free/reduced,TRUE,4.7,4.6,72,40,67,public,TRUE
1996,male,group B,high school,standard,FALSE,7.5,6.2,75,,65,public,TRUE
1997,female,group D,associate degree,standard,FALSE,10.3,8.2,48,81,66,public,FALSE
1998,male,group E,master degree,free/reduced,TRUE,12.3,5.7,89,65,88,public,TRUE
1999,male,group A,high school,standard,TRUE,7.3,8.4,65,66,80,private,FALSE
2000,female,group E,bachelor degree,standard,FALSE,12.8,,66,62,51,public,TRUE
2001,female,group C,associate degree,free/reduced,FALSE,4.3,,79,74,,international,TRUE
2002,female,group E,high school,standard,FALSE,4.4,7.4,49,60,59,public,TRUE
2003,male,group B,high school,standard,FALSE,,8.5,74,84,83,private,TRUE
2004,male,group C,associate degree,standard,FALSE,12.6,5.4,58,85,83,public,TRUE
2005,female,group C,some college,free/reduced,TRUE,14,,66,77,57,international,TRUE
2006,female,group D,master degree,,FALSE,11.5,6.7,53,58,54,public,TRUE
2007,male,group A,,standard,FALSE,6.3,,45,98,83,public,TRUE
2008,male,group C,bachelor degree,standard,FALSE,15,6.2,63,71,81,international,TRUE
2009,male,group E,master degree,standard,FALSE,10.6,7.4,67,74,50,public,TRUE
2010,female,group C,bachelor degree,free/reduced,FALSE,10.9,6.6,78,74,54,public,TRUE
2011,male,group E,associate degree,standard,TRUE,5.8,6.8,80,81,89,private,TRUE
2012,female,group E,some college,free/reduced,TRUE,7.9,5.7,73,100,73,public,TRUE
2013,female,group D,bachelor degree,standard,TRUE,7.8,8.3,68,70,86,public,TRUE
2014,female,group A,,standard,TRUE,,7,53,80,60,private,FALSE
2015,female,group B,some college,standard,FALSE,5,6.1,62,81,71,public,TRUE
2016,male,group D,bachelor degree,free/reduced,TRUE,11.8,7,62,62,56,public,TRUE
2017,male,group B,some college,standard,FALSE,0.2,5.8,78,79,100,private,TRUE
2018,female,group C,associate degree,standard,FALSE,10.4,9.6,83,84,73,private,TRUE
2019,male,group E,high school,standard,TRUE,6.1,8.1,71,69,61,public,TRUE
2020,female,group C,master degree,standard,FALSE,10.7,8.5,70,79,70,private,TRUE
2021,male,group B,associate degree,free/reduced,TRUE,6.4,7.7,63,55,96,public,TRUE
2022,female,group C,high school,standard,FALSE,10.2,6.6,91,68,100,private,TRUE
2023,male,group C,bachelor degree,standard,TRUE,9.9,7.4,75,71,83,public,TRUE
2024,female,group B,high school,standard,TRUE,8.8,4.3,84,63,75,public,TRUE
2025,female,group B,associate degree,standard,TRUE,5.8,7.2,99,77,76,public,TRUE
2026,female,group D,some college,standard,TRUE,7,,85,50,87,public,TRUE
2027,male,group A,associate degree,standard,TRUE,,6.4,65,74,85,public,TRUE
2028,male,group C,high school,free/reduced,FALSE,5.7,7,72,77,77,private,FALSE
2029,female,group A,associate degree,standard,TRUE,17.8,7,52,56,74,public,TRUE
2030,male,group D,some college,free/reduced,TRUE,6.4,9.2,69,,67,public,FALSE
2031,female,group E,some college,free/reduced,FALSE,,8.7,40,94,88,public,TRUE
2032,female,group C,high school,standard,TRUE,0,,92,59,71,public,TRUE
2033,male,group D,high school,standard,TRUE,9.8,7.8,69,77,90,public,TRUE
2034,male,group B,bachelor degree,standard,FALSE,11.7,8.1,41,79,49,public,TRUE
2035,male,group D,associate degree,standard,TRUE,6,6.4,75,88,59,public,TRUE
2036,female,group B,associate degree,standard,TRUE,14.6,8.5,59,68,81,private,TRUE
2037,female,group B,bachelor degree,free/reduced,TRUE,6.5,8,82,85,42,public,TRUE
2038,female,group B,associate degree,free/reduced,FALSE,9,6.8,63,71,87,public,TRUE
2039,male,group C,bachelor degree,free/reduced,TRUE,0.9,6.3,59,67,100,public,TRUE
2040,female,group C,bachelor degree,standard,FALSE,5.2,7.7,77,74,74,international,TRUE
2041,female,group B,master degree,standard,FALSE,6.1,7.3,84,70,58,private,TRUE
2042,male,group C,bachelor degree,standard,FALSE,1.7,7.3,97,75,62,public,TRUE
2043,male,group B,some college,free/reduced,FALSE,,6.5,82,83,84,private,TRUE
2044,female,group E,associate degree,standard,FALSE,11.7,8.7,48,76,51,private,TRUE
2045,female,group C,some college,standard,TRUE,8.4,7.8,69,44,75,public,TRUE
2046,female,group C,some college,free/reduced,FALSE,11.7,8.1,92,53,66,public,TRUE
2047,female,group B,high school,free/reduced,FALSE,1.9,5.1,71,84,100,international,TRUE
2048,female,group D,master degree,free/reduced,FALSE,15.9,9.1,70,86,59,public,TRUE
2049,female,group E,some college,standard,FALSE,4.7,7,67,66,83,public,FALSE
2050,female,group E,high school,standard,FALSE,5.1,6.4,88,,83,public,TRUE
2051,male,group B,some college,standard,FALSE,12.3,6,68,61,77,public,TRUE
2052,female,group D,,standard,TRUE,25.4,8.7,66,87,59,public,TRUE
2053,male,group D,bachelor degree,standard,TRUE,,5.8,53,63,69,public,TRUE
2054,female,group A,high school,free/reduced,FALSE,7.7,7.1,61,37,88,international,TRUE
2055,male,group A,master degree,free/reduced,FALSE,12.8,8.4,47,,76,private,TRUE
2056,male,group C,some college,standard,FALSE,7.1,8.3,90,92,71,international,TRUE
2057,female,group D,bachelor degree,standard,TRUE,6.5,8.9,68,100,72,public,TRUE
2058,female,group B,some college,free/reduced,TRUE,8.8,8.3,64,59,52,public,TRUE
2059,female,group D,,free/reduced,FALSE,8.1,7.8,72,55,54,international,TRUE
2060,female,group B,bachelor degree,standard,FALSE,8.8,7.6,63,46,74,private,TRUE
2061,female,group D,high school,free/reduced,FALSE,11.9,8,81,59,81,private,TRUE
2062,female,group C,high school,free/reduced,FALSE,10.9,8,58,94,78,public,
2063,male,group B,bachelor degree,standard,FALSE,4,7.8,70,33,44,public,TRUE
2064,female,group E,some college,standard,FALSE,11.5,9.1,71,95,74,public,TRUE
2065,female,group A,some college,free/reduced,FALSE,7.7,7.2,90,91,,public,FALSE
2066,female,group A,high school,standard,FALSE,5.8,9.2,45,47,88,private,TRUE
2067,female,group B,some college,standard,FALSE,10.3,5.8,51,47,58,public,TRUE
2068,female,group E,some college,free/reduced,TRUE,,,65,33,,private,TRUE
2069,male,group B,high school,free/reduced,FALSE,,6.1,85,81,83,international,TRUE
2070,female,group C,associate degree,standard,TRUE,9.9,8.2,59,83,67,public,TRUE
2071,female,group A,some college,standard,FALSE,,6.7,64,62,78,public,TRUE
2072,female,group C,associate degree,standard,TRUE,10.7,6.8,79,75,64,public,
2073,male,group D,,free/reduced,FALSE,13.1,6.7,70,65,,private,TRUE
2074,female,group B,associate degree,standard,TRUE,8.2,6.3,59,81,71,public,TRUE
2075,male,group D,associate degree,free/reduced,FALSE,5,5.3,74,74,63,public,TRUE
2076,male,group A,some college,free/reduced,FALSE,3.6,5.8,100,82,59,public,TRUE
2077,female,group C,high school,standard,TRUE,13.4,5.1,68,60,76,international,TRUE
2078,male,group E,bachelor degree,standard,FALSE,4.4,5.6,87,80,88,public,TRUE
2079,male,group C,some college,free/reduced,TRUE,5,6.5,75,73,60,public,TRUE
2080,male,group C,some college,,FALSE,9.5,8.8,39,82,86,public,TRUE
2081,female,group C,bachelor degree,standard,FALSE,2.7,6.2,70,93,57,international,FALSE
2082,female,group D,associate degree,standard,FALSE,6.9,6.7,59,94,66,public,TRUE
2083,male,group C,master degree,standard,FALSE,3.3,9.1,79,61,69,public,TRUE
2084,male,group B,master degree,standard,FALSE,9.9,9.2,64,99,94,public,TRUE
2085,female,group C,high school,standard,TRUE,9.3,6.5,69,69,61,public,TRUE
2086,female,group D,master degree,standard,FALSE,13.9,7.3,59,61,63,private,TRUE
2087,male,group C,bachelor degree,free/reduced,FALSE,16,7.1,78,66,59,public,TRUE
2088,female,group A,associate degree,free/reduced,TRUE,8.8,6.4,83,69,66,public,TRUE
2089,male,group D,high school,free/reduced,FALSE,7.9,7.2,54,,79,public,TRUE
2090,female,group C,some college,free/reduced,FALSE,2.5,5.2,67,71,71,international,TRUE
2091,male,group A,bachelor degree,standard,TRUE,4.8,7.3,66,54,68,private,TRUE
2092,male,group E,,free/reduced,FALSE,,7.3,74,55,62,public,TRUE
2093,male,group E,bachelor degree,free/reduced,FALSE,0,6.8,80,65,71,public,
2094,male,group C,high school,free/reduced,FALSE,11,6.9,57,72,83,public,TRUE
2095,female,group A,associate degree,standard,FALSE,13.1,7.2,64,,65,private,TRUE
2096,male,group A,associate degree,free/reduced,TRUE,5.3,9.5,37,57,69,public,TRUE
2097,female,group C,bachelor degree,standard,TRUE,2.9,6.8,77,54,67,public,TRUE
2098,female,group D,associate degree,free/reduced,TRUE,8.5,7.7,51,73,70,international,TRUE
2099,female,group A,bachelor degree,standard,TRUE,3.6,6.4,60,93,82,private,TRUE
2100,female,group E,high school,free/reduced,FALSE,6.1,6.5,41,,87,public,
2101,female,group C,high school,free/reduced,TRUE,12.1,5.2,64,83,53,private,TRUE
2102,male,group E,bachelor degree,standard,TRUE,6.2,9.3,52,90,71,public,TRUE
2103,male,group E,master degree,standard,TRUE,6,8.5,50,83,,public,TRUE
2104,female,group C,bachelor degree,standard,TRUE,,7.1,74,93,100,private,TRUE
2105,female,group B,some college,standard,TRUE,11.8,6.9,83,72,55,public,TRUE
2106,female,group A,some college,free/reduced,FALSE,2.8,6.3,62,67,,public,TRUE
2107,female,group D,high school,standard,FALSE,13.2,5.9,85,82,81,public,TRUE
2108,male,group C,high school,free/reduced,FALSE,11.1,7.9,62,69,73,international,TRUE
2109,female,group D,associate degree,standard,FALSE,,8.7,62,74,46,public,TRUE
2110,female,group D,high school,standard,TRUE,8.8,,58,82,72,public,TRUE
2111,female,group E,some college,standard,FALSE,4.4,7.7,65,79,,public,TRUE
2112,female,group A,associate degree,standard,TRUE,7.9,5.8,69,83,81,private,TRUE
2113,male,group B,some college,standard,FALSE,8.7,7.6,69,83,74,public,TRUE
2114,female,group D,some college,free/reduced,TRUE,13.7,,63,79,62,international,TRUE
2115,female,group E,master degree,free/reduced,TRUE,4.7,,68,58,,public,FALSE
2116,female,group A,high school,free/reduced,FALSE,,,46,71,70,private,TRUE
2117,male,group E,bachelor degree,standard,FALSE,11.7,6.3,54,86,70,public,TRUE
2118,male,group B,some college,standard,TRUE,,6.6,68,50,61,public,TRUE
2119,female,group A,high school,standard,TRUE,1.9,6.9,63,72,80,public,TRUE
2120,female,group D,bachelor degree,standard,FALSE,3.7,8.6,60,100,75,public,FALSE
2121,male,group B,bachelor degree,free/reduced,TRUE,9.4,,43,100,80,public,TRUE
2122,female,group E,master degree,standard,TRUE,5.7,5.3,74,70,57,public,TRUE
2123,female,group E,,free/reduced,TRUE,21.2,8,81,74,53,public,TRUE
2124,male,group C,some college,standard,FALSE,19.1,6.8,44,75,69,public,TRUE
2125,male,group B,bachelor degree,standard,FALSE,14.6,7.1,85,63,56,public,TRUE
2126,male,group B,bachelor degree,free/reduced,TRUE,13.9,7.7,62,72,53,private,TRUE
2127,male,group E,bachelor degree,free/reduced,TRUE,12.1,8.1,73,59,63,public,
2128,male,group C,associate degree,standard,FALSE,10.1,,73,77,75,international,TRUE
2129,male,group C,some college,standard,FALSE,,8,61,,77,public,TRUE
2130,male,group D,bachelor degree,standard,TRUE,4.3,,81,100,,public,TRUE
2131,male,group E,some college,standard,FALSE,12.4,6,45,91,88,public,FALSE
2132,male,group A,high school,standard,TRUE,10.7,,67,,75,public,TRUE
2133,male,group C,high school,standard,TRUE,10.4,7.9,72,60,79,private,TRUE
2134,female,group C,some college,standard,TRUE,3.7,7.1,57,53,53,public,TRUE
2135,male,group E,associate degree,free/reduced,TRUE,13.8,7.2,63,57,82,private,TRUE
2136,female,group A,master degree,standard,FALSE,15.8,7.2,77,86,76,public,TRUE
2137,male,group A,some college,standard,TRUE,16.8,7.7,65,52,,international,TRUE
2138,female,group C,bachelor degree,free/reduced,TRUE,12.3,7,54,58,66,public,TRUE
2139,female,group C,high school,standard,TRUE,,9,82,76,78,public,TRUE
2140,male,group B,master degree,free/reduced,FALSE,11.5,,97,72,57,private,FALSE
2141,female,group D,master degree,standard,TRUE,5.1,,27,59,56,international,
2142,female,group B,high school,standard,TRUE,8.3,8.8,40,65,25,private,TRUE
2143,male,group C,some college,standard,TRUE,7.3,6.8,100,87,76,public,TRUE
2144,female,group B,associate degree,standard,TRUE,5.1,6.1,83,88,66,private,TRUE
2145,male,group E,some college,free/reduced,FALSE,15.3,5.4,46,,63,private,TRUE
2146,female,group A,bachelor degree,free/reduced,FALSE,20.6,6.4,60,100,87,public,TRUE
2147,male,group A,high school,standard,FALSE,3.7,7.8,58,70,43,public,TRUE
2148,male,group C,associate degree,free/reduced,FALSE,,8.4,53,74,91,private,TRUE
2149,female,group B,associate degree,standard,FALSE,7.8,10,86,64,86,public,TRUE
2150,male,group C,associate degree,free/reduced,FALSE,2.5,9.1,81,93,75,public,TRUE
2151,male,group D,bachelor degree,free/reduced,FALSE,10.3,5.9,75,59,58,public,TRUE
2152,female,group A,bachelor degree,free/reduced,TRUE,,,80,78,69,public,TRUE
2153,male,group C,bachelor degree,standard,FALSE,2.8,7.6,86,56,69,public,FALSE
2154,male,group D,master degree,standard,TRUE,9.7,6.3,78,82,61,public,TRUE
2155,male,group C,some college,standard,TRUE,12.4,4.1,70,63,75,private,TRUE
2156,female,group B,some college,standard,FALSE,0,8.2,77,,71,public,TRUE
2157,female,group C,associate degree,standard,TRUE,7,6.1,47,59,81,public,TRUE
2158,male,group A,master degree,free/reduced,FALSE,,5.9,64,48,66,private,FALSE
2159,female,group D,some college,standard,FALSE,13.4,,49,62,57,international,TRUE
2160,female,group C,master degree,standard,FALSE,5.7,8,70,70,34,public,TRUE
2161,female,group C,master degree,free/reduced,FALSE,0.8,5.7,76,64,42,public,TRUE
2162,male,group D,bachelor degree,free/reduced,FALSE,11,5.8,76,61,82,international,TRUE
2163,male,group D,associate degree,standard,FALSE,14.5,6.4,47,91,68,private,FALSE
2164,female,group D,high school,standard,TRUE,11.1,6.5,56,97,82,international,TRUE
2165,female,group C,associate degree,standard,FALSE,1.7,7.7,77,80,68,private,TRUE
2166,male,group B,bachelor degree,standard,FALSE,5.8,9,92,86,63,private,TRUE
2167,male,group C,bachelor degree,standard,FALSE,10.8,7.4,56,89,83,public,TRUE
2168,female,group D,associate degree,standard,FALSE,7.5,8.4,96,73,79,public,FALSE
2169,male,group E,master degree,free/reduced,FALSE,1.6,6.5,82,71,68,public,TRUE
2170,male,group B,associate degree,standard,TRUE,7.9,4.3,79,80,82,public,TRUE
2171,male,group B,high school,free/reduced,FALSE,7.7,6.9,42,83,83,public,TRUE
2172,male,group B,high school,free/reduced,TRUE,18.4,4.9,82,71,52,public,TRUE
2173,female,group B,high school,standard,TRUE,6.1,8.3,55,62,60,private,TRUE
2174,male,group E,bachelor degree,standard,FALSE,15.4,8.9,83,69,61,public,TRUE
2175,female,group A,high school,standard,TRUE,4.5,8.3,57,74,60,international,TRUE
2176,female,group E,some college,standard,TRUE,12.9,8.3,83,53,84,public,TRUE
2177,female,group C,associate degree,standard,TRUE,3.7,6.6,59,,51,private,TRUE
2178,female,group D,high school,free/reduced,TRUE,,6.7,80,71,74,public,TRUE
2179,female,group D,some college,standard,TRUE,10.9,4.4,60,74,58,public,TRUE
2180,female,group C,high school,free/reduced,FALSE,10.9,7.7,27,79,100,private,TRUE
2181,female,group C,high school,standard,TRUE,11.1,7.2,69,99,72,public,
2182,female,group A,high school,standard,FALSE,12.9,,64,,57,private,TRUE
2183,female,group C,some college,standard,TRUE,14.7,9.8,36,60,50,public,TRUE
2184,female,group E,high school,standard,TRUE,8.4,6.3,65,68,77,public,TRUE
2185,male,group A,master degree,standard,TRUE,6.9,10.1,68,71,64,public,TRUE
2186,male,group A,some college,standard,FALSE,16.3,5.7,64,75,62,private,TRUE
2187,female,group A,high school,standard,FALSE,5.8,8.5,92,67,70,private,TRUE
2188,female,group D,bachelor degree,free/reduced,TRUE,3.3,7.4,59,73,99,public,TRUE
2189,male,group D,high school,free/reduced,TRUE,0,5.8,59,73,63,public,TRUE
2190,male,group C,,standard,FALSE,11.2,8.7,57,80,74,public,TRUE
2191,female,group C,bachelor degree,standard,TRUE,17,7.9,83,100,68,public,TRUE
2192,female,group B,high school,free/reduced,FALSE,7.9,5.9,61,76,92,public,
2193,male,group B,bachelor degree,standard,FALSE,,8.3,82,74,51,public,TRUE
2194,male,group E,high school,free/reduced,FALSE,9.5,10,65,73,56,private,TRUE
2195,male,group D,some college,standard,FALSE,,,74,,57,private,TRUE
2196,male,group C,some college,standard,FALSE,,8.2,78,72,,public,TRUE
2197,female,group A,associate degree,standard,TRUE,13.6,5.7,81,72,69,public,TRUE
2198,female,group E,bachelor degree,free/reduced,TRUE,15,5.6,76,59,61,public,TRUE
2199,male,group E,high school,standard,FALSE,,5.6,83,67,68,private,TRUE
2200,male,group B,bachelor degree,standard,FALSE,4.3,,63,88,79,private,TRUE
2201,male,group D,some college,standard,TRUE,13.3,8.2,43,84,62,public,
2202,male,group D,,standard,TRUE,13.4,7.9,69,73,69,public,TRUE
2203,female,group C,some college,free/reduced,FALSE,6.1,6.2,54,56,100,public,
2204,female,group B,high school,free/reduced,FALSE,3.6,7,84,70,66,public,TRUE
2205,male,group C,master degree,standard,TRUE,20.2,,63,57,,international,TRUE
2206,female,group B,bachelor degree,standard,FALSE,14.3,7.7,50,87,69,public,TRUE
2207,female,group A,,free/reduced,TRUE,3,6.7,52,92,74,international,TRUE
2208,female,group C,bachelor degree,standard,TRUE,11.7,5.3,89,,75,public,TRUE
2209,female,group D,high school,free/reduced,FALSE,,8.1,89,71,100,public,TRUE
2210,female,group C,high school,standard,TRUE,7.8,6.5,62,66,69,public,TRUE
2211,male,group C,master degree,free/reduced,FALSE,1.1,7.8,79,63,43,public,TRUE
2212,male,group A,bachelor degree,free/reduced,FALSE,11.1,9.4,71,60,,public,TRUE
2213,male,group C,associate degree,standard,FALSE,8.6,5.1,49,72,59,private,TRUE
2214,female,group D,master degree,standard,FALSE,11.4,6.7,67,,80,public,TRUE
2215,female,group B,some college,standard,TRUE,7.2,6.8,71,,76,private,TRUE
2216,female,group B,associate degree,free/reduced,FALSE,10.7,8.9,75,86,81,public,TRUE
2217,female,group C,some college,standard,FALSE,,6.7,52,77,77,public,TRUE
2218,female,group E,high school,standard,FALSE,11.7,6.5,65,69,74,public,TRUE
2219,female,group C,high school,free/reduced,FALSE,6.3,8.2,75,77,82,international,TRUE
2220,male,group B,some college,free/reduced,FALSE,14.6,,97,87,68,private,TRUE
2221,female,group D,associate degree,standard,TRUE,20.9,7,55,61,90,public,TRUE
2222,male,group C,high school,standard,TRUE,1.9,9.2,63,100,62,public,TRUE
2223,female,group D,,standard,FALSE,3.9,8.8,89,45,49,public,FALSE
2224,female,group B,high school,free/reduced,TRUE,5.6,7.1,62,59,65,public,TRUE
2225,male,group B,some college,standard,TRUE,14.9,6.3,71,79,91,private,TRUE
2226,male,group C,associate degree,free/reduced,FALSE,1.7,7.4,95,74,61,public,TRUE
2227,male,group B,high school,standard,FALSE,,7.4,77,,84,public,TRUE
2228,male,group B,some college,free/reduced,FALSE,2.9,7.9,70,87,73,public,TRUE
2229,female,group E,associate degree,standard,TRUE,15.9,6.4,60,64,59,public,TRUE
2230,female,group E,high school,standard,FALSE,13.5,5.1,58,69,62,public,TRUE
2231,female,group C,,standard,TRUE,17,8.2,100,62,54,public,TRUE
2232,male,group C,associate degree,free/reduced,FALSE,,6.1,87,63,74,public,TRUE
2233,male,group C,some college,standard,FALSE,21.3,4.8,56,61,70,public,TRUE
2234,male,group A,master degree,standard,FALSE,13.9,6.7,76,56,79,public,TRUE
2235,male,group C,,standard,TRUE,1.6,8.6,82,54,86,private,TRUE
2236,male,group D,high school,free/reduced,FALSE,6.1,7.6,65,71,56,public,TRUE
2237,male,group B,master degree,free/reduced,TRUE,16.1,6.6,76,66,52,private,
2238,female,group E,master degree,standard,TRUE,8.1,9.5,58,71,,public,TRUE
2239,male,group B,bachelor degree,standard,FALSE,9.5,5.8,83,56,49,private,FALSE
2240,male,group B,,standard,TRUE,13.6,7.9,56,82,96,public,TRUE
2241,female,group A,high school,standard,FALSE,16.2,8.2,64,43,56,public,TRUE
2242,male,group E,associate degree,standard,TRUE,7.2,5.9,63,49,71,public,TRUE
2243,female,group A,associate degree,standard,TRUE,8.8,8.6,60,74,77,public,TRUE
2244,female,group E,high school,standard,TRUE,11.1,5.6,63,83,52,public,TRUE
2245,female,group E,bachelor degree,standard,TRUE,16.7,7.9,74,56,63,public,TRUE
2246,male,group E,bachelor degree,standard,TRUE,5.5,8,78,79,86,public,TRUE
2247,male,group B,master degree,free/reduced,FALSE,6.8,10,56,53,85,public,TRUE
2248,male,group D,high school,standard,TRUE,3.8,7.2,70,45,53,public,TRUE
2249,male,group D,some college,standard,FALSE,4.9,5.6,83,93,70,public,TRUE
2250,female,group E,some college,standard,FALSE,8.2,7,65,49,63,public,TRUE
2251,female,group E,associate degree,standard,FALSE,4.8,5.7,75,68,72,public,FALSE
2252,female,group D,high school,free/reduced,FALSE,11,7.2,80,73,68,public,TRUE
2253,male,group B,bachelor degree,free/reduced,FALSE,13.9,6.6,71,46,81,private,TRUE
2254,male,group B,bachelor degree,standard,FALSE,16.2,6,72,62,59,private,FALSE
2255,female,group E,some college,standard,FALSE,22.1,8.8,87,85,78,public,TRUE
2256,male,group A,,standard,FALSE,5,8.2,79,65,87,public,
2257,male,group D,associate degree,standard,FALSE,6.1,8.4,72,,51,public,TRUE
2258,male,group E,some college,standard,TRUE,10.9,6.6,89,78,68,private,TRUE
2259,female,group E,bachelor degree,standard,TRUE,9.6,7.6,66,65,97,public,TRUE
2260,male,group E,high school,free/reduced,FALSE,12.2,7.3,81,83,70,public,TRUE
2261,male,group C,high school,standard,TRUE,13.7,6.2,67,65,73,public,TRUE
2262,female,group D,some college,standard,TRUE,4.8,8,63,,77,international,TRUE
2263,male,group C,bachelor degree,standard,FALSE,0,10.4,94,67,81,private,TRUE
2264,female,group C,bachelor degree,standard,TRUE,5.4,7,49,91,62,public,TRUE
2265,male,group A,high school,free/reduced,FALSE,9.4,5.7,69,65,74,public,FALSE
2266,male,group A,some college,standard,FALSE,14.2,7.7,74,55,71,private,TRUE
2267,female,group B,high school,standard,FALSE,6.6,,61,81,68,public,TRUE
2268,female,group E,high school,standard,FALSE,,7.2,69,71,96,public,TRUE
2269,female,group E,high school,free/reduced,TRUE,13.9,7.5,55,74,59,international,FALSE
2270,male,group A,bachelor degree,standard,TRUE,,7.8,70,76,44,public,TRUE
2271,male,group D,,standard,FALSE,14.1,,52,54,83,international,FALSE
2272,female,group C,associate degree,standard,FALSE,6.3,6,64,86,49,public,TRUE
2273,female,group C,associate degree,standard,TRUE,12.7,,100,60,71,private,TRUE
2274,female,group C,high school,standard,FALSE,7.1,7,86,78,79,public,TRUE
2275,female,group A,associate degree,standard,TRUE,14.2,7.2,59,98,61,public,FALSE
2276,male,group B,high school,free/reduced,FALSE,8.5,8.3,65,69,75,public,FALSE
2277,male,group B,high school,standard,TRUE,2.3,4.9,53,60,74,public,TRUE
2278,male,group E,some college,free/reduced,TRUE,8.4,6.8,69,69,50,public,TRUE
2279,male,group A,master degree,free/reduced,TRUE,15.6,8.7,62,58,42,public,TRUE
2280,female,group D,bachelor degree,standard,FALSE,12.6,7.4,61,95,79,international,TRUE
2281,male,group D,some college,free/reduced,FALSE,10.8,8,76,79,65,public,TRUE
2282,male,group D,bachelor degree,standard,FALSE,16.3,,40,85,63,public,FALSE
2283,male,group E,high school,free/reduced,TRUE,0,9.7,86,80,66,public,FALSE
2284,male,group A,master degree,free/reduced,FALSE,,7.1,52,42,88,public,TRUE
2285,male,group A,high school,free/reduced,FALSE,8.4,7,64,56,60,public,
2286,female,group C,,standard,TRUE,0,5.8,69,100,72,private,TRUE
2287,female,group D,bachelor degree,free/reduced,TRUE,,7.1,84,62,84,private,TRUE
2288,female,group D,,standard,TRUE,,7.7,54,71,51,public,TRUE
2289,female,group A,bachelor degree,standard,TRUE,12.1,8,78,70,81,private,TRUE
2290,female,group A,bachelor degree,standard,FALSE,12.2,,60,78,77,public,TRUE
2291,female,group B,high school,standard,TRUE,11.8,,83,64,77,public,TRUE
2292,male,group D,associate degree,free/reduced,FALSE,14.8,,73,32,54,public,TRUE
2293,male,group B,,standard,TRUE,,9.5,83,72,96,international,TRUE
2294,female,group E,associate degree,free/reduced,FALSE,6.8,9.5,89,71,69,public,TRUE
2295,male,group B,associate degree,standard,TRUE,18.8,,58,67,78,private,TRUE
2296,male,group E,high school,free/reduced,FALSE,9.3,8.6,84,81,79,international,TRUE
2297,male,group C,bachelor degree,free/reduced,FALSE,4.9,5,74,72,69,public,TRUE
2298,male,group B,some college,standard,FALSE,9.7,6.9,57,72,60,public,TRUE
2299,female,group E,bachelor degree,standard,FALSE,10.4,7.5,44,44,83,private,TRUE
2300,female,group C,master degree,standard,TRUE,14,,58,65,69,public,FALSE
2301,female,group B,master degree,standard,TRUE,18,6.2,72,94,67,public,TRUE
2302,female,group B,bachelor degree,standard,FALSE,10.6,6.9,100,86,86,public,TRUE
2303,female,group A,master degree,standard,FALSE,6,7.3,73,75,68,public,
2304,male,group C,master degree,free/reduced,FALSE,15.3,7.5,59,42,59,public,TRUE
2305,male,group E,bachelor degree,standard,FALSE,9.7,5.5,57,87,83,public,TRUE
2306,female,group A,high school,standard,FALSE,,5.5,85,69,,public,TRUE
2307,male,group E,associate degree,standard,FALSE,15,6.3,54,64,68,international,FALSE
2308,female,group C,high school,standard,TRUE,1.2,5.4,56,66,62,public,TRUE
2309,female,group E,,standard,FALSE,16.4,7,57,,72,private,TRUE
2310,female,group C,,standard,FALSE,12,,69,53,72,private,TRUE
2311,male,group E,high school,free/reduced,TRUE,11.5,8.5,87,79,57,public,TRUE
2312,female,group A,some college,standard,FALSE,,9.9,56,65,25,public,
2313,male,group D,high school,standard,FALSE,10.7,6.2,75,87,80,public,FALSE
2314,male,group B,high school,standard,TRUE,8.9,,48,72,82,public,TRUE
2315,female,group B,high school,free/reduced,FALSE,5.9,6.1,62,85,78,public,FALSE
2316,female,group C,high school,standard,FALSE,15.6,6.6,57,56,75,international,TRUE
2317,female,group E,bachelor degree,standard,FALSE,11.1,6.2,72,80,80,public,TRUE
2318,female,group B,some college,,FALSE,15.2,9,83,73,80,public,TRUE
2319,female,group B,,standard,FALSE,6.2,7.9,58,54,83,public,FALSE
2320,male,group D,some college,free/reduced,TRUE,15.9,6.6,82,70,100,public,TRUE
2321,female,group B,high school,standard,TRUE,6,,92,69,52,international,TRUE
2322,female,group C,some college,standard,TRUE,,,44,66,57,public,TRUE
2323,female,group A,high school,standard,FALSE,14.7,9.3,66,39,83,public,FALSE
2324,female,group D,some college,standard,FALSE,,7.4,59,73,72,public,TRUE
2325,male,group B,associate degree,standard,FALSE,10.1,6.4,73,,82,private,FALSE
2326,female,group C,,free/reduced,FALSE,12.6,5.6,36,65,87,private,TRUE
2327,female,group D,,standard,FALSE,9.6,6,61,,61,public,TRUE
2328,female,group A,high school,standard,FALSE,12.7,7.9,50,69,64,international,FALSE
2329,male,group A,high school,free/reduced,FALSE,16,6.9,74,78,66,private,FALSE
2330,male,group D,associate degree,standard,FALSE,13,,71,68,75,international,TRUE
2331,female,group E,,standard,TRUE,10.9,6.9,68,48,72,private,TRUE
2332,female,group C,,standard,TRUE,9.5,6.4,83,59,97,private,TRUE
2333,female,group D,some college,standard,FALSE,15.9,6.3,51,89,51,public,FALSE
2334,male,group D,bachelor degree,free/reduced,TRUE,,8.1,44,90,77,public,TRUE
2335,female,group D,associate degree,free/reduced,FALSE,9.8,6.9,77,62,86,public,TRUE
2336,male,group B,some college,standard,TRUE,2.7,9.2,73,,53,public,TRUE
2337,female,group E,associate degree,standard,TRUE,,7.9,71,74,63,international,TRUE
2338,male,group A,high school,free/reduced,FALSE,3,6.6,62,80,63,private,TRUE
2339,male,group E,,free/reduced,TRUE,,8,85,82,,public,TRUE
2340,female,group C,some college,standard,FALSE,16,6.8,90,88,86,international,FALSE
2341,male,group B,bachelor degree,standard,FALSE,10.8,,61,77,61,public,TRUE
2342,male,group C,some college,standard,FALSE,11.2,7.7,52,66,60,private,TRUE
2343,male,group C,some college,standard,TRUE,9.1,6.2,76,80,61,international,TRUE
2344,male,group C,some college,standard,FALSE,1.1,8.6,67,62,34,public,TRUE
2345,female,group C,some college,standard,FALSE,10.2,6.7,87,60,83,public,TRUE
2346,female,group E,bachelor degree,standard,FALSE,1.3,8.4,77,70,61,public,TRUE
2347,male,group D,bachelor degree,standard,FALSE,14.6,6.8,86,66,77,public,TRUE
2348,male,group B,bachelor degree,free/reduced,TRUE,6,5.9,75,68,66,private,FALSE
2349,male,group A,high school,free/reduced,FALSE,10.9,,78,,82,public,TRUE
2350,male,group B,associate degree,standard,FALSE,11.3,6.5,66,63,90,private,TRUE
2351,female,group D,,standard,FALSE,8,8.4,78,48,70,international,TRUE
2352,female,group E,high school,standard,FALSE,8.1,6.5,51,66,84,public,TRUE
2353,male,group C,associate degree,standard,FALSE,,9.3,87,61,67,private,TRUE
2354,male,group C,master degree,standard,TRUE,14.5,5.5,77,,60,public,TRUE
2355,male,group A,some college,standard,FALSE,9.8,6.4,57,98,,public,TRUE
2356,male,group B,,free/reduced,TRUE,19.1,7,64,66,91,international,TRUE
2357,male,group B,bachelor degree,standard,FALSE,15.3,7.7,74,91,61,public,TRUE
2358,female,group D,some college,free/reduced,FALSE,18.3,,56,69,86,public,FALSE
2359,male,group E,associate degree,free/reduced,TRUE,8.2,6.6,68,,,public,TRUE
2360,male,group C,high school,free/reduced,TRUE,2.9,5.5,70,60,70,public,TRUE
2361,male,group C,bachelor degree,standard,FALSE,11.3,4.8,79,100,53,private,TRUE
2362,female,group D,high school,standard,TRUE,2.9,7.8,86,60,61,public,TRUE
2363,female,group B,master degree,standard,FALSE,3.7,6.9,70,75,78,public,TRUE
2364,male,group D,bachelor degree,free/reduced,TRUE,9.9,8.6,88,72,67,international,TRUE
2365,male,group E,bachelor degree,standard,TRUE,5.8,7.9,56,54,54,private,TRUE
2366,male,group D,high school,standard,FALSE,6.8,9,86,69,,private,TRUE
2367,male,group B,some college,standard,FALSE,18.2,6.6,82,72,77,private,TRUE
2368,female,group A,some college,standard,FALSE,6,8.8,76,68,63,public,TRUE
2369,female,group B,bachelor degree,standard,FALSE,9.1,7.9,59,85,53,private,TRUE
2370,female,group D,bachelor degree,free/reduced,FALSE,12.9,,36,46,92,private,TRUE
2371,female,group C,high school,standard,FALSE,,5.5,84,97,63,private,
2372,male,group E,bachelor degree,free/reduced,TRUE,3.6,8,80,48,64,public,FALSE
2373,male,group D,high school,standard,FALSE,,7.6,49,55,55,private,TRUE
2374,female,group E,high school,standard,FALSE,5.6,7.8,100,75,75,public,TRUE
2375,female,group A,master degree,standard,FALSE,9.4,7.8,59,70,64,private,TRUE
2376,female,group D,bachelor degree,standard,TRUE,13.9,8.7,71,72,89,public,TRUE
2377,male,group B,,standard,TRUE,7.8,7.4,79,93,79,public,TRUE
2378,male,group C,bachelor degree,free/reduced,TRUE,,5.6,49,77,81,private,TRUE
2379,male,group D,some college,standard,TRUE,9.6,5.3,95,67,80,public,TRUE
2380,male,group C,high school,standard,FALSE,14.7,,79,82,73,public,TRUE
2381,male,group A,some college,standard,FALSE,6.1,5.5,96,45,83,private,TRUE
2382,male,group C,master degree,standard,TRUE,21,6.6,65,,66,public,TRUE
2383,female,group C,master degree,standard,FALSE,18,8.7,81,72,86,public,TRUE
2384,male,group D,bachelor degree,standard,TRUE,8.6,6.5,64,75,60,public,FALSE
2385,female,group A,high school,free/reduced,FALSE,7.9,8,75,,91,international,TRUE
2386,female,group C,high school,standard,FALSE,8,6.3,65,75,79,public,TRUE
2387,female,group C,high school,standard,FALSE,6.8,4.9,90,67,62,public,TRUE
2388,male,group B,high school,standard,TRUE,8.1,7.9,45,54,46,public,TRUE
2389,female,group A,high school,standard,FALSE,17.3,7.9,74,62,71,international,TRUE
2390,male,group A,master degree,free/reduced,TRUE,,8.8,84,68,60,private,TRUE
2391,female,group D,bachelor degree,free/reduced,FALSE,0.9,7.1,82,85,100,private,TRUE
2392,female,group B,master degree,free/reduced,TRUE,,7.6,51,71,72,private,FALSE
2393,female,group C,some college,standard,TRUE,4.7,9.3,90,68,53,public,TRUE
2394,female,group E,,standard,FALSE,11.2,3.3,73,,51,international,TRUE
2395,female,group A,,standard,TRUE,10.2,6.4,76,,31,public,TRUE
2396,female,group C,associate degree,standard,FALSE,12.4,5.4,60,61,52,private,TRUE
2397,male,group A,bachelor degree,free/reduced,TRUE,8.1,7.8,52,82,54,international,TRUE
2398,male,group D,some college,standard,TRUE,17.2,8.4,65,54,82,private,FALSE
2399,female,group C,bachelor degree,standard,FALSE,11,4.9,62,73,64,public,TRUE
2400,female,group C,some college,free/reduced,TRUE,7.9,7.9,44,79,69,private,TRUE
2401,female,group C,high school,standard,TRUE,1.7,7.8,77,53,87,public,TRUE
2402,female,group D,high school,free/reduced,FALSE,10.1,5.9,67,,86,private,FALSE
2403,female,group C,some college,standard,FALSE,19.7,5.1,71,,71,international,TRUE
2404,male,group D,high school,free/reduced,FALSE,19.8,5.2,59,72,63,international,TRUE
2405,female,group C,,,TRUE,11.2,7.7,56,,57,public,FALSE
2406,male,group C,associate degree,standard,FALSE,17.9,6.4,55,63,85,private,TRUE
2407,female,group A,bachelor degree,standard,FALSE,4.3,6.4,84,84,,private,TRUE
2408,female,group E,some college,free/reduced,TRUE,2.2,7.3,55,70,85,international,TRUE
2409,female,group E,some college,standard,FALSE,14.1,6.1,74,85,67,private,TRUE
2410,male,group B,some college,standard,FALSE,5.2,5.5,53,75,51,public,TRUE
2411,female,group D,some college,free/reduced,TRUE,13.9,5.5,60,,73,public,TRUE
2412,male,group A,high school,standard,TRUE,9.1,5.9,72,,,public,TRUE
2413,male,group E,some college,standard,TRUE,0.2,7.4,70,67,70,public,TRUE
2414,female,group B,associate degree,free/reduced,FALSE,8.5,6.3,63,,56,public,TRUE
2415,male,group E,,free/reduced,FALSE,4.9,4.7,85,79,72,private,TRUE
2416,female,group B,bachelor degree,standard,FALSE,13.2,5.9,84,62,59,public,TRUE
2417,female,group B,associate degree,standard,FALSE,0,7.6,44,71,85,public,TRUE
2418,female,group A,some college,free/reduced,FALSE,4.3,6.8,75,77,63,public,TRUE
2419,female,group D,high school,free/reduced,TRUE,1.5,9.6,55,72,63,public,TRUE
2420,male,group D,some college,free/reduced,TRUE,6.1,8.6,52,67,64,private,TRUE
2421,male,group A,associate degree,free/reduced,TRUE,,7.6,100,72,76,public,TRUE
2422,female,group E,high school,standard,TRUE,6,7.2,79,84,54,public,FALSE
2423,male,group C,high school,standard,FALSE,,6.3,79,74,84,public,TRUE
2424,male,group A,associate degree,free/reduced,FALSE,12.1,5.4,63,72,79,private,TRUE
2425,male,group E,master degree,standard,TRUE,13.4,7.5,60,83,52,private,TRUE
2426,female,group B,associate degree,free/reduced,TRUE,3.2,6.9,97,100,61,public,TRUE
2427,male,group E,some college,standard,FALSE,7.5,7,63,71,91,public,TRUE
2428,female,group D,some college,standard,FALSE,0,6.3,56,80,70,public,FALSE
2429,male,group C,associate degree,free/reduced,TRUE,,7.7,51,100,74,public,TRUE
2430,male,group D,high school,standard,FALSE,7,3.7,81,80,56,public,FALSE
2431,male,group A,some college,free/reduced,FALSE,15.7,7.4,90,63,72,public,FALSE
2432,male,group E,bachelor degree,standard,TRUE,8.6,,45,82,80,public,TRUE
2433,male,group D,high school,free/reduced,FALSE,5,8.8,70,58,83,international,TRUE
2434,male,group A,high school,standard,FALSE,11.1,9.2,70,91,73,public,TRUE
2435,male,group E,high school,free/reduced,TRUE,,6.6,79,82,68,public,TRUE
2436,female,group C,associate degree,standard,FALSE,11.8,5.6,20,86,,public,TRUE
2437,female,group E,bachelor degree,free/reduced,FALSE,13,6.8,72,61,75,private,TRUE
2438,female,group D,bachelor degree,standard,FALSE,8.2,8.6,70,65,51,private,TRUE
2439,male,group D,some college,standard,TRUE,10.8,4.8,75,61,,public,TRUE
2440,male,group A,associate degree,standard,FALSE,11.3,9.6,90,56,61,public,TRUE
2441,female,group E,bachelor degree,free/reduced,FALSE,11.3,6,71,71,80,public,TRUE
2442,female,group C,high school,free/reduced,TRUE,16.6,6.7,44,67,79,public,TRUE
2443,male,group C,high school,free/reduced,FALSE,5.4,5.9,78,70,90,public,FALSE
2444,female,group A,some college,standard,TRUE,6.6,5.4,79,,74,public,TRUE
2445,female,group C,associate degree,free/reduced,TRUE,4.1,8,66,,59,public,TRUE
2446,female,group D,associate degree,standard,TRUE,12.3,7.1,58,,73,private,TRUE
2447,female,group B,master degree,standard,TRUE,10.4,5.9,62,81,86,public,TRUE
2448,male,group C,some college,standard,FALSE,10.7,10.2,53,81,,private,TRUE
2449,male,group B,high school,standard,FALSE,8.1,6.7,62,62,95,international,TRUE
2450,male,group E,high school,standard,FALSE,7.3,8.6,93,62,75,public,TRUE
2451,female,group A,some college,free/reduced,FALSE,19.3,6.9,67,85,66,public,TRUE
2452,male,group D,bachelor degree,free/reduced,FALSE,,7.1,52,95,46,public,TRUE
2453,male,group C,some college,standard,FALSE,4.6,6.9,88,77,,public,TRUE
2454,female,group C,bachelor degree,free/reduced,FALSE,5,6.7,74,78,54,public,TRUE
2455,female,group B,associate degree,free/reduced,TRUE,11.4,4.6,81,70,64,public,TRUE
2456,male,group B,some college,standard,TRUE,5.7,6.1,46,40,86,public,TRUE
2457,female,group C,high school,,FALSE,,8.4,82,84,73,private,TRUE
2458,female,group C,bachelor degree,free/reduced,FALSE,9.7,7.6,75,80,60,private,TRUE
2459,female,group D,,free/reduced,TRUE,16.6,7.7,43,87,89,public,TRUE
2460,male,group D,high school,free/reduced,FALSE,,7.6,77,70,59,public,TRUE
2461,female,group A,,standard,FALSE,13.2,9.2,75,63,59,international,TRUE
2462,female,group D,some college,free/reduced,FALSE,13,7.6,69,72,74,private,TRUE
2463,female,group A,associate degree,free/reduced,TRUE,8.6,7.1,88,52,68,public,TRUE
2464,male,group C,associate degree,standard,FALSE,12.1,6.1,94,97,70,private,TRUE
2465,male,group B,,standard,FALSE,5.9,5,63,87,56,public,FALSE
2466,male,group D,high school,free/reduced,FALSE,7.9,8,68,73,63,public,TRUE
2467,male,group E,master degree,,TRUE,9.1,7.1,79,65,90,private,TRUE
2468,male,group C,bachelor degree,free/reduced,FALSE,2.8,7.3,68,61,83,public,
2469,male,group E,high school,standard,TRUE,,,81,56,81,public,TRUE
2470,male,group A,associate degree,free/reduced,TRUE,12.1,7,50,70,63,public,TRUE
2471,female,group C,bachelor degree,standard,FALSE,2.3,,91,95,62,public,TRUE
2472,female,group C,high school,free/reduced,FALSE,11.2,7.1,72,64,77,public,TRUE
2473,female,group C,,standard,TRUE,7.8,7.3,59,71,61,public,FALSE
2474,male,group C,high school,standard,FALSE,4.5,7.2,66,34,56,private,TRUE
2475,male,group D,bachelor degree,standard,FALSE,13.4,7.5,60,71,70,private,TRUE
2476,female,group D,high school,standard,FALSE,17.1,6.2,63,79,66,public,TRUE
2477,female,group E,some college,standard,TRUE,3.7,,57,52,70,private,FALSE
2478,female,group B,some college,free/reduced,FALSE,8.6,7.8,82,99,49,public,TRUE
2479,female,group E,high school,free/reduced,TRUE,1.3,6.3,80,67,34,public,FALSE
2480,male,group B,high school,standard,FALSE,17.3,6.9,63,82,60,international,TRUE
2481,female,group C,some college,free/reduced,FALSE,,6.7,66,84,100,public,TRUE
2482,female,group B,bachelor degree,standard,FALSE,6.9,7.3,60,68,69,public,TRUE
2483,male,group E,high school,free/reduced,FALSE,16.9,9,83,94,59,private,TRUE
2484,male,group C,bachelor degree,standard,FALSE,5.9,6.4,77,73,73,international,TRUE
2485,female,group E,associate degree,standard,FALSE,20.9,8,86,64,61,public,TRUE
2486,male,group C,some college,free/reduced,FALSE,14.7,9.2,70,65,77,public,FALSE
2487,male,group C,some college,standard,FALSE,17.6,6.2,50,58,58,private,TRUE
2488,male,group C,bachelor degree,standard,FALSE,19.5,,70,84,44,public,TRUE
2489,male,group A,high school,standard,TRUE,13.9,8.9,71,85,72,public,FALSE
2490,male,group C,high school,standard,TRUE,18.1,5.3,63,75,,international,TRUE
2491,male,group B,some college,standard,TRUE,0.7,6.7,74,63,77,public,TRUE
2492,male,group A,associate degree,standard,FALSE,7.7,6.5,63,43,88,public,TRUE
2493,male,group B,associate degree,standard,TRUE,11,9.4,78,70,96,public,TRUE
2494,female,group A,bachelor degree,standard,FALSE,11,5.7,76,84,66,public,TRUE
2495,male,group C,master degree,standard,FALSE,6.5,6.8,80,62,60,public,TRUE
2496,female,group C,associate degree,free/reduced,TRUE,12,4.3,81,86,66,public,TRUE
2497,female,group B,master degree,free/reduced,FALSE,10.7,6.4,63,88,85,public,FALSE
2498,male,group C,associate degree,standard,FALSE,18.4,6,87,66,62,public,FALSE
2499,male,group A,some college,free/reduced,TRUE,3.8,6.4,68,89,81,public,TRUE
2500,male,group C,some college,standard,TRUE,6.4,3.6,75,74,43,public,TRUE
2501,male,group E,some college,free/reduced,TRUE,6.7,9.5,69,76,59,public,TRUE
2502,female,group A,,,FALSE,10.9,6.5,71,63,56,public,TRUE
2503,male,group E,bachelor degree,standard,FALSE,,7.7,54,75,71,international,TRUE
2504,female,group A,some college,standard,TRUE,11,,67,69,85,public,TRUE
2505,female,group C,bachelor degree,free/reduced,FALSE,9.4,9.1,100,90,49,international,FALSE
2506,female,group E,high school,free/reduced,TRUE,14.5,7.9,86,73,96,public,TRUE
2507,female,group B,some college,standard,FALSE,12.4,,64,86,59,international,TRUE
2508,female,group E,some college,free/reduced,FALSE,8.8,3,88,54,49,public,TRUE
2509,male,group E,bachelor degree,free/reduced,FALSE,8.2,5.9,83,87,82,public,
2510,female,group B,some college,standard,TRUE,17.3,7.9,67,75,83,public,TRUE
2511,male,group B,high school,free/reduced,FALSE,9.9,6.6,69,52,71,public,TRUE
2512,male,group B,some college,standard,TRUE,4.2,6.5,73,61,69,public,TRUE
2513,female,group C,associate degree,standard,FALSE,,6.8,65,75,52,private,TRUE
2514,female,group C,,standard,TRUE,19.9,5.2,71,57,95,public,
2515,male,group C,associate degree,standard,TRUE,10.4,8.7,81,74,,international,TRUE
2516,male,group A,bachelor degree,standard,FALSE,,6.8,72,75,71,public,TRUE
2517,male,group C,master degree,free/reduced,FALSE,12.1,5.1,53,50,67,public,TRUE
2518,female,group D,some college,standard,FALSE,14.2,7.5,80,49,88,public,TRUE
2519,male,group A,some college,standard,TRUE,6.4,5.6,90,57,62,public,TRUE
2520,female,group C,,free/reduced,TRUE,7.9,8.2,62,72,88,international,TRUE
2521,female,group A,bachelor degree,standard,TRUE,7.9,7.7,92,85,89,public,TRUE
2522,female,group B,some college,free/reduced,FALSE,,5.8,68,80,48,public,TRUE
2523,female,group A,bachelor degree,free/reduced,FALSE,2.3,6.5,81,79,65,private,TRUE
2524,male,group E,associate degree,standard,FALSE,10.2,6.7,63,76,63,public,TRUE
2525,male,group B,associate degree,standard,FALSE,2.5,8.3,75,77,58,public,TRUE
2526,female,group E,high school,standard,TRUE,,,44,59,74,public,TRUE
2527,female,group B,some college,standard,FALSE,8.1,7.5,100,64,72,public,TRUE
2528,male,group E,bachelor degree,standard,FALSE,5.2,6,84,76,73,international,FALSE
2529,male,group B,some college,standard,TRUE,2.2,8.4,82,78,84,public,TRUE
2530,female,group B,high school,standard,FALSE,10.5,7.6,67,84,83,public,TRUE
2531,male,group E,associate degree,free/reduced,TRUE,,7.7,81,64,61,private,FALSE
2532,female,group C,,standard,TRUE,9.7,6.1,41,,77,public,TRUE
2533,female,group E,high school,free/reduced,FALSE,21.2,6.6,49,56,,public,TRUE
2534,male,group B,bachelor degree,free/reduced,FALSE,9.9,8.5,87,61,,international,TRUE
2535,male,group E,high school,free/reduced,FALSE,2.7,9.8,58,62,87,private,FALSE
2536,male,group E,master degree,standard,FALSE,3.3,7.5,68,47,64,public,TRUE
2537,female,group C,high school,standard,FALSE,12.6,,86,71,54,international,TRUE
2538,female,group E,bachelor degree,free/reduced,TRUE,15.1,5.6,97,69,38,private,FALSE
2539,female,group E,bachelor degree,standard,TRUE,,6.2,69,62,67,public,
2540,female,group C,bachelor degree,free/reduced,FALSE,13.8,8.8,84,61,66,public,FALSE
2541,female,group E,master degree,free/reduced,TRUE,4.6,7.4,76,48,,public,
2542,male,group E,some college,free/reduced,TRUE,16.3,6.9,45,60,59,public,TRUE
2543,male,group C,some college,standard,FALSE,3.5,6.3,97,90,76,public,FALSE
2544,male,group E,associate degree,free/reduced,FALSE,12.5,8.3,78,79,71,public,FALSE
2545,male,group C,,free/reduced,FALSE,5.6,7.6,80,49,84,public,TRUE
2546,male,group E,some college,free/reduced,FALSE,16.6,6.6,65,64,85,private,TRUE
2547,male,group D,bachelor degree,standard,FALSE,14.7,6.3,77,38,35,public,TRUE
2548,male,group C,master degree,,FALSE,6.6,8.1,57,69,81,public,TRUE
2549,male,group A,high school,standard,FALSE,1.2,7.3,81,68,100,public,TRUE
2550,female,group C,associate degree,standard,TRUE,3.8,7.5,66,46,61,public,TRUE
2551,female,group D,high school,free/reduced,TRUE,,7.5,61,70,52,private,TRUE
2552,female,group B,associate degree,standard,TRUE,0.5,5.6,73,55,86,private,TRUE
2553,female,group D,high school,free/reduced,TRUE,13.9,7,51,60,58,private,FALSE
2554,male,group E,high school,standard,TRUE,,6.2,91,62,69,public,TRUE
2555,female,group D,high school,free/reduced,TRUE,10.6,5.9,83,66,61,public,TRUE
2556,female,group B,some college,standard,FALSE,5.2,8.1,63,47,91,public,TRUE
2557,female,group B,bachelor degree,standard,TRUE,0,7.1,61,65,62,public,TRUE
2558,male,group A,,standard,FALSE,12.3,7.1,78,78,,public,FALSE
2559,female,group C,high school,free/reduced,TRUE,6,8.9,91,54,54,public,TRUE
2560,female,group C,some college,free/reduced,FALSE,9.5,8.4,72,29,100,private,TRUE
2561,male,group A,bachelor degree,standard,FALSE,13.8,9.6,61,61,61,public,TRUE
2562,female,group E,high school,standard,FALSE,,6.5,60,73,53,private,FALSE
2563,male,group D,associate degree,free/reduced,FALSE,12.9,6.7,90,67,55,international,TRUE
2564,female,group E,,free/reduced,FALSE,11.1,5.3,60,68,77,private,TRUE
2565,male,group C,some college,free/reduced,FALSE,5.5,7.4,76,100,45,public,TRUE
2566,female,group E,bachelor degree,standard,TRUE,9.5,8.5,73,93,50,public,TRUE
2567,female,group A,bachelor degree,standard,FALSE,3.2,7.5,75,74,62,public,TRUE
2568,female,group E,,standard,FALSE,21,6.4,90,76,79,public,TRUE
2569,male,group A,bachelor degree,standard,FALSE,7.4,6.8,92,100,84,public,TRUE
2570,male,group C,high school,standard,FALSE,,5.2,59,66,82,private,TRUE
2571,male,group C,some college,standard,TRUE,6.1,8.8,48,64,57,private,TRUE
2572,female,group D,bachelor degree,standard,TRUE,9,9.9,89,76,57,public,TRUE
2573,female,group E,master degree,standard,FALSE,13.9,6.1,56,69,67,private,TRUE
2574,male,group D,bachelor degree,standard,TRUE,10.2,7,58,83,97,private,TRUE
2575,male,group B,some college,free/reduced,FALSE,15.6,7.8,93,52,80,private,TRUE
2576,female,group E,high school,standard,TRUE,13.4,,88,74,70,public,TRUE
2577,female,group D,,free/reduced,TRUE,10.4,7.4,57,58,77,public,TRUE
2578,female,group C,master degree,standard,FALSE,12.6,,61,78,100,public,FALSE
2579,male,group E,high school,standard,FALSE,,8.1,75,76,,public,FALSE
2580,male,group D,high school,standard,FALSE,4.6,6.9,47,58,71,public,TRUE
2581,female,group C,,standard,FALSE,6.2,8.6,59,67,90,public,TRUE
2582,male,group A,high school,standard,FALSE,9.5,7.3,72,,75,public,TRUE
2583,male,group D,high school,standard,TRUE,6.2,6.9,74,58,75,public,TRUE
2584,male,group D,high school,standard,FALSE,,8.6,54,72,73,international,TRUE
2585,male,group A,some college,free/reduced,FALSE,12.7,5.3,74,84,76,public,TRUE
2586,male,group B,associate degree,free/reduced,TRUE,7.9,9.2,61,63,67,public,TRUE
2587,male,group C,some college,standard,TRUE,,,100,65,79,public,TRUE
2588,female,group D,master degree,,FALSE,7.6,7,56,67,94,public,TRUE
2589,female,group A,some college,standard,TRUE,12.3,9.3,88,85,,private,TRUE
2590,male,group E,associate degree,standard,FALSE,0.1,,73,57,69,public,
2591,female,group B,high school,standard,FALSE,4.2,8.1,65,,70,public,FALSE
2592,female,group A,high school,standard,FALSE,3.8,6.3,57,66,52,public,TRUE
2593,male,group B,,standard,TRUE,12,,72,100,49,public,TRUE
2594,male,group E,,standard,FALSE,3.4,8.9,85,45,87,public,TRUE
2595,male,group D,high school,standard,TRUE,,6.7,69,75,52,public,TRUE
2596,male,group C,high school,free/reduced,FALSE,2.8,6.4,68,76,82,public,TRUE
2597,female,group C,associate degree,free/reduced,TRUE,7.7,6.2,68,67,56,private,TRUE
2598,female,group E,associate degree,free/reduced,TRUE,9.2,7.4,95,61,73,international,FALSE
2599,female,group B,high school,standard,FALSE,5.6,6.1,68,81,58,public,TRUE
2600,male,group C,bachelor degree,standard,TRUE,5.6,8.6,63,,78,public,TRUE
2601,female,group A,associate degree,standard,TRUE,11.4,8,45,58,57,public,TRUE
2602,male,group C,high school,free/reduced,FALSE,8.1,5.8,73,79,77,public,FALSE
2603,male,group C,associate degree,free/reduced,TRUE,,5,100,92,57,public,FALSE
2604,female,group E,,standard,FALSE,0,5.8,81,87,71,international,TRUE
2605,male,group C,associate degree,standard,TRUE,19.1,7.6,84,75,78,public,TRUE
2606,male,group A,bachelor degree,standard,TRUE,4.1,8.6,92,77,72,public,TRUE
2607,female,group C,high school,standard,FALSE,,,60,84,49,private,TRUE
2608,female,group C,,standard,FALSE,1.5,6.5,73,87,79,public,TRUE
2609,male,group C,bachelor degree,free/reduced,TRUE,12.2,7.4,60,72,78,public,
2610,female,group C,some college,standard,FALSE,9.8,6.1,45,69,81,public,TRUE
2611,male,group D,high school,standard,FALSE,9.1,6.4,81,56,89,private,TRUE
2612,female,group E,bachelor degree,free/reduced,TRUE,17.4,6.4,100,63,79,private,TRUE
2613,female,group E,high school,free/reduced,TRUE,8.4,7.2,50,68,41,public,TRUE
2614,male,group A,bachelor degree,standard,TRUE,16.8,8.9,67,76,,public,TRUE
2615,male,group E,some college,standard,FALSE,6.4,7.2,32,65,60,public,TRUE
2616,female,group E,high school,free/reduced,TRUE,4.2,8.4,74,68,58,public,TRUE
2617,male,group D,some college,standard,FALSE,0,6.6,87,97,35,public,TRUE
2618,male,group C,high school,free/reduced,TRUE,,8.4,56,77,62,public,TRUE
2619,female,group A,bachelor degree,standard,TRUE,13.7,6.2,75,95,47,public,TRUE
2620,female,group C,bachelor degree,standard,FALSE,7.2,7.6,90,82,,public,TRUE
2621,male,group E,high school,standard,FALSE,9.6,6.7,66,80,61,private,FALSE
2622,male,group A,some college,standard,TRUE,7.2,6.3,81,,60,public,TRUE
2623,male,group A,some college,standard,FALSE,6.3,7.6,78,69,68,public,TRUE
2624,female,group A,,standard,TRUE,1.4,6.9,96,79,80,private,TRUE
2625,female,group A,some college,standard,FALSE,4.2,7.3,63,70,60,public,TRUE
2626,female,group A,associate degree,standard,FALSE,1.6,8,65,55,72,public,TRUE
2627,male,group C,,standard,FALSE,13.6,7.8,42,72,62,public,TRUE
2628,male,group A,bachelor degree,standard,TRUE,5.3,8.5,44,70,50,public,TRUE
2629,male,group A,bachelor degree,free/reduced,FALSE,7.8,7.1,88,53,55,public,TRUE
2630,male,group D,master degree,free/reduced,TRUE,6.4,5.4,59,63,80,public,TRUE
2631,female,group C,master degree,standard,FALSE,,7,85,80,62,public,FALSE
2632,male,group D,associate degree,standard,TRUE,18,7.1,63,,83,public,TRUE
2633,female,group E,bachelor degree,free/reduced,FALSE,12,7.3,81,81,55,public,TRUE
2634,male,group E,associate degree,standard,FALSE,14.9,7,90,71,48,private,TRUE
2635,male,group C,bachelor degree,standard,FALSE,13.5,7.6,73,69,75,public,
2636,female,group C,master degree,free/reduced,TRUE,7.2,11,94,69,66,public,TRUE
2637,male,group B,some college,standard,TRUE,15.4,6.3,62,79,83,public,TRUE
2638,male,group D,associate degree,standard,TRUE,7.4,8.7,46,96,57,public,TRUE
2639,male,group B,some college,standard,TRUE,6.1,4.6,88,90,72,public,TRUE
2640,female,group B,associate degree,standard,FALSE,9.8,7.3,62,58,59,public,TRUE
2641,male,group D,some college,free/reduced,FALSE,15.7,7.2,59,69,79,private,TRUE
2642,female,group B,associate degree,,FALSE,,,51,55,88,private,TRUE
2643,female,group C,high school,standard,TRUE,6.5,4.8,62,86,63,international,TRUE
2644,female,group B,high school,standard,FALSE,11.7,7.9,74,69,68,public,TRUE
2645,male,group B,high school,free/reduced,TRUE,6.6,8.1,74,82,57,private,TRUE
2646,male,group B,high school,free/reduced,FALSE,6.9,8.4,48,86,53,public,TRUE
2647,female,group A,some college,standard,FALSE,10.3,6.7,92,80,45,private,TRUE
2648,female,group B,some college,free/reduced,FALSE,8.9,6.4,62,89,75,public,TRUE
2649,female,group B,associate degree,standard,TRUE,2.4,6.3,47,80,65,private,TRUE
2650,male,group D,some college,standard,FALSE,,7.8,65,81,86,international,TRUE
2651,female,group A,high school,standard,FALSE,16.1,6.6,58,53,70,private,TRUE
2652,male,group D,high school,free/reduced,TRUE,9.1,4.4,43,54,57,private,TRUE
2653,male,group E,associate degree,free/reduced,FALSE,11.7,5.7,37,75,49,public,TRUE
2654,female,group E,associate degree,standard,TRUE,8,7.9,87,69,87,public,TRUE
2655,female,group E,bachelor degree,free/reduced,FALSE,12.8,7.9,58,79,83,public,TRUE
2656,female,group D,high school,standard,FALSE,2.3,7.5,55,55,100,public,TRUE
2657,male,group D,high school,standard,FALSE,,6.5,100,76,80,private,TRUE
2658,female,group C,some college,free/reduced,TRUE,12.6,6.8,59,66,65,international,TRUE
2659,male,group B,associate degree,standard,FALSE,12.6,8,66,84,80,public,TRUE
2660,female,group A,high school,free/reduced,TRUE,3.3,,79,100,82,international,TRUE
2661,female,group D,high school,free/reduced,FALSE,8.3,10,49,59,70,public,TRUE
2662,female,group C,associate degree,free/reduced,FALSE,5.1,9.4,77,70,62,private,TRUE
2663,female,group E,high school,free/reduced,FALSE,2.7,7.3,52,68,99,public,TRUE
2664,male,group B,associate degree,free/reduced,TRUE,7.5,5.8,49,77,66,public,TRUE
2665,male,group E,high school,standard,TRUE,7.8,7.2,73,66,53,public,TRUE
2666,male,group C,bachelor degree,free/reduced,TRUE,10.4,6.9,77,57,83,public,TRUE
2667,male,group E,high school,standard,TRUE,5.5,7.3,68,58,91,public,TRUE
2668,female,group D,high school,free/reduced,FALSE,17.8,8.2,53,88,58,public,TRUE
2669,female,group E,some college,standard,TRUE,6.5,6.3,52,69,91,public,
2670,female,group E,high school,free/reduced,TRUE,19.6,8.3,63,54,86,public,FALSE
2671,male,group E,some college,,TRUE,6.9,,63,81,77,public,TRUE
2672,male,group D,master degree,standard,FALSE,1.3,8.3,67,58,61,public,TRUE
2673,female,group A,high school,standard,FALSE,,3.6,68,66,64,private,TRUE
2674,female,group E,associate degree,standard,TRUE,9.4,6.5,55,79,81,public,TRUE
2675,male,group B,,standard,TRUE,,,89,63,73,public,FALSE
2676,female,group E,some college,standard,TRUE,19.9,5.8,69,59,94,private,TRUE
2677,female,group E,high school,standard,FALSE,8.7,7.1,77,78,71,international,TRUE
2678,male,group C,bachelor degree,free/reduced,FALSE,6.8,8.3,82,63,60,international,
2679,male,group E,high school,free/reduced,FALSE,4.2,6.9,47,,55,public,TRUE
2680,female,group A,bachelor degree,standard,TRUE,1.8,6,80,84,62,public,TRUE
2681,male,group E,bachelor degree,standard,FALSE,11.1,7.6,65,76,56,public,TRUE
2682,male,group C,associate degree,standard,FALSE,4.7,4.2,60,,,public,TRUE
2683,female,group A,high school,standard,FALSE,0.8,6.9,99,71,39,private,TRUE
2684,male,group A,some college,free/reduced,TRUE,12.1,8.7,79,54,,public,TRUE
2685,male,group A,associate degree,standard,TRUE,16.2,7.6,100,94,94,public,
2686,male,group D,associate degree,standard,FALSE,,7.8,68,82,47,international,FALSE
2687,female,group C,high school,,FALSE,8.8,6.9,55,83,85,public,TRUE
2688,male,group D,,standard,FALSE,11.9,5.3,55,59,87,public,TRUE
2689,female,group D,high school,standard,FALSE,7.2,5.4,61,71,49,public,TRUE
2690,male,group C,high school,standard,TRUE,10.5,6.4,100,77,71,public,TRUE
2691,female,group E,some college,standard,TRUE,9.8,6.7,62,63,68,public,
2692,female,group B,bachelor degree,standard,FALSE,17.6,5.5,70,,62,public,FALSE
2693,male,group B,associate degree,free/reduced,TRUE,7.7,8.4,65,,68,international,TRUE
2694,male,group A,associate degree,standard,FALSE,12.6,8.1,87,74,74,international,TRUE
2695,male,group D,bachelor degree,standard,FALSE,13,8.2,75,63,73,international,TRUE
2696,male,group A,associate degree,standard,FALSE,3.6,9.3,73,62,60,public,TRUE
2697,male,group C,bachelor degree,standard,FALSE,4,6.7,88,98,78,public,TRUE
2698,male,group D,high school,free/reduced,FALSE,,8,61,49,,public,TRUE
2699,male,group C,some college,standard,TRUE,13.3,,82,79,95,public,TRUE
2700,female,group A,some college,standard,FALSE,6.5,8.5,51,63,76,public,TRUE
2701,male,group D,some college,standard,FALSE,,,51,,80,public,TRUE
2702,female,group D,some college,standard,TRUE,17.2,7.6,56,82,71,public,FALSE
2703,female,group D,bachelor degree,free/reduced,TRUE,8.4,7.7,67,73,67,public,TRUE
2704,male,group C,high school,standard,FALSE,7.5,6.3,93,78,88,public,TRUE
2705,male,group D,associate degree,standard,FALSE,0.5,3.7,72,80,55,public,TRUE
2706,male,group D,bachelor degree,standard,FALSE,9.4,8.6,88,53,90,public,TRUE
2707,male,group A,,standard,TRUE,9.6,7.8,94,81,82,public,
2708,male,group B,associate degree,standard,FALSE,7.4,6.7,64,,60,public,TRUE
2709,female,group D,high school,standard,TRUE,10.4,6.5,83,59,77,public,TRUE
2710,female,group D,master degree,standard,TRUE,11.9,7.9,52,69,72,public,FALSE
2711,female,group D,bachelor degree,free/reduced,FALSE,,7.6,100,75,50,international,FALSE
2712,female,group A,some college,standard,FALSE,15.8,6.3,78,71,91,public,TRUE
2713,female,group C,,standard,FALSE,7.9,6.9,64,46,67,public,TRUE
2714,male,group B,associate degree,standard,TRUE,11.6,4.5,81,72,64,public,TRUE
2715,female,group A,high school,standard,TRUE,13.4,5.6,92,50,69,public,TRUE
2716,male,group C,high school,standard,TRUE,6.5,8.3,77,81,66,private,TRUE
2717,female,group C,master degree,standard,FALSE,9,6.8,86,55,64,private,TRUE
2718,male,group C,some college,free/reduced,TRUE,3.5,7.7,65,90,74,public,TRUE
2719,female,group E,some college,standard,TRUE,11.7,7.4,100,68,94,public,TRUE
2720,male,group E,some college,free/reduced,FALSE,10.1,,64,83,78,private,TRUE
2721,female,group A,high school,standard,FALSE,10.6,4.2,75,74,89,public,TRUE
2722,male,group E,associate degree,standard,TRUE,12.3,6,47,72,85,private,TRUE
2723,male,group D,some college,free/reduced,FALSE,0.2,7.8,76,,89,private,TRUE
2724,female,group E,bachelor degree,standard,FALSE,8.2,7.6,43,65,,public,
2725,male,group C,high school,free/reduced,FALSE,14,8,76,75,61,public,TRUE
2726,male,group B,associate degree,standard,FALSE,13.4,7.5,52,100,68,public,FALSE
2727,female,group E,associate degree,free/reduced,TRUE,11.5,9.5,43,76,65,private,TRUE
2728,female,group A,bachelor degree,free/reduced,TRUE,6.1,5.4,79,74,64,public,TRUE
2729,male,group E,bachelor degree,,FALSE,10.3,6.4,82,,88,private,TRUE
2730,female,group A,high school,standard,FALSE,14.8,6,89,55,55,public,TRUE
2731,female,group D,high school,standard,TRUE,10.7,4.3,78,63,63,public,FALSE
2732,male,group A,bachelor degree,free/reduced,FALSE,0,6,58,76,58,public,TRUE
2733,female,group C,high school,standard,TRUE,14.1,6,79,48,75,public,TRUE
2734,male,group A,associate degree,standard,FALSE,0.3,8.7,67,87,88,public,TRUE
2735,female,group C,high school,standard,FALSE,11.9,6.4,92,80,81,public,TRUE
2736,female,group A,high school,standard,TRUE,,4.3,69,71,79,public,TRUE
2737,male,group C,some college,free/reduced,TRUE,3.6,7.9,85,82,79,private,TRUE
2738,male,group D,master degree,standard,FALSE,13.5,8,56,76,76,private,TRUE
2739,female,group E,some college,standard,TRUE,12,7.8,86,,89,public,TRUE
2740,male,group B,bachelor degree,standard,FALSE,,,72,81,78,public,TRUE
2741,male,group A,high school,standard,TRUE,8.5,7.9,97,66,70,international,TRUE
2742,male,group B,bachelor degree,standard,TRUE,12.7,7.1,77,55,47,public,TRUE
2743,female,group C,,standard,FALSE,14.7,8.2,76,84,37,public,TRUE
2744,male,group A,high school,free/reduced,FALSE,8,7.2,71,69,69,private,TRUE
2745,female,group B,some college,free/reduced,FALSE,11.1,6.5,76,66,60,private,TRUE
2746,male,group B,some college,free/reduced,TRUE,1.3,8.3,73,78,73,public,TRUE
2747,male,group C,high school,free/reduced,TRUE,4.9,6.8,52,66,74,public,
2748,male,group A,high school,standard,TRUE,,9.5,61,36,,private,TRUE
2749,male,group B,some college,standard,FALSE,9.3,4.3,67,62,58,international,TRUE
2750,male,group A,master degree,free/reduced,FALSE,9.4,,66,63,83,private,TRUE
2751,male,group E,bachelor degree,standard,TRUE,10.2,5.8,59,79,63,private,TRUE
2752,male,group E,high school,free/reduced,FALSE,10.6,7.3,76,53,53,public,TRUE
2753,male,group E,some college,standard,TRUE,10.2,8.9,70,60,62,private,TRUE
2754,female,group C,high school,standard,TRUE,15,7.1,53,83,54,international,TRUE
2755,female,group C,master degree,standard,TRUE,9.9,5.5,52,58,72,international,TRUE
2756,female,group C,associate degree,standard,FALSE,,8.6,100,93,63,public,TRUE
2757,female,group B,,standard,FALSE,5.7,8.5,82,80,64,public,TRUE
2758,female,group B,associate degree,free/reduced,FALSE,7.7,8.9,85,89,87,public,TRUE
2759,female,group B,high school,free/reduced,TRUE,7.6,7.4,85,85,80,public,TRUE
2760,male,group E,associate degree,free/reduced,FALSE,,4.7,80,65,40,public,TRUE
2761,male,group C,high school,free/reduced,FALSE,8.8,9.5,69,77,53,private,TRUE
2762,male,group C,high school,free/reduced,TRUE,6,6.2,69,,76,public,TRUE
2763,female,group C,bachelor degree,standard,FALSE,14.2,7.1,64,59,46,public,FALSE
2764,female,group C,master degree,free/reduced,TRUE,2.5,7.1,55,75,70,public,TRUE
2765,male,group D,bachelor degree,free/reduced,TRUE,8.3,5.8,87,52,68,public,TRUE
2766,female,group E,master degree,standard,FALSE,0.7,8.7,82,92,,public,TRUE
2767,male,group E,associate degree,standard,FALSE,19.6,6.9,67,63,64,public,FALSE
2768,female,group D,high school,standard,TRUE,4.3,8.4,41,68,80,private,TRUE
2769,female,group A,some college,standard,TRUE,8.9,5.6,89,68,57,private,TRUE
2770,female,group E,associate degree,free/reduced,TRUE,12.4,6.6,83,68,68,public,TRUE
2771,male,group B,bachelor degree,standard,FALSE,,8.5,83,77,59,public,TRUE
2772,male,group D,bachelor degree,free/reduced,TRUE,19.9,7.8,63,67,59,public,
2773,male,group A,bachelor degree,free/reduced,TRUE,7.7,7,64,76,71,public,FALSE
2774,male,group A,high school,free/reduced,TRUE,,7,66,80,93,public,TRUE
2775,female,group D,associate degree,standard,TRUE,3.5,6.5,56,81,94,public,TRUE
2776,male,group E,,standard,FALSE,7.3,7.2,81,50,59,public,
2777,female,group D,some college,standard,TRUE,8.8,,81,71,74,public,FALSE
2778,female,group A,high school,free/reduced,FALSE,16.7,9.1,85,72,88,private,TRUE
2779,male,group A,high school,free/reduced,FALSE,9.6,8.8,90,50,43,public,TRUE
2780,male,group D,high school,standard,TRUE,9.4,7.1,57,90,83,private,TRUE
2781,female,group D,associate degree,standard,TRUE,14.1,8.6,55,32,66,public,TRUE
2782,female,group E,,standard,TRUE,16.3,,75,79,77,public,TRUE
2783,female,group C,,standard,TRUE,11.5,6.4,50,70,93,private,TRUE
2784,male,group D,some college,free/reduced,FALSE,10.4,8.9,70,89,100,public,TRUE
2785,female,group B,some college,standard,FALSE,12.6,8,60,88,48,public,TRUE
2786,female,group B,master degree,free/reduced,TRUE,10.4,8.6,82,57,80,public,TRUE
2787,male,group C,high school,free/reduced,FALSE,5.7,6,82,53,57,public,TRUE
2788,male,group C,master degree,free/reduced,FALSE,10.8,7.7,43,86,71,private,TRUE
2789,male,group B,high school,standard,FALSE,6.1,6.6,50,60,70,public,TRUE
2790,male,group E,master degree,standard,FALSE,6.4,6.5,94,58,69,international,FALSE
2791,female,group B,bachelor degree,standard,TRUE,6.9,7.9,88,75,65,public,TRUE
2792,female,group C,master degree,standard,TRUE,5.8,6.6,45,73,80,public,TRUE
2793,male,group C,associate degree,standard,TRUE,5.1,8.4,80,55,64,public,TRUE
2794,male,group A,associate degree,free/reduced,TRUE,14.1,8.7,61,58,74,public,TRUE
2795,female,group C,associate degree,standard,TRUE,10.3,5.3,87,59,52,international,TRUE
2796,male,group B,bachelor degree,free/reduced,FALSE,2.6,6.1,88,68,81,public,TRUE
2797,male,group B,bachelor degree,free/reduced,TRUE,12.3,,72,70,67,international,TRUE
2798,female,group E,high school,standard,FALSE,3.4,7.5,80,73,83,public,TRUE
2799,male,group C,master degree,free/reduced,FALSE,14.9,6.1,100,42,91,public,TRUE
2800,male,group B,high school,standard,TRUE,9.8,7.7,54,82,38,public,TRUE
2801,male,group C,high school,standard,TRUE,18.1,6.3,47,61,77,public,TRUE
2802,male,group E,high school,standard,FALSE,11.7,7.3,76,65,72,public,TRUE
2803,male,group C,,standard,TRUE,8.4,5.5,65,64,62,public,TRUE
2804,male,group B,high school,standard,FALSE,4.5,6.7,61,79,58,public,TRUE
2805,female,group E,bachelor degree,standard,FALSE,7.9,8.1,91,57,89,private,TRUE
2806,male,group C,high school,free/reduced,FALSE,5.2,5.5,37,95,84,public,TRUE
2807,male,group A,high school,standard,TRUE,6.8,5.7,52,52,74,public,TRUE
2808,female,group C,bachelor degree,free/reduced,FALSE,4.5,7.7,38,99,88,public,TRUE
2809,female,group D,high school,free/reduced,FALSE,,,89,80,73,public,TRUE
2810,male,group C,bachelor degree,standard,FALSE,,8.3,90,58,67,public,FALSE
2811,female,group B,,standard,FALSE,3.5,10.3,83,71,49,private,FALSE
2812,male,group C,high school,standard,TRUE,17.1,5.7,49,82,92,private,TRUE
2813,female,group B,some college,standard,FALSE,9.1,6.3,45,60,48,public,TRUE
2814,female,group B,some college,free/reduced,TRUE,12.5,6.5,71,49,95,international,TRUE
2815,female,group A,master degree,,FALSE,11.5,9.5,65,93,50,public,TRUE
2816,female,group D,master degree,free/reduced,FALSE,15.7,9.5,69,57,53,public,TRUE
2817,male,group D,master degree,free/reduced,FALSE,6.8,7,60,60,76,public,TRUE
2818,male,group D,,,FALSE,11.5,6.6,63,88,73,private,TRUE
2819,female,group C,,free/reduced,TRUE,17.2,5,88,44,51,public,
2820,male,group A,bachelor degree,free/reduced,FALSE,10.7,8,61,64,79,private,
2821,male,group C,associate degree,standard,FALSE,11,5.3,69,80,85,public,TRUE
2822,female,group B,high school,standard,TRUE,7.3,7.6,88,82,40,public,TRUE
2823,male,group D,associate degree,standard,TRUE,13.8,6.8,53,,61,public,TRUE
2824,female,group C,bachelor degree,free/reduced,TRUE,10.6,8.6,71,51,49,private,TRUE
2825,female,group B,bachelor degree,standard,TRUE,11.1,6.1,63,83,69,public,TRUE
2826,male,group A,master degree,standard,FALSE,8.5,6.5,83,79,78,public,FALSE
2827,female,group C,associate degree,free/reduced,TRUE,10.6,9.2,69,56,57,international,TRUE
2828,female,group B,master degree,free/reduced,TRUE,6.5,5.9,64,78,63,private,TRUE
2829,male,group D,high school,free/reduced,TRUE,10.4,7.7,67,82,68,public,TRUE
2830,male,group B,high school,free/reduced,FALSE,8.9,7,84,81,93,international,
2831,male,group C,high school,free/reduced,FALSE,11.5,6.1,76,87,81,international,TRUE
2832,male,group E,,free/reduced,FALSE,1.1,5.6,73,,,public,TRUE
2833,female,group E,some college,,FALSE,0.9,8.2,59,47,89,public,TRUE
2834,male,group D,associate degree,standard,TRUE,,7.6,77,59,66,public,TRUE
2835,female,group E,bachelor degree,standard,TRUE,6.6,7.7,65,86,73,public,TRUE
2836,female,group B,associate degree,free/reduced,TRUE,0,5.8,65,80,86,public,FALSE
2837,female,group E,some college,standard,TRUE,,7.6,73,64,55,public,TRUE
2838,female,group D,bachelor degree,standard,FALSE,6.6,5.9,65,67,81,public,TRUE
2839,male,group A,high school,standard,FALSE,3.7,8.2,70,50,93,private,FALSE
2840,female,group C,some college,free/reduced,FALSE,10.8,6,78,83,74,public,TRUE
2841,female,group C,associate degree,free/reduced,FALSE,7,5.3,89,58,98,public,TRUE
2842,female,group D,bachelor degree,free/reduced,FALSE,5.9,8.1,77,100,69,private,TRUE
2843,male,group E,bachelor degree,free/reduced,TRUE,9.7,8.4,51,65,,private,TRUE
2844,female,group D,bachelor degree,free/reduced,FALSE,13,8,44,58,79,public,TRUE
2845,female,group E,,standard,FALSE,9.5,6.5,51,84,50,public,TRUE
2846,female,group D,master degree,free/reduced,FALSE,9.5,7.1,75,68,50,private,FALSE
2847,male,group B,high school,standard,TRUE,6.6,6.4,83,65,39,public,TRUE
2848,female,group D,associate degree,standard,TRUE,11.5,6.8,61,,59,public,TRUE
2849,male,group D,some college,standard,FALSE,2.2,8.5,59,99,72,public,FALSE
2850,female,group D,high school,free/reduced,FALSE,12.1,6,90,76,60,public,
2851,male,group E,high school,standard,FALSE,17,7.3,96,57,70,public,TRUE
2852,female,group D,master degree,standard,FALSE,3.2,10.1,76,54,77,public,TRUE
2853,female,group C,master degree,standard,FALSE,1,6.9,68,55,92,public,
2854,female,group C,some college,standard,FALSE,18.5,7.4,74,72,57,private,TRUE
2855,female,group B,associate degree,standard,TRUE,16.4,,58,66,74,public,TRUE
2856,male,group D,,free/reduced,FALSE,3.1,6.7,83,56,58,public,TRUE
2857,female,group C,high school,standard,FALSE,,,62,89,60,public,TRUE
2858,male,group B,,standard,TRUE,7.2,,68,65,51,public,TRUE
2859,male,group E,some college,standard,FALSE,1.5,,85,56,63,private,TRUE
2860,male,group A,high school,standard,TRUE,8,7.9,45,61,56,public,FALSE
2861,female,group E,some college,standard,FALSE,0,10,72,65,43,public,TRUE
2862,male,group E,high school,standard,TRUE,1.5,,51,93,97,public,TRUE
2863,male,group A,bachelor degree,standard,TRUE,5.9,9.4,95,48,55,private,FALSE
2864,male,group D,high school,standard,FALSE,16.5,7.5,77,82,71,public,TRUE
2865,male,group E,high school,standard,TRUE,13.7,7,88,75,72,international,TRUE
2866,female,group B,associate degree,standard,TRUE,,7.3,74,66,59,public,TRUE
2867,male,group B,high school,free/reduced,FALSE,,5.1,68,,100,international,TRUE
2868,female,group A,high school,free/reduced,FALSE,8,,68,79,88,public,FALSE
2869,male,group B,high school,standard,TRUE,10.5,11,74,98,65,public,TRUE
2870,male,group E,associate degree,free/reduced,FALSE,13.2,6.7,64,100,37,public,TRUE
2871,female,group A,bachelor degree,standard,FALSE,20.3,6.8,87,52,71,public,TRUE
2872,female,group A,master degree,free/reduced,TRUE,12.2,7.4,53,67,67,public,FALSE
2873,female,group C,some college,standard,TRUE,,7.5,81,82,82,public,TRUE
2874,female,group C,,standard,FALSE,13.6,8.1,67,70,62,private,TRUE
2875,female,group E,high school,standard,TRUE,3,6.9,37,86,83,public,TRUE
2876,male,group A,high school,standard,FALSE,10.4,6.5,81,73,66,public,TRUE
2877,male,group B,some college,standard,TRUE,7.3,7.5,83,85,50,private,TRUE
2878,male,group E,some college,standard,TRUE,5.9,,100,74,89,private,TRUE
2879,female,group D,some college,standard,FALSE,9.7,,63,67,86,public,TRUE
2880,male,group B,,standard,TRUE,12.7,6.8,65,54,80,international,TRUE
2881,female,group A,high school,standard,FALSE,13.2,7.6,81,63,91,private,FALSE
2882,female,group B,bachelor degree,free/reduced,FALSE,18.1,7.4,40,74,75,private,TRUE
2883,female,group C,some college,standard,FALSE,12,6.8,61,62,86,public,TRUE
2884,male,group A,some college,free/reduced,TRUE,17.7,8.3,86,66,64,public,TRUE
2885,male,group B,associate degree,standard,FALSE,4.1,7.4,53,66,56,public,TRUE
2886,female,group D,high school,free/reduced,TRUE,10.9,9.6,73,73,64,public,TRUE
2887,male,group B,associate degree,standard,FALSE,19.9,,78,49,60,public,TRUE
2888,female,group E,high school,,TRUE,10,6.2,84,38,83,public,TRUE
2889,male,group E,bachelor degree,standard,TRUE,9.7,,46,70,63,public,TRUE
2890,female,group B,some college,free/reduced,FALSE,8.9,7.2,61,47,71,public,
2891,female,group B,master degree,free/reduced,TRUE,13.4,8.6,62,71,72,public,FALSE
2892,female,group B,bachelor degree,standard,TRUE,9,6.5,61,68,70,public,FALSE
2893,female,group D,,standard,FALSE,11.3,6,56,64,61,private,TRUE
2894,female,group D,,free/reduced,FALSE,,7.1,59,95,62,public,TRUE
2895,female,group D,master degree,free/reduced,TRUE,7.4,6.5,76,,81,public,TRUE
2896,female,group B,high school,,TRUE,9.9,7.6,55,78,86,private,TRUE
2897,female,group B,associate degree,standard,TRUE,12.4,9.1,46,56,51,public,TRUE
2898,male,group C,,free/reduced,TRUE,13.9,5.7,49,59,91,private,FALSE
2899,male,group D,high school,standard,TRUE,11.1,7.3,91,63,79,public,TRUE
2900,male,group D,,free/reduced,TRUE,7.3,6.8,64,57,87,public,TRUE
2901,female,group E,,standard,FALSE,8.6,6.4,77,82,73,public,TRUE
2902,female,group E,master degree,standard,TRUE,8.5,6.1,48,,71,public,FALSE
2903,male,group E,high school,standard,FALSE,11.2,,69,83,56,public,TRUE
2904,male,group D,master degree,standard,TRUE,14.1,9.1,74,76,61,public,TRUE
2905,male,group A,bachelor degree,free/reduced,TRUE,9.6,7.8,65,95,46,public,TRUE
2906,female,group B,,standard,FALSE,12.2,5.8,44,64,82,public,TRUE
2907,female,group A,high school,standard,TRUE,,7.8,51,82,71,public,TRUE
2908,male,group E,associate degree,standard,TRUE,6.5,,69,68,58,public,TRUE
2909,female,group C,master degree,standard,TRUE,14.7,8.3,70,53,77,public,TRUE
2910,female,group D,some college,standard,TRUE,10.5,4,52,38,85,public,TRUE
2911,female,group C,,free/reduced,TRUE,6.4,7.3,70,72,47,international,TRUE
2912,female,group C,,free/reduced,FALSE,9.5,8.9,45,70,72,public,TRUE
2913,female,group A,some college,standard,TRUE,4.6,,56,81,65,private,TRUE
2914,male,group D,some college,standard,TRUE,3.3,7.2,48,56,,private,TRUE
2915,female,group C,some college,free/reduced,TRUE,13.8,5.6,36,84,59,private,TRUE
2916,female,group C,high school,standard,TRUE,4.3,8.4,54,82,61,international,TRUE
2917,male,group E,high school,free/reduced,TRUE,14.4,8.3,57,100,67,public,TRUE
2918,female,group C,high school,standard,FALSE,12.4,6.7,58,57,81,public,TRUE
2919,male,group B,associate degree,standard,TRUE,10,8.5,71,44,59,private,TRUE
2920,male,group A,master degree,standard,FALSE,9.3,9.7,70,58,71,public,FALSE
2921,male,group E,high school,free/reduced,FALSE,11.1,6.5,71,68,,public,TRUE
2922,male,group B,some college,standard,FALSE,7.5,3.7,86,66,82,private,TRUE
2923,male,group E,associate degree,standard,FALSE,17.8,7.9,83,83,78,public,TRUE
2924,female,group D,bachelor degree,standard,TRUE,4.9,7.9,64,52,85,public,TRUE
2925,female,group B,,standard,TRUE,5.5,7.4,72,68,68,private,TRUE
2926,female,group B,master degree,standard,FALSE,12.5,7.1,97,74,72,public,TRUE
2927,male,group D,,standard,FALSE,,,80,83,78,public,TRUE
2928,male,group C,high school,standard,FALSE,4,4,71,89,54,public,TRUE
2929,female,group D,master degree,standard,TRUE,6.7,8.8,99,66,87,public,
2930,male,group B,,standard,TRUE,7.4,9.4,55,,73,public,TRUE
2931,female,group C,high school,free/reduced,TRUE,13.9,6,50,83,67,public,TRUE
2932,female,group A,high school,free/reduced,TRUE,2.4,5,80,,67,private,FALSE
2933,male,group B,some college,free/reduced,TRUE,9.9,8,68,81,99,public,FALSE
2934,male,group E,high school,standard,TRUE,,7.1,60,64,65,private,TRUE
2935,female,group C,associate degree,free/reduced,TRUE,7.2,7.5,72,42,57,international,TRUE
2936,female,group B,some college,standard,FALSE,9.4,4.7,90,84,73,public,TRUE
2937,female,group D,master degree,standard,FALSE,21.9,6.3,78,80,82,public,TRUE
2938,male,group B,,free/reduced,FALSE,,6.7,66,63,,public,TRUE
2939,female,group C,associate degree,free/reduced,FALSE,1.6,8.5,89,56,47,international,TRUE
2940,male,group E,bachelor degree,standard,TRUE,6.5,9.8,65,59,61,public,TRUE
2941,female,group D,associate degree,free/reduced,FALSE,0.7,7.1,98,76,97,public,TRUE
2942,male,group C,high school,free/reduced,FALSE,5.9,7.8,63,76,55,private,TRUE
2943,female,group D,high school,standard,FALSE,5.9,8.5,82,59,70,public,TRUE
2944,male,group C,high school,free/reduced,FALSE,12.2,6.9,67,53,61,private,TRUE
2945,male,group C,associate degree,standard,FALSE,10.6,6.5,49,65,91,public,TRUE
2946,female,group C,high school,free/reduced,FALSE,0,5.9,49,67,,private,TRUE
2947,male,group C,,standard,FALSE,1,8.2,57,75,76,public,FALSE
2948,female,group A,master degree,free/reduced,FALSE,12.4,8.5,76,64,86,public,TRUE
2949,male,group A,,free/reduced,TRUE,15.6,9.1,58,,85,public,TRUE
2950,female,group D,bachelor degree,standard,TRUE,13.4,6.9,49,59,80,public,TRUE
2951,male,group B,some college,standard,FALSE,15.1,,83,54,51,public,TRUE
2952,female,group A,master degree,free/reduced,TRUE,6.6,8.3,48,88,62,private,TRUE
2953,female,group D,master degree,free/reduced,FALSE,10.5,6.5,53,58,69,private,TRUE
2954,male,group D,high school,free/reduced,FALSE,8.9,7,52,74,52,public,TRUE
2955,male,group D,master degree,standard,FALSE,,6.8,83,100,69,public,TRUE
2956,female,group A,master degree,free/reduced,FALSE,7.6,6.5,88,77,75,public,TRUE
2957,male,group D,high school,standard,FALSE,10.3,8.6,87,82,67,public,TRUE
2958,female,group B,some college,standard,FALSE,2.8,5.4,82,41,100,international,TRUE
2959,female,group C,high school,standard,FALSE,12.3,8.8,74,52,100,public,TRUE
2960,male,group C,associate degree,standard,TRUE,17.6,9,90,81,39,public,TRUE
2961,male,group E,,standard,TRUE,15.5,8.6,62,73,73,private,TRUE
2962,male,group B,associate degree,free/reduced,TRUE,15.4,8.5,59,51,78,private,TRUE
2963,male,group C,high school,standard,TRUE,1.6,7.8,100,70,71,public,TRUE
2964,female,group B,master degree,standard,TRUE,5.5,8.2,64,80,42,public,FALSE
2965,male,group A,high school,free/reduced,FALSE,15.4,7.6,60,96,89,public,TRUE
2966,female,group D,master degree,free/reduced,TRUE,6.5,7.3,83,,75,public,TRUE
2967,male,group D,some college,standard,TRUE,4.9,,52,88,49,international,TRUE
2968,female,group B,high school,free/reduced,FALSE,7.3,5.6,92,63,91,public,TRUE
2969,male,group D,bachelor degree,standard,FALSE,7.7,,94,62,54,public,TRUE
2970,male,group E,some college,standard,TRUE,11.3,10.5,78,92,90,private,TRUE
2971,male,group D,some college,standard,TRUE,3,7,71,89,78,public,TRUE
2972,female,group A,some college,standard,FALSE,11.7,7.4,60,50,76,public,FALSE
2973,male,group C,some college,standard,TRUE,1.4,7,66,65,73,private,TRUE
2974,male,group B,high school,standard,FALSE,10.3,5.9,85,73,68,public,TRUE
2975,male,group C,,standard,FALSE,14.3,8.3,73,82,,public,TRUE
2976,female,group B,associate degree,standard,FALSE,,7,72,82,79,private,TRUE
2977,female,group E,,standard,TRUE,14.9,4.9,58,86,55,international,TRUE
2978,male,group B,some college,standard,FALSE,16.8,8.2,76,75,,public,TRUE
2979,female,group C,some college,standard,TRUE,3.4,5.2,53,91,66,public,TRUE
2980,male,group E,some college,standard,FALSE,10.9,5.5,88,,62,international,TRUE
2981,female,group B,bachelor degree,standard,FALSE,5.8,9.4,92,71,38,public,TRUE
2982,female,group D,high school,standard,FALSE,0.7,6.7,84,53,63,public,TRUE
2983,male,group C,,standard,FALSE,6.9,5.8,88,81,90,international,FALSE
2984,male,group A,some college,standard,FALSE,8.2,,77,37,63,public,TRUE
2985,female,group D,high school,standard,TRUE,9.1,7.3,100,90,71,public,TRUE
2986,female,group E,associate degree,,FALSE,6.2,7.7,83,35,63,public,TRUE
2987,female,group C,,standard,TRUE,20.4,8,81,64,27,public,TRUE
2988,male,group A,some college,free/reduced,FALSE,13.5,6.1,62,68,66,public,TRUE
2989,male,group D,high school,standard,FALSE,11.1,9.2,85,89,87,private,TRUE
2990,male,group D,high school,free/reduced,FALSE,10,,73,82,76,public,TRUE
2991,male,group A,some college,free/reduced,FALSE,7.9,7.1,55,70,67,international,TRUE
2992,female,group D,some college,free/reduced,TRUE,,7.1,76,70,48,public,TRUE
2993,male,group B,,standard,TRUE,11.6,5.3,85,,80,public,TRUE
2994,male,group E,high school,standard,TRUE,,,96,69,80,public,TRUE
2995,female,group B,bachelor degree,free/reduced,TRUE,,8.9,74,57,,private,TRUE
2996,female,group C,associate degree,standard,TRUE,8.1,9.2,82,82,64,public,TRUE
2997,male,group C,,standard,FALSE,16.9,7.6,46,,75,international,TRUE
2998,male,group C,high school,free/reduced,TRUE,2.5,7.2,69,78,,public,TRUE
2999,female,group C,some college,standard,FALSE,15.8,9.2,64,76,36,public,TRUE
3000,male,group C,bachelor degree,standard,TRUE,15.1,,75,,74,public,TRUE
3001,female,group D,,free/reduced,TRUE,11.2,,100,75,68,public,TRUE
3002,male,group C,master degree,standard,TRUE,6.1,7.1,60,84,,public,TRUE
3003,male,group C,high school,standard,TRUE,3.8,7.3,68,80,65,private,TRUE
3004,female,group E,bachelor degree,standard,TRUE,15.1,8.4,78,100,74,public,TRUE
3005,female,group C,master degree,free/reduced,FALSE,9.4,7.6,67,51,70,public,TRUE
3006,female,group E,associate degree,free/reduced,FALSE,6,7.8,62,94,94,public,TRUE
3007,male,group B,some college,standard,TRUE,14.8,,45,42,63,public,FALSE
3008,male,group D,associate degree,standard,FALSE,10.6,9.3,70,75,70,private,TRUE
3009,female,group E,associate degree,free/reduced,FALSE,13.3,8.2,49,84,56,international,TRUE
3010,male,group C,associate degree,standard,FALSE,13,7.8,32,58,,public,TRUE
3011,male,group D,associate degree,standard,TRUE,8.5,5.5,87,78,75,private,TRUE
3012,male,group D,some college,standard,TRUE,,8.5,79,74,39,international,FALSE
3013,male,group E,high school,free/reduced,TRUE,14.8,6.6,55,56,82,public,
3014,female,group B,some college,free/reduced,TRUE,10.9,6.4,77,71,86,public,TRUE
3015,male,group C,some college,free/reduced,FALSE,20.5,7.7,64,62,66,private,TRUE
3016,male,group C,some college,standard,TRUE,14.8,7.1,77,74,46,public,TRUE
3017,male,group C,some college,standard,FALSE,,6.3,68,58,83,private,FALSE
3018,male,group A,,standard,TRUE,10.4,6.7,66,82,79,public,TRUE
3019,female,group B,high school,free/reduced,TRUE,5,7.8,63,80,56,public,TRUE
3020,male,group E,bachelor degree,standard,TRUE,10.3,,82,53,68,private,FALSE
3021,male,group D,master degree,standard,FALSE,,6.5,80,51,,public,TRUE
3022,female,group C,high school,standard,FALSE,17,8,72,,69,international,TRUE
3023,female,group B,master degree,standard,FALSE,5.3,,69,53,57,public,TRUE
3024,male,group C,associate degree,standard,FALSE,16.5,6.5,59,72,49,public,TRUE
3025,female,group D,bachelor degree,free/reduced,FALSE,,,63,76,75,private,TRUE
3026,female,group A,,standard,FALSE,3.4,5.2,91,96,65,international,TRUE
3027,male,group B,bachelor degree,standard,TRUE,5.6,7.3,74,63,80,public,TRUE
3028,male,group C,,standard,FALSE,10.5,8.6,68,79,84,public,TRUE
3029,male,group B,high school,free/reduced,FALSE,14,,43,68,74,public,TRUE
3030,female,group B,high school,free/reduced,FALSE,8.9,5.5,74,61,,public,TRUE
3031,male,group C,high school,standard,FALSE,4.3,7.3,68,73,79,international,TRUE
3032,female,group C,some college,,FALSE,16.2,7.5,100,79,68,public,TRUE
3033,male,group B,master degree,standard,FALSE,,5.5,70,73,52,public,TRUE
3034,male,group B,master degree,standard,FALSE,11.7,8.5,80,71,67,public,TRUE
3035,male,group B,some college,,TRUE,,7.6,54,57,74,private,TRUE
3036,male,group D,some college,standard,FALSE,7.2,9.7,92,65,49,international,TRUE
3037,male,group C,bachelor degree,free/reduced,FALSE,5.8,7.2,31,53,93,public,TRUE
3038,male,group C,,standard,FALSE,,6,44,82,65,public,TRUE
3039,male,group A,high school,standard,FALSE,6.8,9.3,63,,64,public,TRUE
3040,male,group C,high school,standard,FALSE,11,6.4,73,68,52,public,TRUE
3041,female,group E,bachelor degree,standard,FALSE,11.7,4.5,43,74,73,public,TRUE
3042,male,group B,associate degree,standard,TRUE,8,8.5,69,,93,public,TRUE
3043,male,group B,,standard,FALSE,6.6,6.6,75,,58,private,TRUE
3044,male,group D,high school,,TRUE,13.2,7.4,63,72,85,public,TRUE
3045,male,group A,high school,free/reduced,FALSE,7.4,8.1,40,99,79,public,TRUE
3046,male,group E,high school,free/reduced,TRUE,9.2,,80,89,63,public,TRUE
3047,female,group B,bachelor degree,standard,FALSE,,8.8,80,74,85,public,TRUE
3048,female,group B,bachelor degree,standard,TRUE,5.2,7.2,81,74,74,public,TRUE
3049,male,group B,some college,standard,TRUE,13,6.6,58,78,69,public,TRUE
3050,male,group D,some college,free/reduced,FALSE,14.2,7.9,69,53,66,public,TRUE
3051,male,group C,high school,standard,TRUE,18.5,10.5,95,77,57,public,TRUE
3052,female,group E,,standard,TRUE,6.3,,64,81,74,private,TRUE
3053,female,group C,associate degree,standard,TRUE,,6.8,96,68,81,public,TRUE
3054,female,group D,high school,free/reduced,FALSE,,,100,62,81,public,TRUE
3055,male,group C,,standard,FALSE,7.7,6.7,65,72,67,public,
3056,female,group C,associate degree,free/reduced,TRUE,8.6,,61,77,69,international,FALSE
3057,female,group E,,standard,FALSE,8.2,8.1,82,85,74,public,TRUE
3058,female,group B,,standard,TRUE,8.5,7.2,82,78,51,public,TRUE
3059,male,group C,bachelor degree,standard,FALSE,9,8,73,79,48,public,TRUE
3060,male,group B,associate degree,standard,FALSE,19.4,5.8,64,58,80,public,TRUE
3061,female,group B,,standard,TRUE,7.2,8.3,65,56,99,public,TRUE
3062,female,group A,bachelor degree,free/reduced,TRUE,11.1,8,68,,61,public,FALSE
3063,female,group B,bachelor degree,free/reduced,FALSE,8.1,5.7,71,70,48,public,TRUE
3064,female,group C,some college,standard,FALSE,5.8,5.8,59,50,58,public,TRUE
3065,male,group B,high school,free/reduced,FALSE,6.9,8.7,69,68,66,public,TRUE
3066,female,group D,master degree,standard,TRUE,16.1,6.7,79,59,41,public,TRUE
3067,female,group A,master degree,free/reduced,FALSE,15.2,5.9,71,69,82,public,TRUE
3068,female,group A,associate degree,free/reduced,TRUE,6.1,7.4,95,70,71,international,TRUE
3069,female,group A,high school,standard,FALSE,12.7,6,89,,45,private,TRUE
3070,male,group B,,standard,FALSE,13.8,9.5,60,70,81,public,TRUE
3071,female,group C,associate degree,standard,FALSE,6.9,6.5,52,88,60,public,TRUE
3072,female,group A,some college,free/reduced,FALSE,,6.4,50,51,59,private,TRUE
3073,male,group C,some college,free/reduced,TRUE,8.3,6.7,40,70,55,public,TRUE
3074,female,group C,high school,free/reduced,TRUE,11.3,7,65,94,77,public,TRUE
3075,female,group E,bachelor degree,standard,TRUE,4.3,6.2,67,63,73,private,
3076,female,group C,bachelor degree,standard,FALSE,10.7,6.8,50,58,65,public,TRUE
3077,female,group C,some college,standard,FALSE,,3,65,,91,public,TRUE
3078,female,group A,high school,,FALSE,8.6,6,63,85,85,public,TRUE
3079,female,group C,bachelor degree,standard,TRUE,11.2,5.8,67,72,72,public,TRUE
3080,female,group C,some college,standard,TRUE,14.6,,68,64,76,public,TRUE
3081,male,group A,high school,standard,TRUE,14.1,5.3,56,,95,public,TRUE
3082,male,group B,associate degree,free/reduced,FALSE,5.8,,69,81,67,private,TRUE
3083,male,group C,high school,standard,FALSE,13.8,8.6,67,95,61,public,TRUE
3084,male,group C,some college,free/reduced,TRUE,6.6,7.6,59,,84,public,TRUE
3085,female,group D,some college,standard,FALSE,10.1,7.9,54,,65,private,TRUE
3086,female,group D,some college,standard,TRUE,12.1,7.9,68,78,72,public,TRUE
3087,female,group B,high school,standard,FALSE,14,6.2,57,73,90,public,TRUE
3088,female,group E,some college,free/reduced,FALSE,8.7,7.3,60,65,85,international,TRUE
3089,male,group D,high school,standard,FALSE,1.8,6.4,48,93,77,public,TRUE
3090,male,group D,some college,free/reduced,FALSE,17.4,7.3,55,58,76,public,FALSE
3091,male,group C,bachelor degree,standard,FALSE,10.7,6.6,78,,66,public,TRUE
3092,male,group B,bachelor degree,standard,TRUE,12.7,7.7,81,66,94,public,TRUE
3093,female,group D,some college,free/reduced,FALSE,10.6,11,89,76,81,public,TRUE
3094,female,group A,master degree,free/reduced,FALSE,12.3,5.3,72,78,49,public,FALSE
3095,female,group C,associate degree,standard,FALSE,15.6,6.7,73,63,50,public,FALSE
3096,male,group B,high school,standard,TRUE,9.4,5.3,83,59,67,public,TRUE
3097,male,group D,associate degree,free/reduced,TRUE,7,6.9,54,,71,public,TRUE
3098,male,group D,some college,free/reduced,FALSE,3,6,75,,73,private,FALSE
3099,male,group E,some college,standard,TRUE,8.2,8.1,55,60,59,public,TRUE
3100,female,group E,associate degree,standard,FALSE,9.8,7.6,74,93,66,public,TRUE
3101,male,group B,high school,free/reduced,TRUE,6.2,8.6,79,85,62,international,TRUE
3102,male,group A,,free/reduced,FALSE,18.1,5,69,69,68,public,TRUE
3103,female,group C,bachelor degree,free/reduced,TRUE,17.6,6.9,71,75,83,public,
3104,female,group E,bachelor degree,standard,FALSE,11.4,9.1,65,96,66,private,TRUE
3105,female,group B,high school,standard,FALSE,,8,78,100,61,private,FALSE
3106,male,group A,high school,standard,FALSE,13.3,5.1,85,60,82,public,TRUE
3107,male,group E,high school,free/reduced,TRUE,8.5,7.5,84,56,65,public,TRUE
3108,male,group C,some college,standard,TRUE,17.7,8.7,86,90,68,private,
3109,female,group B,some college,standard,FALSE,22.2,6.6,56,91,24,private,TRUE
3110,female,group E,high school,standard,FALSE,8.5,7,77,88,80,public,TRUE
3111,male,group B,high school,standard,FALSE,6.1,8,43,76,51,public,FALSE
3112,female,group E,high school,free/reduced,FALSE,7,7.8,91,67,82,international,TRUE
3113,female,group B,associate degree,,TRUE,3.3,7.5,73,83,85,public,TRUE
3114,male,group E,associate degree,standard,FALSE,13.4,6.3,76,85,81,private,TRUE
3115,female,group B,high school,standard,FALSE,16.7,6.8,59,78,74,public,TRUE
3116,female,group D,some college,standard,TRUE,10.2,8.6,40,46,99,public,TRUE
3117,female,group B,associate degree,standard,FALSE,4.5,7.4,69,77,64,public,TRUE
3118,male,group D,bachelor degree,free/reduced,TRUE,19.6,7.8,95,26,48,private,TRUE
3119,female,group A,master degree,free/reduced,TRUE,5.1,5.8,63,79,69,private,TRUE
3120,male,group B,some college,free/reduced,FALSE,16.2,8.4,51,83,72,public,TRUE
3121,female,group E,bachelor degree,standard,TRUE,13.3,8.3,78,72,96,public,TRUE
3122,male,group B,high school,standard,FALSE,1.5,3.7,73,52,73,public,TRUE
3123,female,group A,high school,free/reduced,FALSE,5.8,,86,75,66,private,
3124,male,group D,master degree,standard,TRUE,2.5,7.5,72,45,53,public,TRUE
3125,male,group B,associate degree,free/reduced,FALSE,13.5,4.6,64,84,76,public,FALSE
3126,female,group D,bachelor degree,standard,TRUE,9,5.6,69,53,70,public,TRUE
3127,male,group B,master degree,free/reduced,FALSE,4.1,8.1,70,100,81,public,TRUE
3128,female,group B,master degree,standard,TRUE,11.1,6.8,56,83,50,international,TRUE
3129,male,group D,some college,standard,FALSE,5.7,8.8,68,62,63,international,FALSE
3130,male,group D,,standard,FALSE,5.1,,70,66,69,public,TRUE
3131,male,group A,some college,free/reduced,TRUE,14.9,5.7,74,98,65,public,TRUE
3132,male,group A,high school,standard,TRUE,17.2,,97,72,49,private,TRUE
3133,male,group B,some college,,FALSE,8.1,8.2,72,71,69,public,TRUE
3134,male,group D,high school,,FALSE,10.7,6.9,88,62,62,international,TRUE
3135,male,group D,associate degree,standard,FALSE,3.9,,70,73,73,public,TRUE
3136,male,group C,associate degree,standard,TRUE,12,7.7,79,81,90,public,TRUE
3137,female,group D,,standard,FALSE,6.6,5.4,56,86,63,private,TRUE
3138,female,group E,high school,standard,TRUE,8.2,6.8,43,57,72,public,TRUE
3139,female,group C,high school,standard,FALSE,11.9,6.3,65,51,72,international,FALSE
3140,female,group A,,standard,FALSE,6.7,4.1,69,75,85,international,FALSE
3141,female,group D,some college,standard,FALSE,7.9,4.9,81,58,87,public,TRUE
3142,female,group B,bachelor degree,free/reduced,TRUE,12.6,,58,85,68,private,TRUE
3143,female,group E,master degree,free/reduced,TRUE,3.9,9.2,78,68,66,public,TRUE
3144,female,group A,associate degree,free/reduced,FALSE,,8,68,65,70,public,TRUE
3145,male,group E,high school,free/reduced,FALSE,2.3,5.7,68,61,51,private,
3146,female,group D,high school,free/reduced,FALSE,3.5,7,77,52,92,public,TRUE
3147,female,group D,high school,free/reduced,TRUE,14.7,7.5,69,70,83,private,TRUE
3148,male,group B,some college,standard,FALSE,18.5,5.6,61,80,59,public,TRUE
3149,male,group C,master degree,standard,TRUE,17.7,9.1,66,79,69,private,TRUE
3150,female,group C,,free/reduced,TRUE,7.2,5.8,77,47,62,public,TRUE
3151,female,group C,,standard,TRUE,19.5,7.3,72,60,71,private,TRUE
3152,male,group B,high school,standard,FALSE,7.8,7.6,79,75,71,public,TRUE
3153,male,group B,associate degree,standard,TRUE,6.3,7.6,77,88,74,public,TRUE
3154,male,group B,associate degree,standard,FALSE,15.3,6.8,42,69,54,public,TRUE
3155,female,group C,some college,free/reduced,FALSE,13.6,6.5,42,88,66,public,TRUE
3156,female,group C,high school,standard,FALSE,0.7,8.2,68,50,71,international,FALSE
3157,female,group C,some college,standard,TRUE,13.1,6.4,98,78,,international,TRUE
3158,female,group C,bachelor degree,free/reduced,FALSE,5.8,6.5,72,83,73,private,
3159,male,group D,high school,free/reduced,FALSE,6.8,7.8,46,59,62,public,TRUE
3160,female,group C,bachelor degree,standard,FALSE,4.8,,51,61,95,public,TRUE
3161,male,group E,high school,standard,FALSE,16.8,,90,88,100,international,TRUE
3162,female,group C,high school,standard,FALSE,19.8,7.5,83,57,75,public,
3163,female,group E,,standard,FALSE,,8.3,51,97,66,public,TRUE
3164,female,group B,some college,standard,FALSE,10.3,8.4,50,76,92,public,FALSE
3165,male,group C,master degree,,TRUE,5.7,4,88,91,62,public,TRUE
3166,male,group D,some college,free/reduced,TRUE,12.7,8,86,71,73,private,FALSE
3167,male,group D,high school,standard,TRUE,,6.8,75,81,91,public,TRUE
3168,male,group B,some college,free/reduced,TRUE,13.6,9,43,75,83,international,TRUE
3169,male,group C,associate degree,standard,FALSE,6.7,7.4,67,90,,private,TRUE
3170,male,group A,high school,standard,FALSE,2,7.1,52,76,,public,TRUE
3171,female,group B,associate degree,free/reduced,TRUE,5.2,8.7,67,62,74,private,TRUE
3172,female,group B,some college,standard,FALSE,16.5,8.1,66,82,41,international,TRUE
3173,male,group C,high school,free/reduced,FALSE,5.2,6.2,78,49,62,public,TRUE
3174,male,group C,high school,free/reduced,FALSE,,6.8,59,84,76,public,TRUE
3175,male,group B,high school,,TRUE,0,6.5,56,,56,public,FALSE
3176,female,group C,high school,standard,TRUE,9.4,8.4,43,80,61,international,TRUE
3177,female,group D,some college,standard,FALSE,4,9.7,66,88,65,public,TRUE
3178,male,group D,bachelor degree,standard,FALSE,6.4,6.7,96,60,,private,TRUE
3179,female,group E,high school,standard,TRUE,,9.3,53,27,72,public,TRUE
3180,female,group C,high school,free/reduced,TRUE,15.5,6.2,75,61,81,public,TRUE
3181,male,group B,,standard,FALSE,,7.4,82,69,88,public,TRUE
3182,female,group D,some college,free/reduced,TRUE,12.8,,76,81,98,public,TRUE
3183,male,group E,high school,,TRUE,8.7,5.7,65,75,74,public,TRUE
3184,male,group C,some college,free/reduced,TRUE,12.5,6.8,55,77,89,private,TRUE
3185,male,group E,some college,standard,TRUE,10.8,6.6,64,68,65,public,TRUE
3186,female,group E,master degree,standard,FALSE,11.5,8.7,54,63,69,public,TRUE
3187,female,group D,master degree,standard,FALSE,11,9.1,89,81,89,public,TRUE
3188,male,group A,some college,standard,FALSE,7.9,6.6,59,83,72,public,TRUE
3189,male,group C,some college,free/reduced,FALSE,15.8,7.8,46,68,43,public,TRUE
3190,male,group E,bachelor degree,free/reduced,TRUE,14.2,8.8,66,65,60,public,TRUE
3191,female,group D,master degree,standard,FALSE,10.7,4.1,81,73,85,public,FALSE
3192,male,group C,high school,free/reduced,TRUE,10.3,8.2,63,73,69,public,FALSE
3193,female,group C,master degree,standard,FALSE,13.3,7.7,64,67,65,public,TRUE
3194,male,group B,associate degree,standard,FALSE,10.5,9.5,70,52,76,public,FALSE
3195,male,group C,some college,standard,FALSE,8.7,,63,78,64,international,TRUE
3196,male,group B,associate degree,standard,TRUE,17.6,6.4,88,,65,private,TRUE
3197,female,group A,bachelor degree,standard,TRUE,11.1,8.1,90,69,61,public,TRUE
3198,male,group D,some college,standard,FALSE,,7.1,67,100,63,private,TRUE
3199,female,group E,some college,standard,FALSE,9,8.7,73,62,70,public,TRUE
3200,female,group B,bachelor degree,standard,FALSE,8.9,8.3,75,81,78,public,TRUE
3201,female,group E,some college,free/reduced,FALSE,11.1,6.2,84,92,63,public,FALSE
3202,female,group E,bachelor degree,free/reduced,FALSE,16.9,6,68,67,59,public,TRUE
3203,female,group E,high school,free/reduced,FALSE,6.6,7.3,76,66,77,public,TRUE
3204,male,group C,,standard,TRUE,1.3,7.4,44,,70,private,FALSE
3205,male,group C,some college,standard,TRUE,13.5,7.3,72,83,77,public,FALSE
3206,female,group D,bachelor degree,standard,TRUE,,9.8,79,80,80,private,TRUE
3207,female,group E,some college,standard,FALSE,11.5,6.9,94,76,61,public,TRUE
3208,female,group D,some college,standard,FALSE,7.1,8.4,90,53,83,international,TRUE
3209,male,group C,some college,standard,FALSE,10.1,7.2,51,80,85,public,TRUE
3210,female,group C,high school,standard,TRUE,2.5,6.8,70,37,34,public,TRUE
3211,female,group C,associate degree,standard,FALSE,11.5,8.1,55,91,60,public,TRUE
3212,male,group D,,standard,TRUE,10.8,6.5,72,84,87,public,TRUE
3213,female,group B,,free/reduced,FALSE,3.3,9,72,64,79,public,TRUE
3214,female,group B,associate degree,,TRUE,13.1,5.9,100,75,100,private,TRUE
3215,male,group E,bachelor degree,standard,TRUE,5.6,6.7,56,82,84,public,TRUE
3216,female,group C,associate degree,standard,TRUE,7.4,7.8,90,70,78,public,TRUE
3217,female,group E,high school,standard,FALSE,10.7,6.2,40,80,81,public,TRUE
3218,male,group A,high school,standard,FALSE,6.5,,72,64,44,international,TRUE
3219,male,group C,,standard,FALSE,12.5,8.3,59,74,,public,TRUE
3220,female,group D,bachelor degree,standard,TRUE,8.4,,60,62,82,international,TRUE
3221,female,group E,high school,free/reduced,TRUE,,7.3,92,91,69,private,TRUE
3222,female,group D,high school,standard,TRUE,18.3,6.9,75,55,60,public,TRUE
3223,female,group E,bachelor degree,standard,FALSE,12.2,4.4,80,75,71,private,TRUE
3224,male,group E,bachelor degree,standard,FALSE,12.5,7.4,3,85,73,private,TRUE
3225,male,group B,bachelor degree,standard,TRUE,0.9,5.9,67,98,55,public,TRUE
3226,female,group C,some college,standard,TRUE,6.5,5.7,63,78,64,public,TRUE
3227,female,group E,master degree,standard,FALSE,9.6,10.3,55,64,59,public,TRUE
3228,male,group D,master degree,standard,TRUE,5.6,7.6,65,86,86,private,TRUE
3229,male,group C,high school,standard,FALSE,8.6,7.5,87,48,65,public,TRUE
3230,male,group E,bachelor degree,free/reduced,FALSE,17.6,7.4,75,63,65,private,TRUE
3231,female,group C,bachelor degree,standard,TRUE,8,6.1,75,,63,private,TRUE
3232,male,group B,master degree,standard,TRUE,14.4,9,54,,44,public,TRUE
3233,male,group E,master degree,standard,FALSE,18.8,8.7,82,,94,international,TRUE
3234,male,group B,,free/reduced,TRUE,17.2,8.1,96,91,81,public,TRUE
3235,male,group A,bachelor degree,,TRUE,4.4,7.2,62,92,60,public,TRUE
3236,female,group E,some college,standard,FALSE,10,6.4,56,,74,public,FALSE
3237,male,group B,,standard,TRUE,12.2,8.4,47,59,86,public,TRUE
3238,male,group A,some college,free/reduced,TRUE,4.7,8.2,74,58,58,public,TRUE
3239,male,group C,high school,standard,FALSE,4.4,6.9,73,64,67,international,TRUE
3240,male,group A,some college,free/reduced,TRUE,7.9,6.7,73,71,55,public,TRUE
3241,female,group C,associate degree,standard,FALSE,11.1,9.8,57,57,83,public,TRUE
3242,male,group B,high school,standard,FALSE,17.4,6.7,70,65,73,private,TRUE
3243,female,group B,associate degree,standard,FALSE,6.4,7.3,86,80,73,public,FALSE
3244,male,group B,associate degree,standard,TRUE,8.2,8.3,67,56,57,public,TRUE
3245,male,group C,some college,free/reduced,TRUE,,6.3,74,,81,public,TRUE
3246,female,group E,some college,free/reduced,FALSE,3.2,8.8,52,85,53,public,TRUE
3247,male,group B,,standard,TRUE,3.4,7.8,40,71,58,public,
3248,female,group E,high school,free/reduced,TRUE,12.3,6.6,50,58,89,private,TRUE
3249,female,group B,high school,standard,TRUE,9.1,4.9,83,88,68,private,TRUE
3250,female,group A,master degree,free/reduced,FALSE,15.3,7.1,88,80,61,public,TRUE
3251,male,group C,bachelor degree,standard,TRUE,7.1,4.9,45,50,54,public,TRUE
3252,female,group D,master degree,standard,FALSE,11.2,7.9,55,57,67,private,FALSE
3253,male,group D,bachelor degree,free/reduced,FALSE,17.4,5.4,62,69,51,public,
3254,male,group C,high school,standard,FALSE,12.2,10.6,71,73,69,private,TRUE
3255,female,group E,high school,standard,FALSE,16.2,,96,72,56,public,TRUE
3256,female,group C,high school,,TRUE,13.3,6.1,65,55,82,public,TRUE
3257,female,group E,associate degree,free/reduced,FALSE,9.4,8.2,54,71,85,public,TRUE
3258,female,group D,bachelor degree,,FALSE,9.1,5.4,70,57,,public,
3259,male,group C,high school,free/reduced,TRUE,6.2,5.8,78,100,85,public,FALSE
3260,female,group E,some college,free/reduced,FALSE,12.8,5.4,73,64,49,public,TRUE
3261,male,group C,some college,standard,FALSE,8.9,7,40,62,76,private,TRUE
3262,male,group B,,free/reduced,FALSE,12.7,5.4,68,46,67,private,TRUE
3263,male,group A,high school,free/reduced,FALSE,8.2,6.4,76,74,76,international,TRUE
3264,female,group D,high school,free/reduced,FALSE,11.3,9.3,56,71,,public,TRUE
3265,female,group C,bachelor degree,free/reduced,TRUE,8.7,9.6,73,75,76,public,TRUE
3266,female,group C,associate degree,standard,FALSE,10.3,5.2,84,76,70,private,TRUE
3267,female,group B,associate degree,standard,FALSE,12.5,5.5,89,77,75,private,TRUE
3268,male,group B,,standard,TRUE,4.3,5.6,80,65,70,public,TRUE
3269,male,group E,master degree,standard,FALSE,7.4,9.6,77,,65,private,TRUE
3270,male,group C,,standard,FALSE,15.2,8.7,75,69,49,public,TRUE
3271,female,group C,some college,free/reduced,FALSE,17.1,9.6,81,46,64,public,TRUE
3272,male,group A,master degree,free/reduced,FALSE,6.2,7.3,62,42,48,private,TRUE
3273,female,group E,,standard,TRUE,6.9,8.2,68,,79,public,TRUE
3274,female,group B,associate degree,standard,FALSE,10,4,95,72,66,private,TRUE
3275,male,group E,associate degree,free/reduced,FALSE,10.3,5.9,79,85,76,public,TRUE
3276,female,group C,associate degree,free/reduced,FALSE,15.5,6.3,60,43,67,public,TRUE
3277,female,group B,,standard,TRUE,8.7,8.3,100,78,83,public,FALSE
3278,female,group C,high school,standard,FALSE,20.8,6.8,89,67,67,public,TRUE
3279,female,group C,bachelor degree,free/reduced,TRUE,14.9,8.2,90,87,89,public,TRUE
3280,female,group C,high school,standard,TRUE,14.1,7.2,58,31,51,international,TRUE
3281,female,group A,high school,free/reduced,TRUE,6.4,7,69,51,68,private,TRUE
3282,female,group B,associate degree,standard,FALSE,5.2,7.4,69,71,59,private,FALSE
3283,male,group E,master degree,standard,FALSE,12.8,8.8,78,76,33,private,TRUE
3284,female,group A,bachelor degree,standard,FALSE,14.6,8.6,80,,83,public,TRUE
3285,male,group E,some college,standard,TRUE,9.4,6,84,81,76,public,TRUE
3286,female,group E,associate degree,standard,TRUE,10.5,5.7,72,87,71,public,TRUE
3287,female,group A,associate degree,standard,FALSE,12.2,6.3,63,67,66,public,TRUE
3288,male,group C,bachelor degree,free/reduced,TRUE,8.6,7.1,52,,67,international,TRUE
3289,female,group E,associate degree,standard,TRUE,3.6,8.5,66,79,65,public,FALSE
3290,male,group A,master degree,standard,FALSE,,6.6,70,91,,public,TRUE
3291,female,group D,associate degree,free/reduced,FALSE,5.5,6.1,69,71,64,international,TRUE
3292,female,group D,some college,standard,TRUE,8.9,7.4,58,78,75,public,TRUE
3293,male,group E,bachelor degree,standard,TRUE,11.5,,38,76,74,private,TRUE
3294,male,group B,bachelor degree,free/reduced,TRUE,0,7.3,57,63,45,private,TRUE
3295,male,group E,bachelor degree,standard,TRUE,0.9,9.2,47,58,71,public,TRUE
3296,female,group A,some college,standard,TRUE,15.9,4.8,64,72,78,public,TRUE
3297,female,group D,some college,free/reduced,FALSE,3.7,8.2,70,66,61,public,TRUE
3298,female,group B,,standard,FALSE,17.2,4.9,54,66,66,public,
3299,male,group B,bachelor degree,standard,FALSE,1,7.1,72,95,56,private,TRUE
3300,male,group A,some college,standard,FALSE,4.2,5.7,69,78,67,public,TRUE
3301,male,group E,high school,standard,FALSE,7,7.5,44,48,,public,TRUE
3302,female,group C,some college,standard,FALSE,11,6.2,57,77,47,international,TRUE
3303,female,group D,high school,standard,FALSE,19.6,8.4,64,67,69,public,TRUE
3304,male,group C,,free/reduced,FALSE,13.5,7.6,31,97,59,public,TRUE
3305,male,group E,master degree,free/reduced,FALSE,,7.9,58,66,63,public,FALSE
3306,female,group C,associate degree,standard,FALSE,7,6.3,82,68,72,public,TRUE
3307,female,group C,high school,standard,TRUE,10.9,5.8,66,83,77,private,TRUE
3308,female,group B,associate degree,standard,FALSE,4.4,7.4,74,61,72,public,TRUE
3309,female,group E,some college,free/reduced,FALSE,9.2,,61,80,95,public,TRUE
3310,female,group C,high school,standard,TRUE,2.6,7,78,78,54,public,TRUE
3311,male,group B,bachelor degree,standard,FALSE,10.1,6.7,46,67,48,public,TRUE
3312,male,group C,high school,standard,TRUE,16,,70,85,100,public,TRUE
3313,female,group B,high school,free/reduced,FALSE,,6.4,58,66,81,public,TRUE
3314,female,group D,bachelor degree,standard,FALSE,8.3,,63,53,70,public,TRUE
3315,male,group B,some college,,FALSE,10.9,,77,79,78,public,TRUE
3316,male,group C,master degree,free/reduced,FALSE,17,10,50,,45,public,TRUE
3317,female,group E,some college,standard,TRUE,18.5,7.8,65,49,94,public,TRUE
3318,female,group C,associate degree,free/reduced,TRUE,13.4,9.1,78,66,68,private,FALSE
3319,male,group A,bachelor degree,free/reduced,TRUE,9.6,6.7,81,81,58,public,TRUE
3320,male,group B,some college,standard,FALSE,8.3,,72,77,81,public,TRUE
3321,male,group D,bachelor degree,standard,TRUE,10.1,7,57,59,54,public,TRUE
3322,female,group E,high school,free/reduced,TRUE,16.6,6.2,74,57,94,public,TRUE
3323,female,group D,associate degree,standard,FALSE,1.8,6.4,76,72,100,international,TRUE
3324,male,group C,some college,standard,TRUE,21.6,6.3,81,69,76,public,TRUE
3325,male,group C,high school,standard,FALSE,12.4,,56,76,61,public,TRUE
3326,male,group A,associate degree,free/reduced,FALSE,7.9,7.5,51,,52,public,TRUE
3327,male,group C,high school,standard,FALSE,7.1,4.5,48,69,64,public,TRUE
3328,female,group D,high school,free/reduced,FALSE,3.1,8.3,72,79,93,public,TRUE
3329,male,group D,associate degree,free/reduced,FALSE,9.9,5.1,48,,,public,FALSE
3330,female,group C,some college,standard,TRUE,14.4,5.4,75,,36,public,TRUE
3331,male,group D,some college,standard,FALSE,12.7,7.8,90,75,84,public,TRUE
3332,female,group C,bachelor degree,standard,FALSE,5.3,7.1,56,76,70,public,TRUE
3333,female,group E,bachelor degree,free/reduced,FALSE,15,8.6,100,75,95,private,TRUE
3334,female,group E,some college,free/reduced,FALSE,11.8,6.6,83,36,69,private,TRUE
3335,female,group C,,standard,FALSE,5.1,5.3,91,69,71,public,TRUE
3336,female,group C,bachelor degree,standard,FALSE,2.5,8.5,64,51,72,public,TRUE
3337,female,group E,high school,standard,TRUE,0.4,6.2,78,42,55,public,TRUE
3338,female,group E,bachelor degree,standard,TRUE,10.9,6,74,82,67,international,TRUE
3339,female,group B,some college,standard,TRUE,20.2,8.1,58,89,50,public,TRUE
3340,female,group A,bachelor degree,standard,TRUE,14,4.7,66,65,73,private,TRUE
3341,male,group C,high school,free/reduced,TRUE,11.1,6.7,90,62,59,public,TRUE
3342,male,group B,,standard,TRUE,10.4,6.3,71,67,90,public,TRUE
3343,male,group C,bachelor degree,standard,FALSE,8,6.4,69,77,86,public,TRUE
3344,female,group C,high school,standard,FALSE,6.8,7.3,83,75,65,private,TRUE
3345,female,group B,high school,standard,FALSE,13.6,5.2,81,77,72,public,TRUE
3346,male,group D,bachelor degree,free/reduced,FALSE,13.4,,82,70,68,public,TRUE
3347,female,group A,high school,standard,FALSE,,8.1,97,67,41,private,TRUE
3348,male,group A,some college,standard,FALSE,9.2,8.8,57,89,45,public,TRUE
3349,male,group D,high school,free/reduced,TRUE,6.3,6.5,62,48,60,private,TRUE
3350,male,group A,some college,free/reduced,FALSE,,7.6,76,62,75,public,TRUE
3351,male,group E,high school,standard,FALSE,8.8,9,86,69,70,public,FALSE
3352,male,group E,some college,standard,TRUE,8.5,6.5,81,81,39,private,TRUE
3353,female,group E,,free/reduced,TRUE,9,8.7,77,100,70,private,TRUE
3354,male,group C,associate degree,free/reduced,FALSE,6.5,9,61,78,66,public,TRUE
3355,female,group D,,standard,TRUE,13.5,9.4,44,53,80,public,TRUE
3356,male,group E,bachelor degree,standard,FALSE,12.5,,66,77,44,public,TRUE
3357,female,group D,,free/reduced,FALSE,16.1,7.7,40,69,64,public,TRUE
3358,male,group E,master degree,free/reduced,TRUE,12,8.8,70,,86,public,TRUE
3359,female,group A,bachelor degree,standard,TRUE,13.9,7.9,100,67,66,public,TRUE
3360,female,group C,high school,free/reduced,FALSE,7.7,6.2,76,69,66,international,TRUE
3361,male,group C,high school,free/reduced,FALSE,17,9,72,,82,public,TRUE
3362,female,group C,high school,standard,FALSE,17.6,8.9,63,82,49,public,TRUE
3363,female,group B,bachelor degree,free/reduced,FALSE,5.6,6.6,62,44,73,public,TRUE
3364,male,group E,associate degree,standard,FALSE,15.3,8.8,97,64,71,private,TRUE
3365,female,group A,high school,standard,FALSE,,9.3,85,70,74,public,FALSE
3366,male,group D,high school,standard,FALSE,,6.4,69,60,75,public,FALSE
3367,female,group A,bachelor degree,free/reduced,FALSE,,6.5,92,75,47,public,TRUE
3368,male,group D,,standard,FALSE,,8,67,86,80,public,TRUE
3369,male,group C,some college,standard,FALSE,6.1,10,80,98,66,public,TRUE
3370,female,group B,high school,standard,TRUE,7.8,9.9,47,74,78,public,TRUE
3371,male,group A,high school,standard,TRUE,4.8,6.1,60,91,54,private,TRUE
3372,female,group C,bachelor degree,standard,TRUE,11.8,7,75,78,82,public,TRUE
3373,male,group D,,standard,TRUE,17,6.8,100,65,43,public,TRUE
3374,female,group C,bachelor degree,standard,TRUE,14.6,7.5,67,65,92,public,FALSE
3375,male,group C,master degree,standard,FALSE,12.4,6.1,87,61,73,public,TRUE
3376,female,group E,associate degree,standard,TRUE,9.2,7.7,86,49,82,public,TRUE
3377,female,group C,bachelor degree,standard,FALSE,8,6.6,79,58,59,private,TRUE
3378,female,group B,some college,standard,FALSE,10.4,7.4,64,84,88,public,TRUE
3379,female,group B,master degree,standard,TRUE,,5.7,53,68,100,public,TRUE
3380,female,group E,some college,free/reduced,FALSE,8,6.3,85,86,68,private,TRUE
3381,female,group E,some college,standard,TRUE,8,6.2,84,88,45,private,TRUE
3382,male,group C,some college,standard,FALSE,9.7,7.2,68,53,82,public,TRUE
3383,female,group C,high school,free/reduced,TRUE,0.5,6.9,54,,64,international,TRUE
3384,male,group C,,free/reduced,FALSE,9.9,,69,93,80,public,TRUE
3385,female,group D,master degree,free/reduced,FALSE,0,,70,73,77,public,TRUE
3386,female,group D,high school,standard,TRUE,10.9,9.6,53,70,75,public,TRUE
3387,female,group B,high school,standard,TRUE,13.8,5.9,85,74,49,public,FALSE
3388,male,group B,associate degree,free/reduced,FALSE,15.4,10,83,69,62,international,TRUE
3389,male,group B,associate degree,free/reduced,FALSE,16.2,6.5,86,93,61,public,TRUE
3390,female,group E,some college,standard,TRUE,1.9,8.3,79,49,83,private,TRUE
3391,male,group A,associate degree,standard,TRUE,0,6.4,87,51,100,public,TRUE
3392,male,group B,high school,free/reduced,TRUE,14.1,4.3,78,64,97,private,TRUE
3393,female,group A,bachelor degree,standard,FALSE,11,6.6,73,74,35,private,TRUE
3394,male,group D,bachelor degree,free/reduced,TRUE,7.6,8.4,49,90,70,public,TRUE
3395,male,group D,high school,standard,FALSE,7.2,4.8,52,79,70,public,TRUE
3396,female,group E,bachelor degree,standard,TRUE,9.1,8.5,67,62,74,public,TRUE
3397,male,group D,some college,standard,TRUE,6.3,6.1,75,56,56,public,TRUE
3398,male,group A,high school,standard,FALSE,16.9,6.5,83,61,64,public,FALSE
3399,female,group D,associate degree,standard,TRUE,4.7,8.4,85,64,65,public,TRUE
3400,male,group D,some college,free/reduced,TRUE,4.8,5.5,70,60,64,public,TRUE
3401,female,group E,bachelor degree,standard,TRUE,9.9,7.7,64,61,65,public,TRUE
3402,male,group A,bachelor degree,free/reduced,FALSE,9.9,8.5,85,79,46,public,TRUE
3403,female,group D,bachelor degree,free/reduced,TRUE,11.9,7.2,79,76,72,public,TRUE
3404,male,group D,master degree,free/reduced,TRUE,6.8,8.3,100,73,78,public,TRUE
3405,female,group B,associate degree,free/reduced,FALSE,21.6,8.5,73,56,55,public,TRUE
3406,male,group E,master degree,standard,TRUE,5.1,6.2,73,37,78,private,TRUE
3407,male,group E,high school,free/reduced,FALSE,9.8,5.6,89,98,72,public,TRUE
3408,male,group E,,standard,TRUE,21,7.2,56,67,54,public,TRUE
3409,female,group D,high school,standard,FALSE,7.6,9.4,100,50,89,private,TRUE
3410,male,group D,some college,standard,FALSE,,7.9,76,60,68,public,FALSE
3411,female,group B,some college,standard,FALSE,13.3,6.6,70,73,,public,TRUE
3412,male,group B,some college,standard,TRUE,3.2,8.1,66,86,75,international,TRUE
3413,female,group C,some college,free/reduced,TRUE,18.6,6.7,74,,,public,TRUE
3414,male,group B,some college,standard,TRUE,18.5,6.9,51,71,81,public,TRUE
3415,male,group C,high school,,TRUE,15.9,7.4,73,53,88,public,TRUE
3416,female,group D,some college,free/reduced,TRUE,15.4,6.4,39,,55,public,
3417,female,group E,associate degree,standard,TRUE,25,7.3,51,95,94,public,TRUE
3418,female,group E,,,TRUE,2.7,7,75,100,41,public,TRUE
3419,female,group E,high school,free/reduced,FALSE,4.1,7.6,65,72,,private,TRUE
3420,male,group C,some college,standard,FALSE,12.1,6.1,56,75,66,public,
3421,female,group E,high school,standard,FALSE,7.1,7.5,82,84,57,public,TRUE
3422,male,group B,some college,standard,FALSE,10.9,7.2,73,72,,public,TRUE
3423,female,group C,high school,free/reduced,FALSE,20.7,6.3,78,85,,public,TRUE
3424,male,group B,master degree,standard,TRUE,13.6,8,48,100,81,public,TRUE
3425,male,group C,bachelor degree,,FALSE,15.4,6.9,65,63,74,public,TRUE
3426,male,group E,master degree,free/reduced,FALSE,2.5,8.2,43,49,61,public,TRUE
3427,female,group C,high school,standard,TRUE,5.3,,78,76,66,public,FALSE
3428,female,group E,some college,free/reduced,FALSE,13.4,7,52,67,,private,TRUE
3429,male,group B,some college,free/reduced,FALSE,,9.6,65,63,63,private,FALSE
3430,female,group B,bachelor degree,free/reduced,FALSE,13.3,5.8,80,,44,public,TRUE
3431,female,group E,bachelor degree,standard,FALSE,6.1,7.4,67,70,62,public,TRUE
3432,female,group B,associate degree,standard,TRUE,0,5.7,61,70,79,public,TRUE
3433,female,group E,,standard,FALSE,7.5,9.3,76,75,69,public,
3434,female,group B,master degree,standard,FALSE,9.2,8.4,64,80,54,public,TRUE
3435,male,group D,master degree,standard,FALSE,9.1,9.4,42,70,65,public,TRUE
3436,male,group D,,standard,TRUE,7.7,7.3,78,51,74,public,TRUE
3437,male,group E,,standard,FALSE,8.3,7.1,89,76,72,public,TRUE
3438,male,group C,bachelor degree,standard,FALSE,18.2,6.8,95,69,70,international,TRUE
3439,female,group C,high school,free/reduced,FALSE,15.4,7.3,62,55,60,public,TRUE
3440,female,group C,bachelor degree,standard,TRUE,11.6,7.5,72,90,68,public,TRUE
3441,female,group A,high school,standard,FALSE,9.2,7.8,35,64,77,public,TRUE
3442,female,group E,high school,standard,FALSE,15.5,5.1,74,,82,public,TRUE
3443,female,group E,master degree,free/reduced,FALSE,0.7,8.5,76,97,86,public,TRUE
3444,male,group E,some college,free/reduced,TRUE,9.5,7.7,54,92,78,public,TRUE
3445,male,group A,associate degree,standard,FALSE,4.3,7.5,66,93,74,public,FALSE
3446,female,group E,high school,standard,TRUE,,6.6,24,86,72,public,TRUE
3447,male,group D,high school,free/reduced,TRUE,11.4,9.2,76,100,,public,TRUE
3448,male,group B,some college,standard,TRUE,6.8,7.7,65,85,69,public,TRUE
3449,male,group A,master degree,standard,FALSE,5.7,7.5,77,72,49,public,FALSE
3450,female,group E,master degree,free/reduced,TRUE,13.2,6.7,55,,38,public,TRUE
3451,male,group E,bachelor degree,standard,FALSE,,6.2,79,58,63,public,FALSE
3452,male,group E,,standard,FALSE,13.3,8.2,43,35,78,public,TRUE
3453,female,group E,associate degree,,TRUE,5.5,,82,48,80,private,FALSE
3454,male,group B,associate degree,free/reduced,FALSE,7.3,,67,83,,public,
3455,male,group D,,standard,TRUE,4.6,,77,100,65,public,TRUE
3456,male,group C,high school,free/reduced,TRUE,7.5,8.2,84,74,78,public,TRUE
3457,female,group A,some college,free/reduced,TRUE,,4.2,59,86,58,public,TRUE
3458,male,group A,some college,free/reduced,FALSE,12.2,7.4,80,72,75,international,FALSE
3459,female,group A,bachelor degree,standard,FALSE,13.9,7.5,56,70,72,public,TRUE
3460,male,group A,some college,standard,TRUE,14.9,4,55,84,75,public,TRUE
3461,female,group A,some college,standard,TRUE,4.9,8.8,58,72,87,public,TRUE
3462,male,group C,some college,standard,FALSE,4.8,8,69,51,61,international,TRUE
3463,female,group B,master degree,standard,FALSE,14.4,8.6,76,62,55,private,TRUE
3464,male,group B,master degree,standard,FALSE,14.9,6.6,76,59,56,private,TRUE
3465,male,group C,high school,standard,TRUE,14.1,6.8,98,63,83,public,TRUE
3466,male,group B,bachelor degree,,FALSE,8.8,7.5,80,68,72,public,TRUE
3467,female,group D,bachelor degree,standard,TRUE,17.7,6.8,56,75,,international,FALSE
3468,male,group B,some college,free/reduced,TRUE,,6,75,81,68,public,FALSE
3469,female,group E,associate degree,free/reduced,TRUE,,5.8,55,59,47,private,FALSE
3470,male,group B,some college,free/reduced,TRUE,12.7,,67,68,69,public,TRUE
3471,female,group E,bachelor degree,standard,FALSE,8.4,5.8,82,79,91,public,TRUE
3472,male,group D,high school,free/reduced,TRUE,6.8,7.6,44,85,83,public,TRUE
3473,male,group E,high school,standard,TRUE,15.1,7.9,66,62,62,public,
3474,male,group C,bachelor degree,standard,FALSE,7.1,6.8,50,73,79,international,TRUE
3475,female,group A,associate degree,free/reduced,TRUE,6.4,9.2,45,64,68,private,TRUE
3476,male,group D,high school,standard,FALSE,10.9,4.8,62,92,93,public,FALSE
3477,female,group A,bachelor degree,standard,TRUE,,7.8,52,55,64,public,FALSE
3478,male,group E,high school,free/reduced,TRUE,9.2,8.2,66,48,57,public,TRUE
3479,male,group D,associate degree,free/reduced,FALSE,10.9,6.1,81,69,69,public,TRUE
3480,female,group B,high school,free/reduced,FALSE,,7.9,39,76,64,public,TRUE
3481,female,group E,,free/reduced,FALSE,13.9,6.4,70,59,62,public,TRUE
3482,male,group E,bachelor degree,standard,FALSE,17.2,7.3,73,80,48,public,TRUE
3483,male,group C,high school,free/reduced,FALSE,12.6,5.3,89,78,60,private,TRUE
3484,male,group E,master degree,standard,FALSE,9.5,7.9,86,81,45,public,TRUE
3485,female,group E,some college,standard,FALSE,8.8,7.2,51,60,,public,TRUE
3486,male,group C,some college,standard,FALSE,7.9,7.2,93,100,73,public,TRUE
3487,male,group E,some college,free/reduced,TRUE,13.7,11,68,69,77,public,TRUE
3488,male,group E,high school,free/reduced,TRUE,10.9,8.8,93,78,73,public,FALSE
3489,female,group E,some college,standard,FALSE,13.4,7.5,80,80,93,public,TRUE
3490,female,group D,associate degree,standard,FALSE,8.6,5.3,77,92,,public,TRUE
3491,male,group C,associate degree,free/reduced,TRUE,13.9,6.5,81,100,81,public,TRUE
3492,female,group A,,standard,FALSE,10.8,5.9,70,90,57,public,TRUE
3493,male,group D,bachelor degree,standard,FALSE,16.3,7.3,56,68,71,public,TRUE
3494,female,group C,bachelor degree,standard,FALSE,12.4,,72,52,,international,FALSE
3495,male,group E,some college,free/reduced,FALSE,16.7,9,60,71,56,private,TRUE
3496,female,group C,master degree,standard,FALSE,9,7.4,54,72,68,public,TRUE
3497,female,group E,bachelor degree,free/reduced,FALSE,,8.6,64,63,100,public,TRUE
3498,male,group C,associate degree,free/reduced,FALSE,9.9,5.6,84,59,54,public,TRUE
3499,male,group C,some college,standard,TRUE,4.5,6.1,54,75,75,private,TRUE
3500,female,group B,bachelor degree,standard,FALSE,7.3,8.3,73,97,60,public,TRUE
3501,male,group D,high school,,FALSE,10.6,7.5,68,84,34,international,TRUE
3502,female,group A,bachelor degree,standard,TRUE,10.2,7.5,25,98,87,private,TRUE
3503,male,group C,associate degree,standard,FALSE,20.4,7.8,82,78,67,private,TRUE
3504,female,group A,high school,standard,FALSE,11.4,,84,83,73,public,TRUE
3505,female,group A,some college,standard,TRUE,6.2,6.8,70,63,83,public,FALSE
3506,female,group B,associate degree,standard,FALSE,4.4,6.2,90,64,71,private,TRUE
3507,male,group C,some college,standard,TRUE,3.9,8.7,65,64,68,public,TRUE
3508,male,group B,bachelor degree,standard,FALSE,1.9,7,79,79,91,public,TRUE
3509,female,group A,associate degree,standard,FALSE,3.9,6.6,75,53,93,public,TRUE
3510,male,group C,associate degree,free/reduced,TRUE,6.8,8.6,69,74,72,public,TRUE
3511,male,group B,high school,standard,TRUE,17.6,8.6,84,37,55,private,TRUE
3512,female,group E,high school,free/reduced,FALSE,9.4,6.2,49,60,65,public,TRUE
3513,male,group C,bachelor degree,standard,TRUE,11.8,6.9,100,85,62,private,FALSE
3514,male,group C,high school,,FALSE,11.3,5.5,95,37,74,public,TRUE
3515,female,group C,master degree,standard,FALSE,3.5,6.5,84,64,68,public,TRUE
3516,male,group C,master degree,standard,TRUE,4.2,8.6,62,69,57,private,FALSE
3517,female,group C,master degree,free/reduced,FALSE,1.6,6.8,64,98,37,public,TRUE
3518,male,group E,bachelor degree,free/reduced,FALSE,9.2,5.4,90,65,86,public,TRUE
3519,female,group C,bachelor degree,free/reduced,TRUE,9.1,5.4,66,67,91,public,TRUE
3520,male,group C,associate degree,standard,FALSE,12.2,5.8,71,83,33,public,FALSE
3521,female,group A,high school,free/reduced,TRUE,4,6.5,75,100,64,international,TRUE
3522,male,group D,some college,standard,FALSE,9.1,8.4,57,51,68,international,
3523,female,group A,bachelor degree,free/reduced,TRUE,6.6,9.5,89,56,89,public,TRUE
3524,male,group D,some college,standard,FALSE,7.8,6.2,78,64,72,private,TRUE
3525,female,group E,high school,standard,TRUE,21.1,5.7,55,53,63,public,TRUE
3526,male,group C,high school,free/reduced,FALSE,10.9,6.3,66,76,75,public,FALSE
3527,female,group E,some college,standard,FALSE,5.3,5.8,77,82,31,public,TRUE
3528,male,group C,some college,standard,FALSE,9.8,6.7,76,84,64,private,TRUE
3529,male,group B,high school,standard,FALSE,12.3,7.7,65,61,,public,TRUE
3530,male,group D,,free/reduced,TRUE,11.2,5,63,77,54,public,TRUE
3531,male,group B,master degree,free/reduced,FALSE,7.9,9.2,57,61,75,private,TRUE
3532,female,group D,,standard,FALSE,,3.9,69,38,52,public,TRUE
3533,female,group D,high school,free/reduced,TRUE,10.1,7.9,72,65,,public,TRUE
3534,female,group B,some college,standard,FALSE,5.9,6.9,87,60,85,private,TRUE
3535,female,group E,master degree,standard,FALSE,14.6,5.7,69,,67,public,TRUE
3536,female,group D,high school,standard,FALSE,11.5,6.2,74,81,67,public,TRUE
3537,male,group B,some college,free/reduced,FALSE,,6.9,87,73,97,public,TRUE
3538,male,group D,bachelor degree,free/reduced,TRUE,5.9,7.3,81,46,49,public,TRUE
3539,male,group B,associate degree,free/reduced,FALSE,16.1,7.9,81,100,87,public,TRUE
3540,female,group A,high school,standard,FALSE,12.6,7.3,67,68,72,public,TRUE
3541,female,group B,high school,standard,FALSE,8.3,7.2,72,66,70,international,TRUE
3542,male,group E,some college,standard,FALSE,7.9,7.2,100,,78,private,FALSE
3543,male,group D,master degree,standard,TRUE,14.6,9.3,81,78,61,public,TRUE
3544,male,group A,master degree,free/reduced,TRUE,15.7,10.1,59,90,60,private,TRUE
3545,male,group C,bachelor degree,standard,FALSE,9,4.3,69,79,69,public,TRUE
3546,male,group B,associate degree,free/reduced,FALSE,14.2,7.9,44,50,81,public,TRUE
3547,female,group B,master degree,free/reduced,FALSE,7.1,7.8,88,75,83,public,TRUE
3548,female,group D,bachelor degree,standard,TRUE,,9,75,96,72,public,TRUE
3549,female,group B,high school,free/reduced,TRUE,18.1,7.8,87,59,64,public,TRUE
3550,male,group D,master degree,standard,FALSE,8,8.4,81,87,57,public,FALSE
3551,male,group E,high school,standard,TRUE,,6.6,58,75,61,public,TRUE
3552,female,group D,,standard,FALSE,0,7,70,77,49,private,TRUE
3553,female,group E,some college,,TRUE,3,5.7,82,100,,public,TRUE
3554,female,group D,associate degree,free/reduced,FALSE,12.6,,75,54,68,public,TRUE
3555,male,group B,high school,standard,TRUE,10.5,6.2,72,78,62,public,TRUE
3556,male,group E,high school,standard,TRUE,17.5,10.1,73,66,61,public,
3557,male,group D,bachelor degree,free/reduced,TRUE,11.3,5.3,82,86,62,public,TRUE
3558,female,group D,some college,standard,TRUE,,8.6,64,67,86,public,TRUE
3559,male,group D,,standard,FALSE,12.7,6.5,44,83,78,private,TRUE
3560,female,group C,high school,standard,FALSE,11.3,6.9,76,73,69,public,TRUE
3561,male,group C,high school,standard,FALSE,7.1,6.8,76,76,71,public,TRUE
3562,female,group C,associate degree,free/reduced,FALSE,3.9,7.4,54,71,72,private,TRUE
3563,female,group C,associate degree,standard,FALSE,9.9,10.3,82,67,75,public,TRUE
3564,female,group D,high school,standard,FALSE,16,6.3,30,86,75,public,FALSE
3565,male,group A,high school,standard,TRUE,10,5.9,60,69,59,public,TRUE
3566,female,group D,high school,standard,TRUE,3.5,5.5,73,65,64,private,TRUE
3567,female,group E,high school,free/reduced,FALSE,5.3,6.7,67,53,100,private,TRUE
3568,male,group D,some college,free/reduced,FALSE,9,8.8,63,66,73,private,TRUE
3569,male,group E,associate degree,standard,FALSE,15.4,8.2,80,57,76,public,TRUE
3570,male,group C,,free/reduced,FALSE,9.3,,62,67,64,public,TRUE
3571,male,group C,bachelor degree,standard,FALSE,10.1,,57,84,,public,TRUE
3572,female,group C,some college,standard,TRUE,6.5,7.5,58,60,75,public,
3573,female,group A,bachelor degree,free/reduced,FALSE,7.6,6.1,63,,71,private,TRUE
3574,male,group D,some college,standard,FALSE,10.2,5,88,49,76,private,TRUE
3575,female,group D,bachelor degree,standard,FALSE,6.5,5.5,65,80,66,private,FALSE
3576,female,group C,high school,standard,TRUE,7.3,7.4,87,73,45,private,FALSE
3577,male,group E,high school,standard,TRUE,9.4,,71,85,51,public,FALSE
3578,female,group E,some college,standard,FALSE,12.9,7.9,64,61,,public,TRUE
3579,female,group B,associate degree,free/reduced,TRUE,,4.9,51,92,49,public,TRUE
3580,male,group D,high school,standard,FALSE,13.2,7,72,68,77,public,TRUE
3581,female,group B,,standard,FALSE,,9.5,78,63,59,public,TRUE
3582,male,group D,some college,standard,TRUE,7.6,7.9,79,67,51,public,TRUE
3583,female,group C,some college,standard,TRUE,10.1,,71,59,94,private,FALSE
3584,female,group D,high school,standard,FALSE,4.5,5.2,82,85,72,public,TRUE
3585,male,group D,high school,standard,TRUE,17.3,,69,54,63,public,TRUE
3586,male,group B,master degree,free/reduced,FALSE,8.7,7.3,56,71,80,international,TRUE
3587,male,group A,master degree,standard,TRUE,13.5,8.4,73,84,43,public,TRUE
3588,female,group B,bachelor degree,free/reduced,FALSE,,7.1,59,67,100,public,TRUE
3589,female,group C,associate degree,free/reduced,TRUE,11.4,7.9,75,60,69,public,TRUE
3590,female,group E,master degree,standard,FALSE,7.3,7,67,45,,international,TRUE
3591,male,group A,master degree,standard,FALSE,8.9,7.9,52,78,,public,TRUE
3592,male,group A,bachelor degree,standard,TRUE,4.4,,90,58,97,public,TRUE
3593,female,group A,master degree,standard,FALSE,,10.4,80,62,100,public,TRUE
3594,male,group B,bachelor degree,free/reduced,FALSE,17.1,4.8,60,70,63,public,TRUE
3595,male,group E,high school,free/reduced,TRUE,10.8,5.8,87,73,65,public,TRUE
3596,male,group C,bachelor degree,free/reduced,TRUE,2.1,7.2,20,79,87,public,TRUE
3597,female,group C,some college,free/reduced,TRUE,0,9.3,77,71,64,public,TRUE
3598,female,group B,associate degree,standard,TRUE,4.9,9.8,69,74,67,public,TRUE
3599,male,group C,some college,standard,FALSE,11.2,7.2,79,54,66,public,TRUE
3600,female,group C,some college,free/reduced,FALSE,17.7,8.5,80,84,,public,TRUE
3601,male,group D,master degree,standard,TRUE,4.5,7.2,78,45,94,public,FALSE
3602,male,group C,high school,standard,FALSE,4.9,6.2,53,72,75,public,TRUE
3603,female,group E,bachelor degree,free/reduced,TRUE,6.3,6.5,67,78,75,public,TRUE
3604,male,group E,bachelor degree,standard,FALSE,6.5,6.7,56,55,100,public,
3605,female,group B,high school,free/reduced,TRUE,10.8,7.3,43,60,81,public,TRUE
3606,male,group A,bachelor degree,,TRUE,11.8,8,73,65,61,public,TRUE
3607,male,group D,high school,free/reduced,TRUE,,6.8,64,,65,public,TRUE
3608,female,group D,some college,standard,FALSE,2.4,,62,84,64,international,TRUE
3609,female,group A,associate degree,standard,FALSE,9.6,5.4,61,80,63,public,TRUE
3610,female,group D,some college,free/reduced,FALSE,13.6,8.4,63,65,62,private,TRUE
3611,male,group B,some college,free/reduced,FALSE,16.6,9.7,44,72,89,international,
3612,male,group C,,standard,FALSE,11.7,7.2,64,54,76,public,TRUE
3613,female,group C,some college,standard,FALSE,3.2,7.4,75,53,83,public,FALSE
3614,female,group D,bachelor degree,standard,FALSE,6.5,8.6,63,81,74,public,FALSE
3615,male,group C,,free/reduced,TRUE,0.7,7,76,88,82,public,TRUE
3616,male,group C,high school,standard,FALSE,9.3,6.8,59,76,,public,TRUE
3617,female,group C,some college,standard,TRUE,9.1,7,94,71,63,public,TRUE
3618,male,group B,bachelor degree,standard,FALSE,11.1,9.2,78,57,76,international,FALSE
3619,male,group E,high school,free/reduced,FALSE,17.7,,58,55,50,public,TRUE
3620,male,group E,bachelor degree,free/reduced,TRUE,,5.7,81,60,69,public,TRUE
3621,male,group B,master degree,free/reduced,FALSE,4.3,7.9,81,96,85,public,TRUE
3622,female,group E,high school,free/reduced,TRUE,10,5.7,76,52,66,private,TRUE
3623,male,group C,bachelor degree,standard,FALSE,,6.8,64,73,87,public,FALSE
3624,male,group B,high school,standard,TRUE,12.9,8,71,78,56,public,TRUE
3625,male,group C,associate degree,standard,FALSE,10.9,6.4,72,73,88,public,TRUE
3626,female,group B,,free/reduced,TRUE,15.2,6.9,98,50,71,public,TRUE
3627,male,group C,some college,standard,FALSE,9.3,8.8,80,67,51,public,TRUE
3628,female,group A,associate degree,standard,TRUE,12.4,9.1,58,76,71,international,TRUE
3629,female,group A,some college,,FALSE,9.9,5.5,85,73,78,public,TRUE
3630,male,group B,high school,standard,TRUE,10.2,6.9,75,74,59,public,TRUE
3631,female,group C,bachelor degree,standard,TRUE,15.1,6.9,48,90,73,public,TRUE
3632,male,group D,bachelor degree,standard,TRUE,13.1,5.5,72,76,70,public,TRUE
3633,female,group C,,standard,FALSE,12.8,9.2,47,67,70,public,TRUE
3634,female,group E,high school,standard,FALSE,15.3,4.7,60,64,63,public,TRUE
3635,male,group D,some college,standard,FALSE,8.2,6.6,68,75,62,public,TRUE
3636,female,group E,associate degree,free/reduced,TRUE,0,8.6,88,91,52,public,TRUE
3637,male,group C,associate degree,standard,FALSE,16.3,6.7,85,65,84,public,TRUE
3638,female,group B,bachelor degree,standard,FALSE,9.8,5.7,81,49,91,public,TRUE
3639,male,group B,some college,free/reduced,FALSE,2.8,6.1,84,54,70,private,TRUE
3640,male,group D,high school,standard,TRUE,7,10.7,72,,29,public,TRUE
3641,male,group E,master degree,standard,TRUE,,8.4,67,71,60,public,TRUE
3642,female,group C,bachelor degree,standard,FALSE,10,5.7,55,85,71,public,TRUE
3643,female,group D,master degree,free/reduced,TRUE,6.1,7.4,82,47,84,public,FALSE
3644,female,group C,high school,standard,FALSE,11.7,7.7,69,,72,public,TRUE
3645,male,group C,some college,standard,TRUE,12.2,6.6,67,70,58,public,TRUE
3646,male,group A,some college,standard,TRUE,1.6,8.9,44,74,47,private,TRUE
3647,female,group C,associate degree,free/reduced,FALSE,5.4,8.4,78,92,27,public,TRUE
3648,male,group C,some college,free/reduced,TRUE,11.2,7.9,66,38,59,international,FALSE
3649,male,group E,bachelor degree,standard,TRUE,15.6,8.8,57,60,68,public,TRUE
3650,male,group E,associate degree,standard,TRUE,11.8,6.9,63,74,64,private,FALSE
3651,female,group C,associate degree,standard,FALSE,14.2,8.3,74,88,68,public,TRUE
3652,male,group A,associate degree,free/reduced,FALSE,8.6,7.2,63,59,90,public,TRUE
3653,female,group E,,standard,TRUE,15.9,6.1,75,63,86,public,TRUE
3654,female,group D,,free/reduced,FALSE,,8.6,78,52,73,private,TRUE
3655,female,group D,high school,free/reduced,TRUE,12.3,9.8,49,67,97,public,TRUE
3656,female,group B,master degree,free/reduced,FALSE,8,5.7,65,62,100,public,FALSE
3657,male,group B,associate degree,,FALSE,,8.2,54,77,68,private,FALSE
3658,female,group D,bachelor degree,free/reduced,TRUE,12.7,7.7,78,56,65,public,TRUE
3659,female,group A,bachelor degree,standard,FALSE,8.2,5.6,93,72,51,private,TRUE
3660,female,group E,high school,standard,TRUE,7,4.5,70,68,85,public,TRUE
3661,male,group A,high school,,FALSE,12.8,5.7,84,86,54,public,FALSE
3662,male,group A,,standard,FALSE,12,6.9,70,78,49,public,TRUE
3663,male,group E,associate degree,standard,TRUE,5.6,8.2,55,71,56,public,TRUE
3664,female,group D,bachelor degree,standard,FALSE,9.9,7.2,74,69,68,public,TRUE
3665,male,group C,master degree,free/reduced,FALSE,14.6,6.3,100,74,49,public,TRUE
3666,female,group A,bachelor degree,free/reduced,FALSE,6.2,7.6,100,100,75,public,FALSE
3667,male,group E,high school,standard,FALSE,6.8,,67,82,69,public,TRUE
3668,male,group E,bachelor degree,free/reduced,FALSE,6.1,4.6,54,65,78,public,TRUE
3669,female,group B,,free/reduced,FALSE,9.2,7.1,52,70,84,public,TRUE
3670,male,group B,high school,free/reduced,FALSE,12.7,5,70,56,61,public,TRUE
3671,female,group D,associate degree,standard,FALSE,11.9,7.2,66,58,70,public,TRUE
3672,female,group B,master degree,standard,FALSE,13.5,6.8,75,55,58,private,TRUE
3673,male,group D,some college,standard,FALSE,,6.8,55,67,83,public,TRUE
3674,female,group D,associate degree,standard,TRUE,12.9,6.6,89,80,59,public,TRUE
3675,male,group D,high school,free/reduced,FALSE,10,8.9,59,,54,public,
3676,male,group E,bachelor degree,,FALSE,10.1,8.7,53,64,56,private,TRUE
3677,male,group E,master degree,standard,TRUE,5.2,8.1,74,77,43,public,TRUE
3678,male,group B,some college,standard,FALSE,6.4,9.4,79,100,68,public,FALSE
3679,male,group A,associate degree,free/reduced,TRUE,9.6,6.9,65,70,67,private,TRUE
3680,male,group A,some college,free/reduced,FALSE,17,8.5,57,81,53,public,TRUE
3681,male,group D,bachelor degree,free/reduced,TRUE,10,,58,77,87,public,TRUE
3682,male,group B,some college,free/reduced,TRUE,14.1,6.6,47,65,85,public,TRUE
3683,female,group B,associate degree,free/reduced,TRUE,18.4,7.8,83,74,90,private,TRUE
3684,female,group C,high school,free/reduced,FALSE,,8.3,54,46,64,public,FALSE
3685,male,group D,some college,free/reduced,TRUE,8.3,7.3,100,,65,international,TRUE
3686,female,group D,some college,standard,TRUE,11.5,7.2,72,52,100,private,TRUE
3687,male,group C,some college,free/reduced,FALSE,9.7,6.9,74,63,84,international,TRUE
3688,female,group D,associate degree,standard,TRUE,7.6,7.2,79,69,60,private,TRUE
3689,male,group D,bachelor degree,standard,TRUE,17.5,6.5,71,70,72,public,TRUE
3690,male,group C,associate degree,standard,FALSE,18.4,9.3,82,51,67,public,TRUE
3691,male,group B,associate degree,free/reduced,FALSE,10.4,,97,57,82,public,TRUE
3692,female,group B,associate degree,standard,TRUE,9.4,8.1,76,75,66,public,TRUE
3693,male,group A,,standard,TRUE,,8.9,50,68,82,public,TRUE
3694,male,group C,high school,,TRUE,10,5.6,62,62,84,public,TRUE
3695,female,group E,high school,standard,FALSE,17,6.5,64,63,86,public,TRUE
3696,male,group D,,standard,FALSE,14.6,6.5,84,69,76,public,TRUE
3697,female,group B,high school,free/reduced,TRUE,8.3,7.6,94,72,,private,TRUE
3698,male,group C,associate degree,standard,FALSE,12.3,8.4,61,73,57,international,TRUE
3699,male,group D,high school,standard,FALSE,6.9,6.7,70,100,55,public,TRUE
3700,male,group B,bachelor degree,free/reduced,TRUE,13.8,6.4,100,71,76,international,TRUE
3701,female,group A,,standard,FALSE,,5.5,80,64,56,public,TRUE
3702,female,group D,bachelor degree,standard,TRUE,11.2,7.3,62,65,68,private,TRUE
3703,female,group A,high school,free/reduced,FALSE,10.7,9.9,96,67,100,public,TRUE
3704,male,group E,high school,standard,FALSE,7.8,8.4,79,68,86,public,TRUE
3705,male,group A,some college,standard,FALSE,11.6,7,45,80,75,public,TRUE
3706,female,group C,high school,standard,FALSE,11.2,7.2,81,59,98,public,TRUE
3707,male,group A,master degree,standard,FALSE,18.4,8.1,59,50,,public,TRUE
3708,male,group B,high school,free/reduced,TRUE,9.5,6,46,87,83,private,TRUE
3709,male,group A,high school,standard,TRUE,16.1,6.4,50,100,52,public,TRUE
3710,female,group C,associate degree,standard,FALSE,5.6,,73,59,36,public,TRUE
3711,male,group C,,free/reduced,FALSE,11.7,5.9,64,83,68,public,TRUE
3712,female,group E,master degree,free/reduced,TRUE,6.4,5.5,59,56,75,public,FALSE
3713,female,group D,bachelor degree,standard,FALSE,8.9,,90,75,85,public,TRUE
3714,female,group E,some college,free/reduced,FALSE,16,7.2,55,74,66,public,TRUE
3715,female,group D,high school,free/reduced,TRUE,9,5.5,65,64,59,public,TRUE
3716,male,group D,high school,free/reduced,TRUE,9.3,,48,62,39,international,FALSE
3717,female,group D,,standard,FALSE,11.1,6.8,39,66,73,public,TRUE
3718,male,group C,bachelor degree,standard,FALSE,13.4,,81,95,52,public,TRUE
3719,male,group E,high school,standard,TRUE,7.4,8,53,45,71,public,TRUE
3720,female,group A,bachelor degree,free/reduced,FALSE,12.2,7.8,78,80,91,public,TRUE
3721,male,group D,bachelor degree,free/reduced,FALSE,6.3,8.9,55,53,80,public,TRUE
3722,male,group E,bachelor degree,standard,FALSE,12.8,5.1,65,60,72,international,TRUE
3723,female,group B,associate degree,free/reduced,TRUE,1.1,6.4,93,73,82,public,TRUE
3724,male,group C,high school,free/reduced,FALSE,8.3,7.3,72,60,58,private,TRUE
3725,female,group D,master degree,standard,TRUE,11,6.1,86,30,66,public,FALSE
3726,female,group E,high school,free/reduced,TRUE,11.5,5.3,69,63,95,international,TRUE
3727,male,group C,bachelor degree,standard,FALSE,11.5,8.2,54,46,83,public,TRUE
3728,male,group C,master degree,free/reduced,FALSE,4,9.4,77,63,39,public,TRUE
3729,male,group B,some college,standard,FALSE,12.1,6.3,40,74,85,public,FALSE
3730,female,group B,bachelor degree,standard,FALSE,11.6,8.5,67,69,76,public,TRUE
3731,male,group C,associate degree,standard,FALSE,8.5,7.2,72,71,65,public,TRUE
3732,male,group C,high school,standard,TRUE,4.1,6.2,84,75,,public,TRUE
3733,female,group B,,standard,FALSE,7.3,,51,61,89,private,TRUE
3734,male,group D,bachelor degree,free/reduced,FALSE,11,7.7,84,81,71,private,TRUE
3735,female,group E,high school,free/reduced,TRUE,6.8,7.7,52,96,62,private,FALSE
3736,male,group E,associate degree,standard,FALSE,11.8,7.2,90,64,71,private,TRUE
3737,female,group D,,standard,FALSE,,5.9,59,82,76,private,TRUE
3738,male,group E,associate degree,standard,TRUE,,,68,,82,public,TRUE
3739,male,group A,high school,free/reduced,FALSE,6.3,7,68,58,100,public,TRUE
3740,male,group C,bachelor degree,standard,FALSE,,7.6,76,75,74,private,TRUE
3741,male,group C,master degree,standard,TRUE,15.2,8.1,85,81,79,public,TRUE
3742,male,group E,some college,standard,FALSE,11.5,6.6,66,55,50,private,TRUE
3743,female,group C,some college,standard,FALSE,6.5,9.3,91,73,90,private,TRUE
3744,female,group C,bachelor degree,standard,TRUE,9.6,6.7,100,,86,public,TRUE
3745,female,group B,bachelor degree,standard,TRUE,6.9,9.7,61,65,74,private,TRUE
3746,male,group D,,standard,FALSE,12.2,6.7,83,,60,public,TRUE
3747,male,group A,bachelor degree,standard,FALSE,8.6,10.7,82,87,55,public,TRUE
3748,male,group C,some college,standard,FALSE,16.9,5.8,58,77,67,public,TRUE
3749,male,group D,,free/reduced,TRUE,2.1,8.3,70,77,86,public,TRUE
3750,male,group B,some college,standard,FALSE,12,5.5,100,53,,public,TRUE
3751,female,group B,bachelor degree,free/reduced,FALSE,8.1,6,51,51,100,public,
3752,male,group D,bachelor degree,standard,FALSE,9.9,9.8,68,80,70,public,TRUE
3753,female,group C,bachelor degree,standard,FALSE,8.8,7.8,49,76,59,private,TRUE
3754,female,group C,associate degree,standard,FALSE,13.2,7.9,95,71,84,private,TRUE
3755,male,group B,associate degree,free/reduced,FALSE,2.2,7.6,62,65,65,public,TRUE
3756,female,group C,some college,standard,TRUE,3.1,8.3,78,68,80,public,TRUE
3757,female,group C,,standard,FALSE,8.7,7.9,84,61,57,public,TRUE
3758,female,group C,bachelor degree,standard,FALSE,2.6,9.7,69,100,68,public,TRUE
3759,male,group A,some college,standard,FALSE,12.3,5.7,92,94,,international,TRUE
3760,male,group A,high school,free/reduced,TRUE,4.3,6.9,65,100,91,public,TRUE
3761,male,group B,some college,standard,FALSE,,8,66,90,,public,TRUE
3762,female,group C,bachelor degree,free/reduced,FALSE,4.9,6.3,69,72,86,public,TRUE
3763,male,group C,some college,standard,FALSE,11.2,,88,95,68,public,TRUE
3764,male,group E,some college,free/reduced,TRUE,8.3,9.3,63,88,78,public,TRUE
3765,female,group C,master degree,standard,FALSE,14.4,4.5,69,75,90,public,TRUE
3766,female,group B,bachelor degree,standard,FALSE,8.8,6.3,73,61,90,public,
3767,male,group C,bachelor degree,free/reduced,FALSE,15.6,5.7,73,71,49,private,
3768,male,group A,master degree,free/reduced,TRUE,5.7,5,58,68,91,public,TRUE
3769,male,group C,bachelor degree,standard,TRUE,7.7,7.1,55,,,public,TRUE
3770,male,group A,some college,standard,FALSE,12.8,8,72,66,75,private,FALSE
3771,male,group C,high school,standard,TRUE,9.7,5.1,88,69,67,private,TRUE
3772,female,group C,high school,free/reduced,TRUE,6.7,8.3,82,63,47,public,TRUE
3773,female,group B,some college,standard,TRUE,5.2,,82,99,59,private,TRUE
3774,male,group C,associate degree,free/reduced,FALSE,9.1,7.8,87,,31,public,TRUE
3775,male,group E,,free/reduced,FALSE,7.5,9.8,78,60,49,public,TRUE
3776,female,group B,master degree,standard,FALSE,7.7,8,76,52,57,public,TRUE
3777,male,group A,high school,free/reduced,TRUE,,6.5,60,77,81,public,TRUE
3778,female,group B,associate degree,standard,TRUE,9.9,6.3,70,69,46,public,TRUE
3779,male,group E,high school,standard,FALSE,13,7.5,64,72,58,private,TRUE
3780,female,group B,high school,standard,FALSE,18.7,5.5,71,62,85,private,FALSE
3781,male,group C,some college,standard,FALSE,,8.7,55,67,59,private,TRUE
3782,female,group E,bachelor degree,standard,FALSE,5.5,6.9,84,,87,private,TRUE
3783,male,group D,high school,standard,FALSE,1.1,8.5,39,58,63,private,
3784,female,group E,high school,standard,TRUE,14.8,7.8,63,76,89,private,TRUE
3785,female,group C,high school,standard,TRUE,12.1,5.7,52,82,54,private,TRUE
3786,male,group E,high school,standard,FALSE,8.3,6.5,81,67,44,public,FALSE
3787,male,group D,some college,free/reduced,TRUE,15.6,6.9,100,67,75,public,TRUE
3788,male,group B,,free/reduced,FALSE,8.1,,50,70,63,private,TRUE
3789,male,group E,some college,standard,TRUE,4.8,7,96,65,54,public,TRUE
3790,male,group E,high school,standard,FALSE,9.8,8.4,71,87,70,public,TRUE
3791,female,group E,master degree,standard,TRUE,12.6,6.2,73,92,63,private,TRUE
3792,male,group B,some college,free/reduced,TRUE,9.8,8.5,63,67,61,public,FALSE
3793,male,group C,,standard,FALSE,11.5,7.3,64,76,77,international,TRUE
3794,female,group C,,standard,FALSE,12.6,6.8,53,60,60,public,TRUE
3795,female,group B,bachelor degree,free/reduced,TRUE,11.1,6.8,55,39,,private,TRUE
3796,female,group B,associate degree,standard,TRUE,7.1,5.6,65,84,71,international,TRUE
3797,male,group B,some college,standard,TRUE,13.4,8.5,65,75,,public,FALSE
3798,male,group B,associate degree,standard,TRUE,7.5,6.4,71,73,53,public,FALSE
3799,male,group B,some college,free/reduced,TRUE,12.5,4.6,47,90,79,public,TRUE
3800,male,group C,some college,standard,FALSE,7.6,6.2,57,83,87,public,TRUE
3801,male,group C,high school,standard,FALSE,14.8,7.7,72,50,80,private,TRUE
3802,female,group C,some college,free/reduced,FALSE,10.3,,91,86,64,private,TRUE
3803,male,group C,master degree,standard,FALSE,8.5,8.8,66,60,68,private,TRUE
3804,female,group D,,free/reduced,FALSE,,9.6,71,39,75,public,TRUE
3805,male,group B,high school,free/reduced,FALSE,8.7,6.8,68,72,85,public,TRUE
3806,male,group B,some college,free/reduced,FALSE,18.6,7,87,93,73,private,TRUE
3807,female,group C,high school,free/reduced,TRUE,7,8.4,77,75,69,public,
3808,male,group E,associate degree,standard,FALSE,14.2,5.8,67,68,52,international,TRUE
3809,female,group D,high school,free/reduced,FALSE,9,6.4,64,65,62,public,TRUE
3810,male,group B,,standard,FALSE,14.8,5.8,86,77,64,public,
3811,male,group C,bachelor degree,standard,TRUE,3,7.1,75,,78,public,FALSE
3812,male,group D,associate degree,free/reduced,TRUE,6.7,9,56,60,63,public,FALSE
3813,male,group B,associate degree,standard,FALSE,7.7,7.3,81,61,64,international,TRUE
3814,female,group C,some college,standard,FALSE,8.6,7.1,46,49,76,private,TRUE
3815,male,group D,associate degree,free/reduced,FALSE,,7.7,66,60,38,public,FALSE
3816,male,group B,some college,standard,FALSE,5.4,5.4,52,54,66,private,TRUE
3817,female,group D,some college,free/reduced,TRUE,15,7,51,72,75,public,TRUE
3818,female,group A,high school,free/reduced,TRUE,5.2,5.7,28,85,76,private,TRUE
3819,male,group E,some college,free/reduced,FALSE,0,,60,71,98,public,TRUE
3820,female,group B,high school,free/reduced,FALSE,11.8,,65,69,65,private,FALSE
3821,female,group C,some college,standard,TRUE,11.4,8.9,64,85,86,public,TRUE
3822,male,group B,high school,standard,FALSE,,6.3,76,72,62,public,TRUE
3823,male,group A,associate degree,free/reduced,FALSE,7,8.2,96,68,60,public,TRUE
3824,female,group D,high school,standard,TRUE,7.8,8.9,79,86,,public,TRUE
3825,male,group E,high school,standard,TRUE,18.9,,49,,65,public,
3826,male,group E,bachelor degree,standard,FALSE,9.8,,96,74,66,public,TRUE
3827,male,group C,high school,standard,TRUE,11.3,8.2,67,65,44,private,TRUE
3828,male,group B,some college,standard,FALSE,,6.6,47,51,68,public,
3829,male,group B,some college,standard,FALSE,9,6.7,55,87,93,international,TRUE
3830,male,group B,some college,free/reduced,FALSE,,6,73,61,,public,FALSE
3831,male,group E,high school,standard,FALSE,9,5.2,85,90,69,private,TRUE
3832,female,group E,associate degree,free/reduced,TRUE,15.3,4.6,70,100,75,private,TRUE
3833,male,group E,high school,standard,TRUE,15.1,3.9,72,80,60,public,TRUE
3834,female,group E,some college,free/reduced,FALSE,6.6,8.3,48,79,78,public,TRUE
3835,female,group E,high school,standard,TRUE,9.2,7.8,63,55,58,public,TRUE
3836,male,group E,some college,standard,FALSE,,8.2,61,71,55,private,TRUE
3837,male,group C,bachelor degree,free/reduced,FALSE,13.2,9,56,97,,private,TRUE
3838,male,group B,some college,standard,TRUE,5.3,6.8,76,69,86,public,TRUE
3839,male,group A,high school,free/reduced,FALSE,7.2,5.2,68,65,44,public,TRUE
3840,male,group C,associate degree,standard,FALSE,8.3,6.9,27,89,42,public,TRUE
3841,male,group A,some college,standard,FALSE,14.1,8.2,66,88,77,public,TRUE
3842,female,group A,associate degree,standard,FALSE,9.7,7.7,82,93,60,private,TRUE
3843,female,group A,high school,standard,FALSE,12.7,10.3,82,70,85,public,TRUE
3844,male,group A,bachelor degree,standard,TRUE,13.8,8.2,100,73,87,private,FALSE
3845,female,group A,bachelor degree,standard,FALSE,1.9,8,95,70,69,public,TRUE
3846,male,group E,bachelor degree,standard,TRUE,3.8,7,53,79,61,international,FALSE
3847,male,group A,bachelor degree,standard,FALSE,15.6,8,85,78,83,public,TRUE
3848,male,group E,master degree,standard,TRUE,12.1,7.2,72,90,93,public,TRUE
3849,male,group E,high school,free/reduced,TRUE,8.1,7.7,60,73,63,public,TRUE
3850,male,group D,bachelor degree,free/reduced,FALSE,13.3,8.2,74,79,82,public,TRUE
3851,female,group D,some college,standard,TRUE,0,9.3,82,72,58,public,TRUE
3852,male,group A,some college,standard,TRUE,4.3,7.8,46,57,69,public,FALSE
3853,female,group C,,standard,FALSE,14.3,8.5,74,83,84,private,TRUE
3854,male,group A,bachelor degree,standard,FALSE,16.6,5.5,70,,75,public,
3855,female,group D,,standard,FALSE,12.7,7.4,35,77,66,public,TRUE
3856,male,group C,some college,standard,TRUE,4.5,6.3,58,51,82,public,FALSE
3857,female,group B,associate degree,standard,TRUE,8.6,7.4,68,,75,public,TRUE
3858,female,group C,associate degree,standard,FALSE,10,7.2,93,74,74,public,TRUE
3859,male,group B,associate degree,free/reduced,TRUE,0,7.6,63,87,66,private,TRUE
3860,female,group C,some college,standard,FALSE,9,5.8,70,77,71,private,TRUE
3861,female,group B,,standard,FALSE,10.8,8.6,65,59,64,international,TRUE
3862,female,group D,bachelor degree,free/reduced,TRUE,14.4,,91,74,58,public,TRUE
3863,male,group C,some college,standard,TRUE,,7.4,51,71,83,private,TRUE
3864,female,group B,,standard,FALSE,9.5,8.1,26,88,90,international,TRUE
3865,male,group C,some college,free/reduced,FALSE,11.8,9,100,84,92,private,FALSE
3866,male,group D,bachelor degree,standard,FALSE,9.1,7.5,84,94,59,public,TRUE
3867,female,group D,high school,free/reduced,FALSE,17.6,7.8,69,63,78,public,TRUE
3868,female,group D,some college,standard,FALSE,12.6,,93,78,76,public,TRUE
3869,male,group B,some college,free/reduced,FALSE,13.3,8.4,58,81,74,public,TRUE
3870,female,group B,high school,free/reduced,TRUE,9.8,7.1,74,60,,public,TRUE
3871,female,group B,,free/reduced,TRUE,9.3,6.4,87,68,51,public,TRUE
3872,male,group D,associate degree,free/reduced,FALSE,,8.5,79,49,56,public,TRUE
3873,female,group A,some college,standard,TRUE,3.8,8,80,57,85,public,FALSE
3874,female,group E,associate degree,,FALSE,12.9,7.8,66,54,97,public,TRUE
3875,female,group B,some college,standard,FALSE,12.9,6.5,75,69,87,public,TRUE
3876,male,group C,,standard,TRUE,5.9,7.1,88,59,100,public,TRUE
3877,female,group C,bachelor degree,standard,TRUE,9.8,7.4,60,54,65,public,TRUE
3878,male,group D,associate degree,standard,FALSE,,7.9,56,82,78,private,TRUE
3879,female,group B,high school,standard,TRUE,,8.1,76,82,64,public,TRUE
3880,male,group B,associate degree,,FALSE,6.2,6.8,65,97,53,public,TRUE
3881,male,group C,bachelor degree,standard,FALSE,7.9,7.6,90,87,66,public,TRUE
3882,female,group D,bachelor degree,standard,TRUE,16,9.3,73,46,69,public,TRUE
3883,female,group A,high school,free/reduced,TRUE,20.4,5.8,75,70,57,public,TRUE
3884,male,group E,some college,standard,TRUE,18.4,8.8,81,94,65,public,FALSE
3885,male,group D,high school,standard,FALSE,18.6,7.1,76,59,70,private,FALSE
3886,male,group C,bachelor degree,standard,FALSE,16.7,5.8,87,76,79,private,TRUE
3887,female,group E,master degree,standard,FALSE,10,8.9,66,70,72,public,TRUE
3888,female,group D,some college,standard,TRUE,11.3,5.2,58,73,56,public,TRUE
3889,male,group E,associate degree,standard,FALSE,6.1,5.9,71,82,72,public,TRUE
3890,male,group B,some college,standard,TRUE,1.2,7.6,100,94,75,public,TRUE
3891,female,group C,associate degree,standard,TRUE,15.1,7.2,67,77,65,private,TRUE
3892,male,group C,,standard,FALSE,9.4,7.2,67,72,78,public,TRUE
3893,female,group A,some college,standard,FALSE,,7,69,61,82,private,TRUE
3894,male,group C,master degree,free/reduced,FALSE,8.2,6.4,82,97,51,public,TRUE
3895,male,group B,bachelor degree,standard,TRUE,17.1,7.9,100,71,82,private,
3896,female,group C,some college,free/reduced,TRUE,4.2,7,70,83,76,public,TRUE
3897,male,group D,high school,free/reduced,FALSE,8.5,7.6,66,57,67,public,TRUE
3898,male,group B,high school,standard,FALSE,7.1,7.7,68,88,53,public,TRUE
3899,male,group E,master degree,standard,FALSE,18.4,6,85,90,95,private,TRUE
3900,female,group E,some college,standard,FALSE,4.6,7.6,72,79,77,public,TRUE
3901,female,group E,bachelor degree,standard,FALSE,11.5,7.1,78,62,74,public,TRUE
3902,male,group C,associate degree,free/reduced,TRUE,,7.3,83,75,,public,FALSE
3903,male,group B,master degree,free/reduced,FALSE,5,9.3,44,84,68,international,TRUE
3904,male,group A,some college,standard,FALSE,11,5.2,71,61,57,public,TRUE
3905,female,group B,bachelor degree,standard,TRUE,8.3,8.7,69,77,67,public,TRUE
3906,male,group C,high school,standard,FALSE,9.7,5.6,55,85,70,private,TRUE
3907,female,group B,,free/reduced,TRUE,14.6,7.2,82,69,81,public,TRUE
3908,male,group B,,free/reduced,FALSE,14.8,,82,67,85,private,TRUE
3909,female,group D,some college,free/reduced,TRUE,7.4,8.7,81,84,81,private,TRUE
3910,male,group D,high school,standard,TRUE,0,8.6,77,99,61,public,TRUE
3911,male,group B,bachelor degree,,TRUE,7.8,,73,76,78,public,TRUE
3912,female,group E,bachelor degree,free/reduced,TRUE,8.2,10.1,59,62,96,public,TRUE
3913,female,group C,high school,standard,TRUE,0.7,7.4,74,63,50,public,TRUE
3914,female,group E,some college,,TRUE,10,6.9,50,86,61,private,TRUE
3915,female,group C,bachelor degree,standard,TRUE,8.8,6.1,74,72,88,public,TRUE
3916,female,group C,associate degree,standard,TRUE,3,5.7,62,75,75,private,TRUE
3917,female,group D,high school,free/reduced,FALSE,5.8,9.4,100,,61,private,TRUE
3918,female,group B,bachelor degree,free/reduced,TRUE,16.5,7.9,73,82,82,private,TRUE
3919,male,group B,bachelor degree,standard,FALSE,5.6,9.3,72,49,87,public,TRUE
3920,female,group A,some college,free/reduced,TRUE,8.9,6.1,82,65,70,public,FALSE
3921,male,group D,bachelor degree,standard,FALSE,14.2,,74,90,74,public,TRUE
3922,male,group B,bachelor degree,standard,TRUE,9.7,,85,,79,private,TRUE
3923,male,group B,master degree,standard,FALSE,13.3,,45,75,79,private,TRUE
3924,female,group A,high school,free/reduced,TRUE,12.6,7.4,90,76,64,public,TRUE
3925,female,group D,,standard,FALSE,,6.7,65,82,93,public,TRUE
3926,female,group A,high school,standard,FALSE,,6.9,80,58,59,public,TRUE
3927,female,group D,associate degree,standard,FALSE,13.1,8.6,100,91,50,public,TRUE
3928,female,group C,some college,standard,FALSE,18.6,8.1,68,,50,public,TRUE
3929,female,group D,high school,standard,FALSE,8.5,8.1,73,57,74,public,TRUE
3930,male,group C,master degree,standard,FALSE,4.7,7.7,73,76,,public,TRUE
3931,female,group E,high school,standard,TRUE,16.6,7.6,75,71,91,public,FALSE
3932,female,group A,some college,standard,FALSE,12.3,6.6,80,62,80,public,FALSE
3933,male,group E,high school,standard,FALSE,14.4,6.8,87,70,85,public,TRUE
3934,male,group D,high school,,TRUE,8.4,4.6,66,76,70,public,FALSE
3935,male,group A,some college,standard,TRUE,14.4,8.6,81,80,60,public,TRUE
3936,male,group D,bachelor degree,free/reduced,FALSE,8.3,,97,75,79,public,FALSE
3937,male,group D,bachelor degree,standard,FALSE,14.3,6.1,76,48,56,international,TRUE
3938,female,group E,bachelor degree,standard,FALSE,10.8,4.1,73,78,99,public,TRUE
3939,male,group A,high school,free/reduced,TRUE,11.9,7.6,59,94,,public,FALSE
3940,female,group C,associate degree,standard,TRUE,6.3,6.4,40,68,73,public,TRUE
3941,male,group C,high school,free/reduced,TRUE,12.2,5.9,68,73,57,public,FALSE
3942,female,group B,bachelor degree,free/reduced,TRUE,16,7.6,63,47,78,private,TRUE
3943,female,group A,some college,free/reduced,FALSE,8.6,7.8,58,71,58,public,TRUE
3944,female,group D,high school,free/reduced,TRUE,5.6,7.1,77,55,71,public,TRUE
3945,male,group C,bachelor degree,standard,TRUE,,5.6,74,75,71,public,
3946,male,group B,high school,free/reduced,TRUE,12.3,7.4,72,58,48,public,TRUE
3947,male,group E,high school,standard,TRUE,10.2,7.4,66,81,74,public,FALSE
3948,male,group D,,free/reduced,TRUE,6.4,7.2,65,81,69,public,TRUE
3949,female,group A,some college,standard,TRUE,5.2,6.4,73,73,68,public,TRUE
3950,female,group E,associate degree,standard,TRUE,4.5,5.1,56,82,77,public,TRUE
3951,male,group E,high school,free/reduced,FALSE,,9.3,72,50,52,public,FALSE
3952,male,group B,high school,free/reduced,FALSE,12,7.1,80,75,47,public,TRUE
3953,male,group A,bachelor degree,standard,TRUE,9.2,7.9,60,79,66,international,TRUE
3954,male,group A,associate degree,standard,FALSE,15,7.9,87,63,99,private,TRUE
3955,female,group C,,standard,TRUE,6.9,7.9,71,64,59,international,TRUE
3956,female,group D,associate degree,free/reduced,FALSE,21.8,,94,71,61,public,
3957,female,group E,,,TRUE,0.6,8.4,88,71,57,private,FALSE
3958,male,group C,associate degree,standard,TRUE,7.1,7.2,86,99,59,public,TRUE
3959,female,group C,some college,standard,FALSE,16.3,4.8,72,70,81,public,TRUE
3960,male,group C,high school,free/reduced,FALSE,8.7,6.6,74,91,72,private,TRUE
3961,female,group C,some college,standard,TRUE,13.2,4.6,92,,88,public,TRUE
3962,male,group D,,free/reduced,FALSE,18.6,5.7,68,,62,private,FALSE
3963,female,group D,high school,standard,FALSE,3,7.4,70,62,58,public,TRUE
3964,male,group E,bachelor degree,free/reduced,TRUE,,8,55,68,86,public,TRUE
3965,male,group C,high school,free/reduced,TRUE,7.2,5.8,59,53,84,public,TRUE
3966,male,group B,some college,,FALSE,16.9,6.5,63,61,60,private,FALSE
3967,female,group E,associate degree,,TRUE,15.2,7,76,97,,international,TRUE
3968,female,group A,some college,free/reduced,FALSE,1.3,5.4,68,86,49,public,TRUE
3969,female,group C,some college,standard,TRUE,8,10,52,84,77,public,TRUE
3970,female,group C,bachelor degree,standard,TRUE,12.7,7.2,88,40,61,public,TRUE
3971,male,group C,some college,standard,FALSE,5.4,5.7,57,60,66,public,TRUE
3972,female,group D,,free/reduced,TRUE,0.7,8.6,42,93,70,public,TRUE
3973,male,group E,high school,standard,TRUE,11.8,8.3,67,84,67,private,TRUE
3974,female,group C,master degree,standard,FALSE,0.1,5.6,71,75,75,public,TRUE
3975,male,group B,some college,standard,FALSE,11.3,6.4,49,78,61,public,TRUE
3976,male,group E,high school,free/reduced,TRUE,13.2,7,82,55,84,public,TRUE
3977,female,group A,bachelor degree,standard,FALSE,8.4,7.3,75,75,43,public,TRUE
3978,male,group E,some college,standard,FALSE,5.8,6,50,64,,public,FALSE
3979,female,group B,some college,standard,TRUE,8.1,8.6,71,,79,international,TRUE
3980,female,group B,associate degree,free/reduced,FALSE,11.7,5.7,89,100,76,public,TRUE
3981,female,group C,some college,standard,TRUE,10.2,5.5,79,62,61,public,TRUE
3982,male,group B,bachelor degree,standard,TRUE,14.6,5.7,50,68,64,private,FALSE
3983,male,group B,associate degree,standard,FALSE,7.4,6.8,56,69,51,public,TRUE
3984,female,group E,high school,free/reduced,TRUE,1.7,8.5,65,89,55,private,TRUE
3985,female,group C,high school,free/reduced,TRUE,9.4,7.2,56,79,60,public,TRUE
3986,male,group B,master degree,free/reduced,TRUE,6.6,8.4,55,60,87,public,TRUE
3987,male,group C,some college,free/reduced,FALSE,9.3,8.1,80,75,93,public,TRUE
3988,female,group B,some college,free/reduced,FALSE,6.9,6.1,82,81,55,public,TRUE
3989,male,group E,high school,free/reduced,TRUE,13.2,,77,54,77,public,TRUE
3990,female,group E,bachelor degree,standard,FALSE,6.3,6.5,83,87,62,public,TRUE
3991,female,group C,master degree,standard,FALSE,18.8,6.4,80,74,73,public,FALSE
3992,female,group B,bachelor degree,free/reduced,FALSE,11.7,5.7,84,66,68,public,TRUE
3993,female,group C,some college,free/reduced,FALSE,8.1,9.2,86,68,59,public,TRUE
3994,male,group C,associate degree,free/reduced,FALSE,17.5,7.9,37,67,85,private,TRUE
3995,male,group B,associate degree,,TRUE,12.3,4.9,81,76,80,public,TRUE
3996,female,group A,some college,standard,TRUE,14.3,7.6,88,61,78,public,FALSE
3997,female,group C,some college,standard,FALSE,9.2,8.5,71,74,85,public,TRUE
3998,female,group B,associate degree,standard,FALSE,9.9,8.6,88,53,70,public,TRUE
3999,female,group E,bachelor degree,standard,TRUE,,,79,63,68,public,TRUE
4000,female,group C,some college,free/reduced,TRUE,7.2,8,88,58,50,private,
4001,male,group E,associate degree,standard,FALSE,10.8,5.1,84,,80,public,TRUE
4002,female,group D,associate degree,standard,FALSE,,7.6,96,83,81,public,TRUE
4003,female,group B,high school,standard,FALSE,5.8,6.7,65,78,69,public,TRUE
4004,male,group C,high school,standard,FALSE,,8.6,51,,82,public,TRUE
4005,female,group C,some college,standard,FALSE,12.4,7,89,88,72,public,TRUE
4006,female,group E,high school,free/reduced,TRUE,11.7,5.4,92,81,54,private,TRUE
4007,male,group B,master degree,standard,TRUE,4,7.3,82,81,51,public,TRUE
4008,female,group E,some college,,FALSE,7.6,7,65,66,72,public,FALSE
4009,male,group D,some college,standard,TRUE,12.8,5.8,53,65,79,public,TRUE
4010,male,group A,bachelor degree,free/reduced,FALSE,4.5,4.9,97,78,74,private,TRUE
4011,male,group C,,free/reduced,TRUE,8.9,6.5,68,91,50,public,TRUE
4012,female,group E,bachelor degree,standard,FALSE,4.1,6.6,74,96,50,private,TRUE
4013,male,group E,bachelor degree,standard,FALSE,,5.7,70,62,69,public,TRUE
4014,female,group D,some college,free/reduced,FALSE,,7.8,72,70,65,public,TRUE
4015,female,group A,master degree,standard,TRUE,7.3,8.6,52,97,90,international,TRUE
4016,female,group E,high school,standard,TRUE,7.1,8.9,73,69,83,private,TRUE
4017,female,group E,high school,standard,FALSE,8.9,6,65,80,63,public,FALSE
4018,female,group E,some college,standard,FALSE,12.7,8.7,86,80,63,public,TRUE
4019,female,group E,high school,free/reduced,TRUE,11.3,8.5,79,83,100,public,TRUE
4020,female,group B,associate degree,standard,FALSE,9.2,6.9,52,66,65,public,TRUE
4021,male,group D,high school,standard,FALSE,8.1,7.3,82,62,59,public,TRUE
4022,female,group E,high school,standard,FALSE,19,,82,73,61,private,TRUE
4023,male,group E,some college,free/reduced,TRUE,,8.8,40,57,65,public,TRUE
4024,male,group A,bachelor degree,free/reduced,FALSE,,7.6,83,58,,public,TRUE
4025,female,group D,associate degree,free/reduced,FALSE,14.2,8,80,57,76,private,TRUE
4026,male,group E,,standard,TRUE,4.7,7.4,59,86,76,public,TRUE
4027,male,group A,bachelor degree,standard,TRUE,9.9,,73,51,80,public,FALSE
4028,female,group B,master degree,standard,FALSE,8.3,6.9,70,93,70,public,
4029,female,group C,some college,free/reduced,FALSE,,8.3,51,63,47,private,TRUE
4030,female,group C,high school,standard,FALSE,8.1,7.4,56,76,79,private,TRUE
4031,male,group D,master degree,free/reduced,TRUE,2.5,,58,91,78,international,TRUE
4032,female,group B,associate degree,standard,FALSE,13.7,5.5,59,,86,public,TRUE
4033,female,group C,some college,free/reduced,TRUE,10.2,6.5,62,72,57,international,TRUE
4034,female,group E,some college,free/reduced,FALSE,10,7.5,72,42,69,private,TRUE
4035,female,group C,associate degree,standard,FALSE,14.8,7.9,69,62,74,private,TRUE
4036,female,group D,some college,standard,TRUE,15.2,6.1,42,71,99,public,TRUE
4037,female,group A,associate degree,free/reduced,TRUE,15,7.6,68,62,41,private,TRUE
4038,female,group C,associate degree,standard,FALSE,10.1,,53,74,77,private,TRUE
4039,male,group B,,standard,TRUE,12.2,8,52,77,,public,TRUE
4040,male,group B,associate degree,free/reduced,TRUE,12.2,9.6,100,63,62,public,FALSE
4041,female,group C,bachelor degree,standard,TRUE,13.9,4.6,63,83,61,public,TRUE
4042,female,group C,some college,standard,FALSE,15.5,6.9,66,66,76,private,TRUE
4043,female,group E,bachelor degree,standard,TRUE,7.8,6.7,89,85,55,public,TRUE
4044,female,group A,associate degree,standard,FALSE,10.6,7.3,89,46,63,public,TRUE
4045,male,group C,some college,standard,FALSE,14.3,7.7,36,90,71,public,FALSE
4046,female,group B,high school,standard,TRUE,10.3,5.8,51,77,67,public,FALSE
4047,male,group A,high school,standard,FALSE,7.1,6.9,100,70,82,public,TRUE
4048,male,group B,master degree,free/reduced,TRUE,10.9,6.4,70,69,86,private,TRUE
4049,female,group E,some college,free/reduced,TRUE,14,7.9,64,85,72,public,TRUE
4050,female,group B,some college,standard,TRUE,7,6.3,67,55,77,public,TRUE
4051,male,group D,associate degree,standard,TRUE,12.6,4.2,85,45,44,public,FALSE
4052,female,group C,bachelor degree,,TRUE,13,8.7,36,79,80,public,TRUE
4053,male,group B,some college,standard,FALSE,10.4,8,75,100,75,public,TRUE
4054,female,group A,some college,free/reduced,FALSE,2.6,5,72,64,95,public,TRUE
4055,male,group D,high school,standard,FALSE,19.3,6.1,67,76,61,public,TRUE
4056,female,group E,some college,standard,FALSE,6,6.5,70,73,68,public,TRUE
4057,female,group B,high school,standard,FALSE,13,6.1,93,68,67,public,TRUE
4058,female,group D,high school,standard,TRUE,,7.4,77,92,87,public,TRUE
4059,male,group B,associate degree,standard,FALSE,12.3,8.4,64,68,71,public,FALSE
4060,female,group B,,standard,TRUE,9.2,9.4,78,66,58,public,TRUE
4061,female,group E,high school,standard,FALSE,6.6,8.6,52,83,70,public,TRUE
4062,male,group B,bachelor degree,free/reduced,FALSE,7.8,7.6,58,36,82,public,TRUE
4063,male,group D,high school,free/reduced,TRUE,11.5,,56,53,77,public,FALSE
4064,female,group D,bachelor degree,free/reduced,TRUE,15,6.9,83,82,100,public,TRUE
4065,female,group D,associate degree,standard,FALSE,12.5,10.1,45,59,100,private,TRUE
4066,female,group A,associate degree,free/reduced,TRUE,6.4,8.3,55,73,100,private,TRUE
4067,male,group B,associate degree,standard,TRUE,6.9,7.8,80,66,72,public,TRUE
4068,female,group E,bachelor degree,standard,FALSE,5.3,6.6,76,82,65,international,TRUE
4069,female,group E,high school,standard,FALSE,5.7,5.9,92,74,56,public,TRUE
4070,male,group C,bachelor degree,free/reduced,TRUE,6.3,7.3,56,86,76,private,TRUE
4071,female,group A,some college,free/reduced,FALSE,19,11,61,87,87,international,TRUE
4072,female,group A,associate degree,standard,TRUE,7.6,9.2,40,,94,public,TRUE
4073,female,group A,master degree,free/reduced,FALSE,11.2,6.5,62,56,62,public,TRUE
4074,female,group E,high school,standard,FALSE,15.2,8.3,95,84,76,public,TRUE
4075,female,group C,high school,standard,FALSE,11.3,,89,79,71,private,TRUE
4076,male,group C,associate degree,free/reduced,TRUE,9.4,7,51,47,84,public,TRUE
4077,male,group B,high school,standard,TRUE,8.8,7.6,64,54,71,public,FALSE
4078,female,group D,some college,standard,FALSE,15.6,6.6,95,,95,public,TRUE
4079,female,group B,high school,standard,FALSE,9.1,8.5,92,,68,public,TRUE
4080,male,group C,high school,standard,FALSE,,7.7,68,90,60,public,TRUE
4081,male,group E,some college,standard,FALSE,,10,59,74,86,public,TRUE
4082,female,group D,some college,free/reduced,FALSE,5.5,7.5,60,,77,private,TRUE
4083,female,group B,high school,standard,TRUE,17.9,,52,68,,public,TRUE
4084,female,group B,some college,standard,FALSE,7.8,8.3,41,67,71,public,TRUE
4085,male,group A,high school,standard,FALSE,9.3,7.9,73,,57,public,TRUE
4086,female,group C,bachelor degree,free/reduced,TRUE,11.6,6.4,82,76,59,public,TRUE
4087,female,group E,associate degree,standard,TRUE,16.1,7.3,80,68,77,public,FALSE
4088,female,group E,bachelor degree,standard,TRUE,14.8,8.3,68,88,57,public,TRUE
4089,female,group A,,standard,FALSE,6.1,6.5,35,50,80,private,TRUE
4090,female,group C,some college,standard,TRUE,5.3,6.6,73,98,68,private,FALSE
4091,male,group A,some college,standard,FALSE,6.5,6.8,73,62,45,private,TRUE
4092,male,group B,master degree,standard,FALSE,11.3,8.1,77,42,65,public,TRUE
4093,male,group A,high school,free/reduced,TRUE,4.7,5.6,78,68,92,private,TRUE
4094,female,group C,high school,standard,FALSE,7.9,8.5,62,87,81,private,TRUE
4095,female,group E,,standard,TRUE,13.2,5.1,71,75,53,public,TRUE
4096,female,group A,some college,,TRUE,10,4.8,72,69,53,public,TRUE
4097,male,group D,master degree,standard,TRUE,11,7.6,85,72,62,public,TRUE
4098,female,group C,some college,standard,FALSE,2,7.3,87,74,78,public,TRUE
4099,female,group B,master degree,standard,FALSE,8.3,6.9,66,75,86,private,TRUE
4100,female,group C,high school,standard,TRUE,13.8,7.3,66,,79,public,TRUE
4101,male,group C,high school,standard,TRUE,7.7,5.7,73,90,80,public,TRUE
4102,female,group A,associate degree,,FALSE,12.2,5.9,89,,67,public,TRUE
4103,male,group C,bachelor degree,standard,TRUE,4.3,6.9,71,54,52,international,TRUE
4104,female,group E,associate degree,free/reduced,TRUE,13.3,,45,84,82,public,TRUE
4105,female,group B,some college,free/reduced,TRUE,4,7.3,70,62,82,public,TRUE
4106,female,group C,associate degree,standard,FALSE,5.7,4.8,60,56,99,public,TRUE
4107,male,group B,bachelor degree,free/reduced,FALSE,7.5,6.4,66,48,49,private,TRUE
4108,male,group B,high school,standard,FALSE,5.7,7.4,67,76,69,public,TRUE
4109,male,group D,some college,standard,FALSE,5.3,5.7,79,91,71,public,TRUE
4110,male,group D,some college,standard,FALSE,2.9,6.2,83,76,76,public,FALSE
4111,female,group D,bachelor degree,free/reduced,TRUE,15.9,5,51,67,74,public,TRUE
4112,male,group E,high school,free/reduced,TRUE,10.1,7.6,75,75,38,public,TRUE
4113,male,group A,high school,standard,FALSE,6.5,5.4,49,65,71,public,TRUE
4114,female,group E,master degree,standard,FALSE,12.6,7.9,74,78,54,private,TRUE
4115,female,group C,high school,standard,TRUE,9.7,6.3,39,65,71,public,TRUE
4116,female,group C,,standard,FALSE,9.7,6.9,74,85,100,public,TRUE
4117,male,group A,high school,free/reduced,FALSE,8.3,8,51,49,48,public,TRUE
4118,female,group C,high school,free/reduced,FALSE,5.1,8.6,77,63,72,public,TRUE
4119,male,group A,,standard,TRUE,12.2,5.9,64,63,68,private,TRUE
4120,female,group C,high school,standard,TRUE,8,7.5,67,99,83,public,TRUE
4121,female,group E,high school,free/reduced,TRUE,,6.7,69,74,74,public,FALSE
4122,female,group D,high school,standard,FALSE,,5.3,71,80,51,private,TRUE
4123,male,group A,high school,standard,FALSE,12.7,7.3,80,42,63,private,TRUE
4124,female,group D,high school,standard,FALSE,2.9,5.7,68,88,67,public,TRUE
4125,male,group D,high school,standard,TRUE,8.4,6,74,48,69,private,TRUE
4126,female,group D,high school,standard,FALSE,7.8,6.3,69,87,69,private,TRUE
4127,female,group D,bachelor degree,standard,FALSE,5.1,6.8,57,61,58,private,TRUE
4128,female,group E,high school,standard,TRUE,11.7,6.9,69,75,73,public,TRUE
4129,male,group C,some college,standard,FALSE,,10,78,58,72,private,TRUE
4130,male,group C,master degree,standard,FALSE,1.5,9.1,70,80,91,private,TRUE
4131,female,group A,high school,standard,TRUE,7.4,9.8,80,,68,private,TRUE
4132,male,group D,associate degree,standard,TRUE,0.4,,95,72,50,private,
4133,female,group A,associate degree,free/reduced,FALSE,,8.9,23,51,64,public,TRUE
4134,female,group E,some college,standard,FALSE,7.9,8.9,78,,62,public,TRUE
4135,male,group E,master degree,free/reduced,FALSE,7.6,5.2,87,56,87,public,TRUE
4136,male,group D,associate degree,standard,FALSE,2.4,9.9,61,69,61,private,TRUE
4137,female,group E,master degree,,FALSE,8.6,6.3,73,64,47,public,TRUE
4138,female,group C,high school,standard,TRUE,9.8,7.2,71,60,77,public,TRUE
4139,female,group E,bachelor degree,standard,FALSE,,6.4,76,,65,private,TRUE
4140,female,group E,some college,free/reduced,TRUE,,,44,59,,private,TRUE
4141,male,group B,high school,free/reduced,FALSE,3.4,8.2,64,55,77,private,TRUE
4142,female,group D,associate degree,standard,FALSE,11.9,,94,86,50,public,TRUE
4143,male,group D,high school,standard,FALSE,5.5,5.4,77,78,76,public,TRUE
4144,female,group C,high school,standard,FALSE,6.1,3,70,47,61,international,TRUE
4145,male,group C,some college,standard,FALSE,,9,84,81,62,public,TRUE
4146,male,group D,high school,standard,TRUE,10.1,5.3,68,85,77,public,TRUE
4147,female,group B,bachelor degree,free/reduced,TRUE,5.8,6.2,74,64,76,private,TRUE
4148,female,group C,some college,standard,FALSE,3.2,5.7,62,69,69,international,TRUE
4149,female,group B,associate degree,standard,FALSE,7.4,9.8,50,59,55,public,
4150,female,group B,associate degree,standard,FALSE,4.5,6.4,64,66,73,public,TRUE
4151,female,group B,,standard,TRUE,,6.4,66,79,55,public,
4152,female,group D,high school,standard,FALSE,4.9,6.1,70,66,40,international,
4153,male,group E,some college,standard,FALSE,9.4,7.1,74,96,70,public,TRUE
4154,male,group C,bachelor degree,standard,TRUE,5.6,9.5,73,72,57,private,TRUE
4155,male,group B,bachelor degree,free/reduced,TRUE,10.3,9.5,71,72,84,public,TRUE
4156,male,group C,,standard,FALSE,7.8,4.8,100,48,45,public,TRUE
4157,female,group A,bachelor degree,,TRUE,2.9,7.8,63,43,77,public,TRUE
4158,male,group E,some college,free/reduced,TRUE,15.6,6.4,67,72,74,private,TRUE
4159,female,group E,some college,free/reduced,TRUE,0,3.6,66,68,95,public,TRUE
4160,female,group C,,free/reduced,FALSE,10.3,5.8,70,77,83,public,TRUE
4161,female,group E,associate degree,standard,FALSE,10.3,10,73,,72,private,FALSE
4162,male,group D,master degree,standard,TRUE,12.9,7,83,71,86,public,TRUE
4163,male,group C,high school,standard,FALSE,7.5,7.1,78,62,64,public,TRUE
4164,male,group E,associate degree,standard,FALSE,5.9,8.3,62,72,87,public,
4165,male,group C,,standard,FALSE,7.9,6.2,83,81,75,international,TRUE
4166,female,group A,master degree,standard,FALSE,16.7,7.6,84,85,68,international,TRUE
4167,female,group E,associate degree,standard,FALSE,20.2,5.4,53,38,83,public,TRUE
4168,male,group C,high school,standard,FALSE,9.4,7.6,53,64,63,public,TRUE
4169,male,group C,associate degree,standard,TRUE,9.9,6.2,71,84,72,private,TRUE
4170,female,group C,some college,standard,TRUE,10.8,8.1,68,91,46,public,TRUE
4171,male,group A,associate degree,standard,FALSE,0.9,9.3,96,86,73,public,TRUE
4172,male,group C,associate degree,standard,FALSE,,6.5,53,62,64,international,FALSE
4173,male,group C,bachelor degree,standard,FALSE,9.5,6.9,75,89,88,public,TRUE
4174,male,group C,bachelor degree,standard,FALSE,13.9,7.4,89,55,52,private,TRUE
4175,female,group A,bachelor degree,free/reduced,TRUE,1.2,9.4,89,66,65,public,TRUE
4176,female,group E,associate degree,standard,FALSE,17.4,6.4,84,84,92,private,FALSE
4177,female,group E,bachelor degree,standard,TRUE,13.8,8.7,94,58,87,private,TRUE
4178,female,group E,high school,standard,FALSE,5.8,10.5,86,89,46,public,TRUE
4179,male,group B,associate degree,standard,FALSE,,6.6,59,,94,public,TRUE
4180,male,group C,bachelor degree,standard,FALSE,13.8,6.8,82,74,94,public,TRUE
4181,female,group D,some college,standard,FALSE,9,4.4,100,59,78,public,TRUE
4182,female,group C,master degree,free/reduced,TRUE,,6.9,69,88,69,public,TRUE
4183,male,group B,master degree,free/reduced,FALSE,9.7,5.1,48,97,80,public,TRUE
4184,female,group C,high school,standard,FALSE,,6.8,53,97,72,private,TRUE
4185,male,group D,some college,standard,FALSE,10.5,6.6,59,68,62,public,TRUE
4186,male,group B,high school,standard,TRUE,9.5,7.4,25,63,77,public,
4187,male,group A,,standard,TRUE,10.5,4.6,70,,87,public,TRUE
4188,female,group D,high school,standard,FALSE,7.5,6.2,77,100,66,public,TRUE
4189,female,group D,master degree,free/reduced,FALSE,17.5,6.3,68,55,84,private,FALSE
4190,male,group C,associate degree,standard,TRUE,,6.6,66,54,87,public,TRUE
4191,male,group C,high school,free/reduced,TRUE,6.5,4.6,48,66,82,public,TRUE
4192,male,group C,associate degree,standard,TRUE,6,7.3,69,74,53,international,TRUE
4193,female,group E,bachelor degree,standard,TRUE,10.2,7.4,60,53,76,public,TRUE
4194,female,group D,bachelor degree,standard,FALSE,9.5,6.6,75,,73,public,TRUE
4195,female,group B,,standard,TRUE,6.8,7.8,66,65,88,private,TRUE
4196,female,group D,high school,standard,FALSE,8.6,,78,86,76,private,TRUE
4197,female,group D,high school,standard,FALSE,10.5,7.8,60,56,65,private,TRUE
4198,male,group B,associate degree,standard,FALSE,,,51,85,68,private,TRUE
4199,male,group D,associate degree,free/reduced,FALSE,13.2,8.2,88,88,55,public,TRUE
4200,female,group B,some college,standard,TRUE,12.4,9.2,55,46,76,public,TRUE
4201,male,group A,high school,standard,TRUE,4.2,6.5,66,75,83,public,TRUE
4202,female,group C,associate degree,free/reduced,FALSE,13.6,4.4,56,79,85,international,FALSE
4203,female,group C,high school,free/reduced,TRUE,12.1,6,98,72,95,public,TRUE
4204,male,group C,master degree,standard,FALSE,6,7.3,57,93,90,public,TRUE
4205,male,group B,,standard,FALSE,10.8,,84,82,90,public,TRUE
4206,female,group C,high school,standard,TRUE,9.2,5.6,34,83,51,private,FALSE
4207,female,group D,high school,standard,FALSE,7.3,7.4,66,68,79,private,FALSE
4208,female,group C,high school,standard,TRUE,8.4,5.5,63,,47,private,TRUE
4209,male,group C,some college,free/reduced,FALSE,1.4,7.4,88,67,100,public,TRUE
4210,female,group B,high school,standard,TRUE,19.7,,73,79,73,private,TRUE
4211,female,group B,,free/reduced,FALSE,0,8.3,55,62,61,public,TRUE
4212,female,group E,some college,free/reduced,TRUE,11.7,5.4,53,70,67,public,TRUE
4213,female,group B,some college,free/reduced,TRUE,5.5,7.4,71,60,75,private,TRUE
4214,male,group B,high school,standard,FALSE,5.9,8.3,64,,73,public,TRUE
4215,male,group E,master degree,free/reduced,FALSE,8.2,8.4,67,100,81,international,TRUE
4216,male,group B,high school,standard,FALSE,13.2,9.6,46,65,58,international,TRUE
4217,female,group A,some college,free/reduced,FALSE,7.4,8.5,64,72,60,public,TRUE
4218,male,group A,some college,standard,FALSE,15.7,4.6,54,61,75,public,FALSE
4219,female,group C,high school,standard,FALSE,6.6,7.6,88,67,85,public,TRUE
4220,female,group D,,free/reduced,TRUE,10.5,6.2,87,,70,public,FALSE
4221,male,group C,some college,standard,TRUE,12.7,7.9,63,90,83,public,TRUE
4222,female,group B,high school,standard,FALSE,,,90,74,76,public,TRUE
4223,male,group D,high school,standard,FALSE,6.9,10.3,61,62,100,private,TRUE
4224,male,group D,master degree,standard,FALSE,15.2,7.6,100,55,100,international,TRUE
4225,male,group C,some college,standard,FALSE,9.6,8.2,63,72,50,public,TRUE
4226,male,group B,,free/reduced,FALSE,13,6.3,74,57,100,public,TRUE
4227,female,group D,high school,standard,FALSE,12,7.9,43,57,65,public,
4228,male,group C,master degree,standard,TRUE,10.5,5.7,84,87,100,public,TRUE
4229,male,group C,some college,standard,TRUE,7.8,9.5,53,57,61,private,TRUE
4230,male,group C,high school,standard,FALSE,12.7,8.4,53,97,83,public,TRUE
4231,female,group A,high school,standard,FALSE,1.8,8.5,77,50,79,private,TRUE
4232,male,group D,high school,standard,FALSE,3.1,6.5,77,76,79,public,TRUE
4233,female,group C,,standard,TRUE,15.3,7.7,73,98,84,public,TRUE
4234,female,group B,some college,standard,FALSE,14.9,6.7,62,43,100,public,TRUE
4235,female,group C,some college,free/reduced,FALSE,13.2,8.9,69,75,75,private,TRUE
4236,male,group D,,standard,TRUE,2.9,8,81,49,62,private,TRUE
4237,male,group B,some college,free/reduced,TRUE,12.3,6.9,51,52,74,international,TRUE
4238,female,group D,some college,standard,FALSE,5.8,7.7,80,45,,public,TRUE
4239,female,group E,some college,free/reduced,FALSE,3.9,7.8,77,85,55,public,TRUE
4240,male,group B,high school,standard,FALSE,10.7,,58,77,84,public,FALSE
4241,female,group E,some college,standard,FALSE,12.4,10.3,36,48,52,private,TRUE
4242,female,group D,bachelor degree,standard,FALSE,1,8.6,79,66,79,public,
4243,male,group B,high school,standard,FALSE,12.5,7.5,90,82,68,public,FALSE
4244,female,group C,,standard,FALSE,18.2,7.5,83,76,59,public,TRUE
4245,male,group E,high school,standard,FALSE,11.7,,72,,53,public,TRUE
4246,female,group C,bachelor degree,standard,FALSE,13.8,6.8,80,79,70,public,TRUE
4247,male,group A,associate degree,free/reduced,FALSE,11.1,,70,,46,public,TRUE
4248,female,group A,bachelor degree,standard,TRUE,0.3,8.8,70,96,73,international,TRUE
4249,male,group C,high school,standard,FALSE,15.9,7.2,73,67,71,public,TRUE
4250,male,group C,some college,standard,FALSE,7.3,7.5,49,57,49,public,FALSE
4251,male,group C,some college,standard,FALSE,9,6.6,60,76,78,international,TRUE
4252,female,group C,some college,standard,TRUE,12.5,6,63,63,58,public,FALSE
4253,female,group B,,standard,FALSE,13.3,7.7,84,88,76,public,TRUE
4254,female,group C,bachelor degree,standard,FALSE,9.9,7.5,74,60,78,private,TRUE
4255,male,group B,master degree,free/reduced,FALSE,8.1,8.9,74,39,67,private,TRUE
4256,female,group A,bachelor degree,free/reduced,FALSE,14.3,8.5,71,59,51,public,TRUE
4257,male,group E,high school,free/reduced,FALSE,6.1,6.7,63,96,69,private,TRUE
4258,male,group E,bachelor degree,standard,TRUE,4.3,7.5,66,70,87,public,TRUE
4259,female,group B,high school,standard,FALSE,12.4,8.6,85,65,48,public,FALSE
4260,female,group C,associate degree,free/reduced,TRUE,11.2,8.4,81,86,,public,TRUE
4261,male,group B,high school,standard,TRUE,,7.7,62,75,59,public,TRUE
4262,female,group E,associate degree,free/reduced,TRUE,12.9,9.3,88,71,49,private,TRUE
4263,male,group A,high school,standard,FALSE,13.2,8.5,53,73,55,public,TRUE
4264,male,group C,master degree,standard,FALSE,3.6,5.2,76,63,53,public,TRUE
4265,female,group E,bachelor degree,standard,FALSE,13.7,5.9,72,67,91,public,TRUE
4266,male,group A,bachelor degree,standard,FALSE,1.8,,78,,65,international,TRUE
4267,female,group B,,standard,FALSE,11.8,6.3,97,86,89,public,TRUE
4268,male,group D,associate degree,standard,FALSE,15,5.6,98,,52,public,TRUE
4269,female,group C,some college,free/reduced,FALSE,14.2,5.2,97,67,49,private,TRUE
4270,male,group C,,standard,FALSE,1,5.8,51,93,70,public,TRUE
4271,male,group C,bachelor degree,free/reduced,TRUE,9.8,8.3,56,70,100,public,TRUE
4272,female,group B,bachelor degree,free/reduced,TRUE,8.5,6.5,67,84,53,private,FALSE
4273,male,group C,high school,free/reduced,TRUE,4.3,,70,83,83,public,TRUE
4274,male,group C,associate degree,standard,FALSE,8.3,8,85,,71,public,TRUE
4275,female,group C,high school,standard,TRUE,0,9.2,97,77,72,private,TRUE
4276,male,group D,some college,standard,TRUE,8.1,8,78,83,54,international,FALSE
4277,male,group B,bachelor degree,standard,FALSE,8.6,8.8,63,69,86,international,TRUE
4278,female,group A,bachelor degree,free/reduced,FALSE,3.3,10.4,72,85,56,public,TRUE
4279,male,group E,bachelor degree,standard,FALSE,16.5,8.8,83,76,69,public,TRUE
4280,male,group E,high school,standard,TRUE,18,7.1,83,80,77,public,TRUE
4281,male,group A,some college,standard,TRUE,13.1,6.4,83,66,63,public,TRUE
4282,male,group B,some college,free/reduced,FALSE,0,7.9,79,55,92,public,TRUE
4283,male,group D,high school,standard,FALSE,8.2,5.4,66,78,57,public,TRUE
4284,male,group C,,free/reduced,FALSE,15.9,,50,62,73,international,TRUE
4285,female,group B,master degree,standard,FALSE,12.1,7.7,70,70,78,public,FALSE
4286,male,group B,some college,standard,FALSE,16.8,,63,62,72,public,TRUE
4287,female,group C,,standard,FALSE,15.8,8.8,82,77,71,public,TRUE
4288,female,group C,bachelor degree,standard,TRUE,11.2,5.8,70,74,52,public,TRUE
4289,male,group B,high school,free/reduced,TRUE,13,8.8,75,69,60,private,TRUE
4290,male,group C,bachelor degree,standard,TRUE,14.8,7,80,69,67,private,TRUE
4291,female,group A,high school,standard,TRUE,7.8,5.1,63,92,66,public,TRUE
4292,female,group E,some college,standard,TRUE,7.9,9.4,67,89,92,public,TRUE
4293,male,group C,some college,standard,FALSE,14.6,5.5,52,54,80,public,TRUE
4294,male,group D,high school,free/reduced,TRUE,7.6,4.5,77,88,70,private,FALSE
4295,female,group B,master degree,standard,FALSE,14.6,7.7,85,87,59,public,TRUE
4296,male,group E,some college,standard,TRUE,5.9,7.6,49,76,64,public,TRUE
4297,male,group A,some college,standard,TRUE,18.7,4.1,63,85,71,public,TRUE
4298,male,group D,some college,standard,TRUE,9.5,7.1,70,77,77,public,TRUE
4299,female,group E,high school,standard,TRUE,5.2,,53,78,78,private,TRUE
4300,female,group A,high school,standard,FALSE,19.9,6.9,64,66,52,private,TRUE
4301,female,group B,high school,standard,TRUE,5.3,4.7,61,84,69,public,
4302,male,group B,bachelor degree,standard,TRUE,5.7,7.6,49,72,82,public,TRUE
4303,female,group C,bachelor degree,standard,FALSE,10.7,8.6,40,74,59,public,FALSE
4304,female,group C,high school,free/reduced,TRUE,15.2,7.3,90,90,62,public,TRUE
4305,male,group C,high school,standard,TRUE,7.5,6.2,69,81,95,public,FALSE
4306,female,group C,associate degree,standard,FALSE,,,53,39,65,public,FALSE
4307,male,group C,high school,,TRUE,6.1,9.6,66,77,,public,TRUE
4308,female,group C,high school,standard,FALSE,8.5,6,61,53,84,public,TRUE
4309,female,group D,some college,free/reduced,TRUE,16.1,7.9,91,80,82,public,TRUE
4310,female,group D,bachelor degree,free/reduced,TRUE,18.2,6.5,73,73,67,international,TRUE
4311,male,group D,,standard,FALSE,14.8,8.7,74,71,69,public,TRUE
4312,male,group B,high school,free/reduced,TRUE,6.4,5.5,82,70,,public,TRUE
4313,male,group D,master degree,free/reduced,TRUE,1.3,7.7,74,58,71,public,TRUE
4314,male,group B,associate degree,standard,TRUE,11.3,7,61,95,71,private,TRUE
4315,female,group D,some college,standard,FALSE,15.7,8.3,75,70,52,public,TRUE
4316,female,group D,,free/reduced,FALSE,,8,78,66,56,public,TRUE
4317,male,group B,bachelor degree,standard,FALSE,9.7,6.8,74,64,72,private,TRUE
4318,female,group E,bachelor degree,standard,FALSE,0,,84,53,75,public,TRUE
4319,female,group E,associate degree,standard,FALSE,9.4,7.3,70,65,55,public,TRUE
4320,female,group C,some college,free/reduced,TRUE,0.5,7.8,72,71,55,private,TRUE
4321,male,group E,associate degree,free/reduced,TRUE,13.9,7.1,76,66,74,private,TRUE
4322,male,group C,associate degree,standard,FALSE,6,5.8,75,48,93,public,TRUE
4323,male,group C,some college,standard,FALSE,11.2,9.1,80,,80,international,TRUE
4324,female,group A,,standard,FALSE,10.3,8.1,100,,52,public,FALSE
4325,female,group C,high school,standard,TRUE,9.6,6.4,75,53,68,private,TRUE
4326,female,group E,some college,standard,TRUE,5.7,8.2,60,49,88,public,TRUE
4327,female,group C,high school,standard,FALSE,1,6.4,100,75,55,public,TRUE
4328,male,group A,master degree,standard,FALSE,10.8,7.7,73,84,78,public,TRUE
4329,female,group D,some college,standard,TRUE,16,7,77,81,44,public,FALSE
4330,male,group E,high school,standard,TRUE,8.9,7.7,65,69,46,private,TRUE
4331,male,group B,high school,standard,TRUE,14.8,8.8,63,75,98,public,FALSE
4332,male,group E,some college,standard,FALSE,9.4,8.7,90,83,73,public,FALSE
4333,female,group E,master degree,standard,FALSE,10.5,8.7,64,91,50,public,TRUE
4334,female,group C,bachelor degree,free/reduced,FALSE,2.4,,64,74,92,public,TRUE
4335,male,group A,,standard,FALSE,4.8,6.5,54,78,75,public,TRUE
4336,male,group D,some college,standard,TRUE,8,7.8,64,42,64,public,TRUE
4337,male,group B,high school,standard,FALSE,,4.8,67,54,61,public,FALSE
4338,female,group E,,free/reduced,FALSE,2.5,7.2,71,93,82,private,TRUE
4339,male,group C,some college,standard,TRUE,14.4,6.9,66,69,86,international,TRUE
4340,male,group E,high school,standard,FALSE,6,7.1,40,72,57,private,TRUE
4341,female,group D,associate degree,standard,TRUE,2.9,6.9,75,80,73,public,TRUE
4342,female,group B,,free/reduced,FALSE,12.6,10.8,75,70,51,public,TRUE
4343,male,group D,bachelor degree,free/reduced,TRUE,11.7,6.7,97,69,62,public,FALSE
4344,male,group B,some college,standard,FALSE,15,5.3,93,52,80,private,TRUE
4345,female,group C,high school,free/reduced,TRUE,17.7,7.2,50,63,65,public,TRUE
4346,female,group B,high school,standard,TRUE,6.7,6.9,80,73,74,public,TRUE
4347,female,group D,high school,standard,FALSE,6.7,5.9,83,67,59,public,TRUE
4348,female,group C,associate degree,standard,TRUE,9.5,7,83,,69,private,TRUE
4349,female,group D,some college,free/reduced,FALSE,9.3,6.2,75,68,94,private,FALSE
4350,male,group B,associate degree,standard,FALSE,8.2,7.5,80,,60,public,TRUE
4351,male,group C,bachelor degree,free/reduced,FALSE,8,5.2,66,,70,public,TRUE
4352,female,group A,some college,standard,TRUE,12.3,5.9,83,82,78,private,TRUE
4353,male,group C,master degree,standard,FALSE,5.4,8,69,,86,private,TRUE
4354,male,group E,bachelor degree,standard,FALSE,13.5,7.3,98,66,61,public,TRUE
4355,male,group C,master degree,,FALSE,3.5,9,85,76,91,public,TRUE
4356,female,group A,,,TRUE,7.5,6.6,69,65,91,international,TRUE
4357,female,group C,bachelor degree,standard,TRUE,9.7,8.4,72,55,33,public,FALSE
4358,female,group C,high school,standard,FALSE,1.5,8.4,50,64,85,private,TRUE
4359,female,group C,some college,standard,FALSE,11.9,7.5,86,46,66,private,TRUE
4360,male,group D,master degree,standard,TRUE,16.2,6.3,90,95,74,private,TRUE
4361,male,group C,,standard,TRUE,15.3,6.5,68,70,79,public,TRUE
4362,male,group E,high school,standard,FALSE,5,10,71,,57,private,TRUE
4363,female,group C,bachelor degree,free/reduced,TRUE,17.9,9,67,46,50,public,TRUE
4364,female,group B,high school,free/reduced,FALSE,14.4,5.5,69,61,59,private,TRUE
4365,female,group C,high school,free/reduced,FALSE,16.7,7.4,75,66,100,public,TRUE
4366,female,group C,,standard,FALSE,13.1,8.1,44,83,70,public,TRUE
4367,male,group E,bachelor degree,standard,TRUE,12.4,5.8,77,,84,public,TRUE
4368,female,group C,associate degree,standard,FALSE,13.9,,55,61,69,public,FALSE
4369,female,group D,associate degree,standard,TRUE,0,5.3,43,59,56,public,
4370,male,group E,some college,free/reduced,FALSE,15.5,8.7,92,81,71,public,TRUE
4371,male,group E,high school,standard,TRUE,1.4,6.8,56,89,99,public,TRUE
4372,male,group C,,free/reduced,FALSE,12.1,8.3,87,64,61,public,TRUE
4373,female,group D,some college,standard,FALSE,10.9,8.2,79,85,64,public,TRUE
4374,male,group E,high school,standard,FALSE,2.1,4.5,80,75,100,private,TRUE
4375,male,group B,associate degree,,TRUE,10.3,6,90,79,61,public,TRUE
4376,male,group B,associate degree,standard,TRUE,7.1,5.1,58,,88,public,TRUE
4377,male,group E,,free/reduced,FALSE,12.9,6.1,78,73,80,private,TRUE
4378,male,group A,associate degree,standard,TRUE,3,7.1,70,75,74,public,TRUE
4379,female,group C,bachelor degree,standard,FALSE,8.8,4.6,58,53,81,public,TRUE
4380,male,group D,master degree,free/reduced,TRUE,11.7,7.1,79,54,75,public,TRUE
4381,male,group C,bachelor degree,standard,FALSE,5.2,9.7,66,62,74,private,TRUE
4382,female,group E,,standard,FALSE,11.9,7.4,63,77,56,public,TRUE
4383,female,group B,some college,standard,FALSE,11.3,7,66,67,73,public,FALSE
4384,male,group C,some college,standard,TRUE,22.8,6.7,44,81,64,international,TRUE
4385,male,group A,associate degree,standard,FALSE,11.4,7.1,85,65,64,public,TRUE
4386,male,group E,master degree,standard,FALSE,11.4,6.1,100,78,60,public,TRUE
4387,male,group C,master degree,free/reduced,FALSE,,8.2,49,97,74,private,TRUE
4388,female,group D,associate degree,standard,FALSE,9.9,4.2,83,67,100,private,TRUE
4389,male,group D,associate degree,standard,FALSE,8.8,5.8,63,81,60,public,FALSE
4390,female,group D,master degree,standard,FALSE,0,8,63,72,74,public,TRUE
4391,male,group B,some college,free/reduced,FALSE,10.9,5.2,84,65,63,public,TRUE
4392,female,group D,,standard,TRUE,3.5,5.9,91,82,65,private,TRUE
4393,male,group D,master degree,standard,TRUE,10.6,6.2,60,92,76,private,FALSE
4394,female,group D,bachelor degree,standard,FALSE,16.6,7.5,47,93,91,international,TRUE
4395,male,group C,some college,standard,TRUE,10.3,6.1,64,85,68,public,TRUE
4396,female,group E,high school,free/reduced,FALSE,7.3,9.2,67,69,77,public,TRUE
4397,female,group C,high school,standard,FALSE,0,8.2,90,76,62,public,FALSE
4398,male,group E,some college,standard,FALSE,11.2,7.3,95,85,70,private,TRUE
4399,male,group B,high school,standard,FALSE,8.6,7.2,77,53,67,public,FALSE
4400,male,group C,associate degree,standard,FALSE,18,6.3,70,82,82,public,TRUE
4401,female,group C,,free/reduced,TRUE,18.1,6.5,81,69,71,public,TRUE
4402,male,group E,high school,standard,FALSE,5.1,8.3,56,56,89,public,TRUE
4403,female,group E,,free/reduced,FALSE,11.1,10.6,50,81,90,public,TRUE
4404,male,group D,master degree,standard,TRUE,14.9,7.1,65,90,74,public,TRUE
4405,female,group B,master degree,standard,FALSE,,6.7,80,58,75,public,TRUE
4406,female,group B,bachelor degree,standard,FALSE,,6.7,76,75,90,international,TRUE
4407,male,group B,associate degree,standard,TRUE,,9.6,56,77,78,public,TRUE
4408,male,group E,high school,free/reduced,TRUE,0,5.8,82,66,67,public,TRUE
4409,female,group B,high school,,FALSE,,7.1,71,72,64,public,TRUE
4410,female,group C,associate degree,standard,TRUE,12.4,6.7,75,91,82,private,TRUE
4411,female,group E,some college,free/reduced,FALSE,7.8,5.8,47,79,56,public,TRUE
4412,female,group D,some college,standard,TRUE,9.6,9.2,48,65,80,public,TRUE
4413,male,group E,some college,free/reduced,TRUE,5.2,,92,69,66,private,TRUE
4414,female,group A,high school,standard,FALSE,13.6,8.2,71,36,83,public,TRUE
4415,female,group B,,standard,TRUE,17.8,6.7,70,69,81,public,TRUE
4416,female,group A,high school,standard,TRUE,1.7,,59,65,59,public,TRUE
4417,male,group D,some college,standard,FALSE,4.8,5.9,67,88,72,public,TRUE
4418,female,group C,,standard,FALSE,10,6.8,78,42,71,private,TRUE
4419,male,group A,high school,standard,TRUE,15.2,8,93,58,40,public,TRUE
4420,male,group B,master degree,standard,FALSE,16.7,5.8,81,51,56,public,TRUE
4421,female,group D,,standard,FALSE,0,7.7,59,72,71,private,TRUE
4422,female,group E,,standard,TRUE,8.1,7.3,70,83,59,public,TRUE
4423,female,group A,high school,standard,TRUE,11.1,6.4,78,83,86,public,TRUE
4424,female,group C,some college,standard,FALSE,4.7,11,82,,79,public,TRUE
4425,female,group C,,standard,FALSE,10.5,7.3,64,28,57,private,TRUE
4426,female,group D,high school,standard,TRUE,8,7,65,82,,public,TRUE
4427,male,group B,some college,standard,FALSE,16.9,6.4,82,78,28,public,TRUE
4428,female,group C,associate degree,standard,FALSE,12.5,9.2,89,65,75,public,TRUE
4429,female,group C,some college,standard,FALSE,2.3,7.8,64,46,86,public,TRUE
4430,female,group C,high school,standard,FALSE,17.9,8.8,88,75,63,private,TRUE
4431,female,group E,associate degree,standard,TRUE,9.9,6.8,50,84,63,public,TRUE
4432,female,group D,high school,free/reduced,FALSE,3.4,8.4,84,57,70,public,
4433,male,group C,some college,standard,FALSE,13.7,7.2,72,60,79,public,TRUE
4434,female,group B,associate degree,standard,FALSE,17.4,5.9,76,89,100,public,TRUE
4435,male,group E,high school,standard,FALSE,10.2,7.3,62,59,69,public,TRUE
4436,female,group B,some college,standard,FALSE,6.3,6.6,65,66,,public,TRUE
4437,female,group C,high school,standard,FALSE,,8.2,51,70,75,private,TRUE
4438,male,group B,high school,standard,TRUE,13.8,6.7,42,49,60,international,TRUE
4439,male,group C,some college,standard,TRUE,11.7,5.3,96,55,51,public,TRUE
4440,female,group E,bachelor degree,standard,TRUE,,6.1,74,58,61,private,TRUE
4441,female,group E,bachelor degree,free/reduced,TRUE,11,7.4,65,83,71,public,TRUE
4442,female,group E,some college,standard,FALSE,12.9,5.4,70,74,48,public,FALSE
4443,female,group D,,free/reduced,FALSE,9.9,6.5,57,,72,international,
4444,male,group A,bachelor degree,,TRUE,9.8,8.3,87,71,81,international,TRUE
4445,female,group A,high school,standard,TRUE,15.2,6.6,36,65,82,private,FALSE
4446,female,group D,some college,standard,TRUE,14.1,5.2,80,56,75,public,TRUE
4447,female,group D,some college,standard,FALSE,,7.3,79,93,68,private,TRUE
4448,female,group D,,standard,FALSE,0.1,7.5,41,80,67,private,TRUE
4449,female,group C,associate degree,standard,TRUE,6.3,6.5,74,67,81,public,TRUE
4450,female,group E,associate degree,standard,TRUE,13.7,6.6,60,62,66,private,TRUE
4451,male,group A,associate degree,standard,TRUE,3.4,,87,64,57,public,TRUE
4452,male,group E,associate degree,free/reduced,FALSE,7.4,6.4,71,83,71,public,TRUE
4453,male,group B,bachelor degree,free/reduced,TRUE,9.4,6.5,63,56,78,public,TRUE
4454,female,group A,some college,standard,FALSE,6.7,8.3,73,52,100,private,TRUE
4455,female,group C,associate degree,standard,FALSE,1.9,6.6,66,67,62,public,TRUE
4456,male,group E,bachelor degree,free/reduced,TRUE,8,,77,31,86,public,
4457,female,group D,associate degree,free/reduced,FALSE,15.1,6.9,68,94,52,public,TRUE
4458,female,group C,associate degree,standard,TRUE,14.5,9.1,66,63,67,public,TRUE
4459,female,group D,some college,standard,FALSE,12.4,5.8,82,66,84,public,TRUE
4460,female,group B,high school,free/reduced,TRUE,10.6,6.9,53,,89,public,TRUE
4461,female,group A,bachelor degree,free/reduced,TRUE,10.7,6.5,59,70,55,public,TRUE
4462,female,group B,some college,free/reduced,TRUE,4.7,4.9,54,67,50,public,TRUE
4463,female,group E,bachelor degree,free/reduced,FALSE,9.8,7.6,51,53,73,public,TRUE
4464,male,group C,bachelor degree,standard,FALSE,,8.5,97,38,68,public,TRUE
4465,male,group B,high school,standard,FALSE,10.2,8.1,95,73,76,public,TRUE
4466,female,group C,bachelor degree,standard,FALSE,7.8,9.6,70,57,49,public,TRUE
4467,female,group C,some college,standard,FALSE,16.3,6.1,72,53,78,private,TRUE
4468,male,group C,,free/reduced,FALSE,19.3,7,60,69,,private,TRUE
4469,female,group D,bachelor degree,standard,FALSE,4.4,8.9,70,67,67,public,TRUE
4470,female,group A,associate degree,free/reduced,TRUE,10,6.6,67,85,69,private,TRUE
4471,female,group B,some college,standard,FALSE,8.9,6.7,44,77,60,public,TRUE
4472,female,group D,associate degree,standard,TRUE,0,4.1,100,69,64,public,TRUE
4473,female,group B,high school,standard,FALSE,,9,69,67,55,public,TRUE
4474,female,group E,master degree,standard,TRUE,10.3,7.6,69,70,87,public,TRUE
4475,male,group E,associate degree,standard,TRUE,7.2,4.9,69,64,72,public,TRUE
4476,female,group D,,standard,TRUE,3.9,,64,64,72,public,TRUE
4477,male,group D,bachelor degree,standard,TRUE,7.2,8,83,84,91,private,TRUE
4478,male,group B,,standard,FALSE,7.8,5.7,66,77,96,international,FALSE
4479,female,group E,associate degree,standard,TRUE,8.8,6.7,62,44,70,public,TRUE
4480,male,group A,master degree,free/reduced,FALSE,11.4,,82,59,61,public,TRUE
4481,female,group A,master degree,standard,TRUE,1.9,8.7,81,78,,public,TRUE
4482,female,group B,high school,free/reduced,FALSE,5.4,7.6,55,84,84,public,TRUE
4483,female,group E,bachelor degree,standard,FALSE,8.7,5.9,84,96,70,public,FALSE
4484,male,group A,high school,standard,FALSE,,5.5,88,61,79,international,TRUE
4485,male,group A,bachelor degree,free/reduced,TRUE,6.8,8.2,66,100,84,private,TRUE
4486,male,group B,some college,free/reduced,FALSE,7.7,8.6,81,91,53,public,TRUE
4487,male,group B,some college,free/reduced,TRUE,10.3,7.4,68,71,65,international,FALSE
4488,male,group E,some college,standard,FALSE,14.7,6.5,67,42,91,private,TRUE
4489,female,group D,high school,standard,TRUE,18.5,8.8,69,51,98,public,FALSE
4490,male,group E,some college,standard,TRUE,6.1,6.8,81,68,70,private,TRUE
4491,male,group B,bachelor degree,standard,FALSE,7.2,8,55,93,61,international,TRUE
4492,male,group E,some college,standard,FALSE,17.6,8,67,79,76,public,TRUE
4493,male,group D,associate degree,standard,FALSE,13.4,5.8,86,66,72,public,TRUE
4494,male,group C,associate degree,free/reduced,FALSE,4.7,6.3,62,54,79,private,TRUE
4495,male,group A,high school,standard,FALSE,10.7,6.6,92,,63,private,
4496,female,group B,high school,free/reduced,FALSE,14.2,5.9,69,52,62,private,TRUE
4497,female,group B,master degree,free/reduced,FALSE,14.8,7.8,87,55,81,public,FALSE
4498,male,group E,high school,standard,TRUE,13,5.3,82,68,39,public,TRUE
4499,female,group B,high school,standard,TRUE,7.7,4.7,56,,92,private,TRUE
4500,female,group C,high school,standard,FALSE,3.8,,77,73,47,public,TRUE
4501,female,group D,associate degree,standard,TRUE,13.4,5.2,78,73,73,public,TRUE
4502,female,group A,high school,free/reduced,TRUE,6.3,9,83,80,91,public,TRUE
4503,female,group C,high school,standard,FALSE,,5.5,97,53,52,public,TRUE
4504,female,group E,high school,free/reduced,TRUE,10.8,,72,79,69,private,TRUE
4505,female,group B,some college,,FALSE,17.6,7.9,100,50,64,international,TRUE
4506,female,group D,high school,free/reduced,TRUE,7.2,6.7,52,71,73,private,TRUE
4507,male,group E,bachelor degree,standard,FALSE,3.8,9.7,53,88,75,private,FALSE
4508,female,group B,associate degree,free/reduced,TRUE,6.9,,73,63,59,private,TRUE
4509,female,group E,some college,free/reduced,FALSE,16.4,7.7,72,55,64,public,TRUE
4510,female,group E,bachelor degree,standard,TRUE,9.9,7.3,81,75,60,public,TRUE
4511,male,group C,,free/reduced,TRUE,7.3,8.6,49,,59,public,TRUE
4512,female,group E,,free/reduced,TRUE,11.4,7.3,56,94,78,public,TRUE
4513,male,group B,master degree,standard,TRUE,9,6.4,64,79,,public,FALSE
4514,female,group E,master degree,standard,TRUE,5.6,7,64,86,52,public,TRUE
4515,female,group D,master degree,free/reduced,FALSE,9.3,6.3,70,,91,public,TRUE
4516,male,group A,associate degree,standard,TRUE,,,50,82,64,public,TRUE
4517,female,group D,some college,free/reduced,FALSE,,8.3,36,,98,public,TRUE
4518,female,group B,high school,standard,TRUE,4.4,8.6,72,63,92,public,TRUE
4519,female,group C,high school,standard,TRUE,12,,76,75,78,public,TRUE
4520,male,group C,some college,standard,FALSE,,7.3,81,96,79,public,TRUE
4521,male,group E,high school,standard,TRUE,12.6,,68,87,56,public,TRUE
4522,male,group C,some college,standard,FALSE,10.7,7.8,60,58,55,public,TRUE
4523,female,group A,some college,standard,FALSE,14.1,9.4,56,75,54,public,TRUE
4524,male,group C,bachelor degree,standard,TRUE,8.2,6,83,57,56,public,TRUE
4525,male,group D,high school,standard,TRUE,5,,85,53,74,international,FALSE
4526,female,group E,some college,free/reduced,TRUE,5.6,5.4,81,59,61,public,TRUE
4527,female,group B,master degree,free/reduced,FALSE,7.7,6.9,74,59,66,private,TRUE
4528,male,group A,associate degree,standard,TRUE,5.7,6.1,61,62,52,private,FALSE
4529,female,group C,associate degree,standard,FALSE,4.6,7.8,51,56,80,public,TRUE
4530,female,group C,high school,free/reduced,FALSE,11.1,7.1,76,79,82,public,TRUE
4531,female,group C,high school,standard,TRUE,13.2,5.3,59,70,,private,TRUE
4532,male,group B,high school,free/reduced,FALSE,9.3,9.3,70,81,88,public,TRUE
4533,female,group D,high school,standard,TRUE,12.5,7.3,49,62,58,public,TRUE
4534,male,group C,bachelor degree,free/reduced,FALSE,4.3,8.5,56,87,86,public,TRUE
4535,male,group D,some college,free/reduced,FALSE,9.5,8.4,69,,79,public,FALSE
4536,female,group A,high school,standard,FALSE,6.5,6.9,52,53,82,public,TRUE
4537,male,group B,associate degree,standard,FALSE,7.5,6,83,71,58,international,TRUE
4538,female,group B,high school,standard,FALSE,3.2,8.1,52,55,64,private,TRUE
4539,male,group B,bachelor degree,standard,TRUE,13.3,3.5,55,79,81,public,TRUE
4540,male,group E,master degree,standard,TRUE,11.1,8.1,40,82,77,public,TRUE
4541,male,group E,bachelor degree,standard,TRUE,7,5.8,68,77,84,international,TRUE
4542,female,group B,bachelor degree,standard,FALSE,12.9,8,61,62,57,private,TRUE
4543,female,group D,some college,standard,TRUE,14.3,5.4,70,91,90,public,FALSE
4544,female,group A,high school,standard,TRUE,4.9,6.4,73,84,100,private,TRUE
4545,female,group E,high school,standard,FALSE,1.7,5.5,91,63,73,public,FALSE
4546,male,group C,associate degree,standard,FALSE,5.4,7.2,79,64,65,public,TRUE
4547,female,group E,some college,standard,TRUE,7.4,5.8,83,85,75,public,FALSE
4548,female,group C,master degree,standard,TRUE,5.7,7.2,97,100,56,public,TRUE
4549,male,group B,bachelor degree,free/reduced,FALSE,14.7,5.1,51,65,86,public,TRUE
4550,female,group E,some college,free/reduced,FALSE,3.7,7.1,61,100,23,public,TRUE
4551,male,group B,high school,standard,TRUE,0,9.7,78,62,81,public,TRUE
4552,male,group C,high school,standard,TRUE,9.8,5.9,80,48,64,international,FALSE
4553,female,group D,some college,standard,TRUE,7.2,6.5,38,96,59,public,TRUE
4554,female,group D,high school,free/reduced,TRUE,5.5,7.8,63,84,77,public,TRUE
4555,female,group A,bachelor degree,standard,FALSE,7.5,7.1,57,72,63,private,TRUE
4556,male,group E,associate degree,standard,TRUE,16.3,6.5,69,61,46,international,FALSE
4557,female,group E,bachelor degree,standard,TRUE,1.3,7.8,84,59,60,public,TRUE
4558,female,group C,associate degree,standard,FALSE,10.2,8.2,80,85,56,public,TRUE
4559,female,group C,bachelor degree,standard,TRUE,,,64,67,45,private,TRUE
4560,male,group D,,free/reduced,TRUE,8.4,7.6,78,76,40,public,TRUE
4561,male,group B,high school,standard,FALSE,4.4,8.6,69,69,69,public,TRUE
4562,female,group B,high school,free/reduced,FALSE,5.3,8.8,50,87,54,public,TRUE
4563,female,group A,bachelor degree,free/reduced,FALSE,15.3,7.1,77,72,65,public,TRUE
4564,female,group D,bachelor degree,standard,FALSE,5.6,,75,42,49,public,TRUE
4565,female,group D,high school,free/reduced,FALSE,9.4,,61,98,86,public,TRUE
4566,female,group E,,free/reduced,FALSE,11.2,6.8,81,43,68,private,TRUE
4567,female,group C,associate degree,,FALSE,8.8,8.2,59,70,71,private,FALSE
4568,female,group C,associate degree,,TRUE,12.2,6.5,68,67,87,public,TRUE
4569,male,group E,master degree,standard,FALSE,0,8,60,75,51,international,TRUE
4570,female,group B,some college,standard,TRUE,0,6.2,49,73,68,public,TRUE
4571,female,group C,bachelor degree,standard,TRUE,9.3,9.6,39,61,68,public,TRUE
4572,male,group C,high school,standard,FALSE,12.2,8.2,56,59,59,public,TRUE
4573,male,group E,bachelor degree,standard,TRUE,9.8,6.1,49,77,76,public,TRUE
4574,female,group C,some college,standard,TRUE,7.5,9.3,65,66,72,public,TRUE
4575,male,group B,associate degree,standard,TRUE,5.2,6.4,89,70,84,public,FALSE
4576,female,group E,associate degree,standard,FALSE,4.9,7,52,55,73,private,TRUE
4577,male,group B,associate degree,standard,FALSE,8.3,7.2,77,77,79,public,FALSE
4578,female,group C,some college,free/reduced,TRUE,13.6,8.9,58,86,70,public,TRUE
4579,female,group C,associate degree,free/reduced,FALSE,6.2,6,76,64,97,public,TRUE
4580,male,group E,high school,free/reduced,TRUE,6.6,6.3,79,81,79,private,TRUE
4581,female,group D,some college,standard,FALSE,19.2,7.3,80,56,74,public,TRUE
4582,female,group B,bachelor degree,standard,TRUE,12.2,6.7,80,62,74,public,FALSE
4583,male,group A,,standard,FALSE,5.9,5.5,53,48,84,public,TRUE
4584,male,group E,high school,standard,FALSE,6,8.4,77,92,73,private,TRUE
4585,female,group C,associate degree,free/reduced,FALSE,12.4,6,75,41,70,public,TRUE
4586,female,group E,bachelor degree,standard,FALSE,6.2,6.5,96,50,71,public,TRUE
4587,female,group D,master degree,free/reduced,FALSE,8.8,7.7,63,49,86,public,TRUE
4588,female,group C,master degree,standard,TRUE,8.3,6.5,58,58,78,private,TRUE
4589,male,group A,some college,standard,FALSE,10.6,7.6,69,100,80,international,TRUE
4590,female,group D,high school,free/reduced,FALSE,10.4,6.2,96,48,53,public,TRUE
4591,male,group A,,free/reduced,FALSE,16.7,10.1,52,99,59,public,TRUE
4592,male,group D,,standard,FALSE,12.5,7.3,96,78,57,public,TRUE
4593,female,group C,associate degree,standard,FALSE,10.6,10.6,74,71,82,public,TRUE
4594,male,group C,associate degree,free/reduced,TRUE,11,5.2,79,81,77,public,TRUE
4595,male,group E,high school,standard,FALSE,,6.9,67,66,73,public,TRUE
4596,female,group A,bachelor degree,standard,FALSE,11.4,6.3,66,55,38,public,FALSE
4597,male,group B,bachelor degree,standard,FALSE,2.6,7.1,83,74,72,public,TRUE
4598,female,group D,some college,standard,TRUE,19.8,8.1,67,58,79,public,TRUE
4599,female,group E,,standard,FALSE,,9.1,73,70,59,public,
4600,female,group D,some college,,TRUE,8.1,8.1,61,76,75,public,TRUE
4601,male,group D,associate degree,standard,FALSE,12.8,,64,64,59,public,TRUE
4602,male,group C,bachelor degree,standard,TRUE,7.5,10,81,51,72,public,TRUE
4603,male,group A,,standard,FALSE,11.4,7.5,53,74,75,private,TRUE
4604,female,group D,high school,standard,FALSE,14,5.2,62,63,67,private,FALSE
4605,female,group C,bachelor degree,standard,TRUE,2,7.2,76,61,71,public,TRUE
4606,male,group E,master degree,standard,TRUE,3.6,4.8,80,50,55,public,FALSE
4607,male,group E,master degree,standard,TRUE,1.7,6.8,92,79,71,private,TRUE
4608,female,group C,master degree,free/reduced,FALSE,9.3,5.4,58,91,80,public,TRUE
4609,male,group A,high school,free/reduced,FALSE,7.2,6.5,100,47,85,public,TRUE
4610,male,group C,master degree,free/reduced,FALSE,3.2,8.1,62,77,59,public,TRUE
4611,male,group D,high school,standard,TRUE,12.9,8.9,48,93,89,public,TRUE
4612,female,group A,bachelor degree,standard,TRUE,10.3,8.8,78,70,62,private,TRUE
4613,male,group C,high school,standard,FALSE,12.2,7.6,93,44,43,private,TRUE
4614,male,group A,,standard,FALSE,10.2,4.9,83,78,58,public,TRUE
4615,female,group D,some college,free/reduced,TRUE,11.4,8.5,54,78,54,public,TRUE
4616,female,group C,associate degree,standard,FALSE,8.4,6.5,52,96,64,international,TRUE
4617,male,group C,associate degree,free/reduced,FALSE,6.5,9.4,74,82,58,public,TRUE
4618,male,group B,master degree,free/reduced,FALSE,12.5,9.8,60,61,,public,
4619,male,group A,high school,standard,FALSE,8.5,7.9,73,98,56,public,TRUE
4620,male,group B,bachelor degree,free/reduced,TRUE,,6.5,80,63,51,public,TRUE
4621,female,group A,associate degree,standard,FALSE,9,7.5,80,59,75,public,TRUE
4622,male,group C,some college,standard,FALSE,8.4,7.9,89,69,78,public,TRUE
4623,male,group C,associate degree,free/reduced,FALSE,6.8,7.9,58,54,55,public,TRUE
4624,female,group E,high school,free/reduced,TRUE,13.4,8.3,66,67,82,public,
4625,male,group B,high school,free/reduced,FALSE,18,6.3,100,84,44,public,TRUE
4626,female,group E,some college,standard,FALSE,4.1,6.7,72,83,57,international,TRUE
4627,male,group B,high school,standard,FALSE,9.9,8.8,68,75,84,public,TRUE
4628,male,group B,,standard,FALSE,11.9,8.7,89,78,86,public,TRUE
4629,female,group B,some college,standard,FALSE,12.4,,86,57,63,public,TRUE
4630,female,group B,high school,free/reduced,TRUE,12.8,,93,,37,public,TRUE
4631,female,group E,master degree,standard,FALSE,11.9,6.7,65,75,68,private,TRUE
4632,female,group B,bachelor degree,standard,TRUE,13.9,7.1,64,71,78,public,TRUE
4633,female,group B,some college,free/reduced,TRUE,10.9,6.9,81,77,84,private,TRUE
4634,male,group B,high school,standard,FALSE,11.6,8.3,61,45,77,public,TRUE
4635,female,group A,some college,free/reduced,FALSE,16.4,9,97,87,85,private,TRUE
4636,male,group B,high school,standard,TRUE,16.5,6.7,87,69,100,public,TRUE
4637,male,group A,high school,free/reduced,FALSE,,7.1,67,77,66,public,FALSE
4638,male,group B,bachelor degree,standard,FALSE,11.9,5.8,70,50,64,public,TRUE
4639,male,group D,some college,free/reduced,TRUE,20.9,5.8,59,51,54,private,TRUE
4640,male,group C,high school,standard,TRUE,4.9,8,49,72,64,private,TRUE
4641,female,group B,high school,standard,FALSE,12.3,5.9,75,24,59,public,TRUE
4642,female,group C,some college,standard,FALSE,4.9,8.3,72,80,44,public,TRUE
4643,male,group C,high school,standard,TRUE,15.7,7.7,50,70,67,public,TRUE
4644,female,group E,bachelor degree,standard,TRUE,16,9.5,76,,70,private,TRUE
4645,male,group E,associate degree,standard,FALSE,14.2,6.2,66,87,83,public,TRUE
4646,female,group E,some college,standard,FALSE,,8.1,67,63,64,public,TRUE
4647,male,group D,high school,standard,FALSE,4.5,7.9,71,59,37,public,TRUE
4648,male,group B,some college,,TRUE,,7.7,59,80,43,public,TRUE
4649,male,group C,bachelor degree,standard,FALSE,1,,59,50,51,international,TRUE
4650,female,group C,high school,standard,TRUE,12,7.2,84,72,,private,TRUE
4651,female,group B,bachelor degree,standard,FALSE,15.3,8.7,68,80,87,private,TRUE
4652,female,group D,high school,standard,FALSE,3.2,9.4,93,,100,international,FALSE
4653,male,group A,associate degree,free/reduced,TRUE,13.6,8.3,68,78,60,public,TRUE
4654,female,group D,high school,standard,TRUE,8.4,7.6,85,100,73,private,TRUE
4655,female,group D,some college,,TRUE,8.6,6.6,60,60,66,public,TRUE
4656,female,group A,associate degree,free/reduced,TRUE,6.5,6.7,47,66,65,international,TRUE
4657,female,group A,bachelor degree,standard,TRUE,14.6,7.6,72,62,57,public,TRUE
4658,male,group C,bachelor degree,standard,TRUE,15,7.7,65,54,67,international,
4659,male,group D,associate degree,free/reduced,FALSE,13.9,8.5,72,76,42,public,TRUE
4660,male,group C,high school,standard,FALSE,7.4,9.5,54,67,84,public,TRUE
4661,female,group D,high school,free/reduced,FALSE,8.4,7.1,62,78,51,international,TRUE
4662,female,group D,bachelor degree,standard,TRUE,10.5,5.8,76,69,82,public,TRUE
4663,male,group E,associate degree,,FALSE,0,6.8,59,76,54,public,TRUE
4664,male,group C,master degree,free/reduced,FALSE,3.9,8.5,85,70,68,public,TRUE
4665,male,group E,master degree,,FALSE,14.9,8,71,79,54,public,TRUE
4666,male,group E,,standard,TRUE,5.4,5.4,50,90,66,public,TRUE
4667,male,group C,,free/reduced,FALSE,6.8,7.7,40,63,57,private,TRUE
4668,female,group E,,standard,TRUE,3.7,8.1,77,42,74,private,FALSE
4669,female,group B,some college,standard,FALSE,8.9,7.9,99,78,45,international,TRUE
4670,female,group D,associate degree,free/reduced,TRUE,6.7,7.2,53,69,70,public,TRUE
4671,male,group B,some college,free/reduced,FALSE,,6.6,65,76,58,public,TRUE
4672,female,group E,high school,free/reduced,FALSE,9.1,8.7,64,89,73,private,TRUE
4673,female,group B,some college,free/reduced,FALSE,,7.4,57,85,70,public,TRUE
4674,male,group E,some college,standard,FALSE,6.3,8.4,92,71,78,public,TRUE
4675,male,group B,bachelor degree,standard,TRUE,10.5,6.4,66,76,63,international,TRUE
4676,male,group B,high school,standard,FALSE,25.2,7.7,40,76,67,public,TRUE
4677,male,group C,high school,standard,FALSE,13.3,6.8,63,55,68,international,TRUE
4678,male,group C,bachelor degree,free/reduced,TRUE,2.4,6.6,61,60,50,public,TRUE
4679,female,group B,master degree,free/reduced,FALSE,6,7.4,79,48,53,public,FALSE
4680,male,group B,,standard,TRUE,7.6,5.7,100,88,61,private,TRUE
4681,female,group E,high school,free/reduced,TRUE,3.4,6.1,76,81,66,public,TRUE
4682,male,group C,some college,standard,TRUE,9,7.2,65,92,78,public,FALSE
4683,male,group B,high school,standard,FALSE,14,7,58,60,64,private,TRUE
4684,female,group D,high school,free/reduced,FALSE,7.8,5.2,65,60,88,private,TRUE
4685,female,group E,some college,standard,TRUE,11.8,6.7,34,62,76,public,TRUE
4686,female,group B,bachelor degree,free/reduced,TRUE,0.4,7.6,38,54,55,public,TRUE
4687,male,group B,high school,standard,FALSE,10,5,75,84,35,public,TRUE
4688,female,group C,associate degree,standard,TRUE,6.4,,82,75,81,international,TRUE
4689,female,group C,high school,standard,FALSE,9.4,7,56,76,70,public,TRUE
4690,female,group C,some college,standard,FALSE,16.1,6.9,64,84,81,public,TRUE
4691,female,group B,associate degree,free/reduced,FALSE,9.5,7,57,80,62,private,TRUE
4692,male,group C,bachelor degree,standard,TRUE,,8.5,84,80,,international,FALSE
4693,male,group A,associate degree,standard,FALSE,9.9,7.9,78,84,76,private,TRUE
4694,female,group E,high school,standard,TRUE,9.8,9.3,59,50,81,private,TRUE
4695,female,group C,bachelor degree,standard,TRUE,0.6,6.4,66,,100,public,TRUE
4696,male,group C,associate degree,free/reduced,FALSE,12.5,8.1,65,45,91,public,TRUE
4697,female,group B,bachelor degree,,FALSE,2.3,8.3,55,47,48,private,TRUE
4698,male,group B,associate degree,standard,FALSE,10.6,8,78,89,53,public,TRUE
4699,female,group E,some college,standard,FALSE,7.8,4.8,44,81,85,public,TRUE
4700,male,group D,high school,standard,FALSE,4.4,7.6,65,80,70,international,
4701,female,group D,master degree,standard,TRUE,15.8,6.2,84,66,56,private,TRUE
4702,female,group C,some college,free/reduced,TRUE,12.2,7.9,89,59,67,public,TRUE
4703,male,group B,high school,standard,TRUE,4,7.1,82,60,62,public,TRUE
4704,female,group B,high school,free/reduced,FALSE,10,8,70,88,80,public,TRUE
4705,male,group D,high school,standard,TRUE,15.5,7.6,67,84,,international,TRUE
4706,male,group A,associate degree,free/reduced,TRUE,6.7,5.8,71,97,59,private,TRUE
4707,female,group B,high school,standard,FALSE,,7,68,84,83,international,TRUE
4708,male,group A,,free/reduced,FALSE,8.8,7.3,61,60,94,public,TRUE
4709,male,group E,bachelor degree,free/reduced,TRUE,14.8,8.6,100,68,62,public,TRUE
4710,male,group D,high school,standard,TRUE,15.3,7.3,50,84,55,public,TRUE
4711,male,group A,associate degree,standard,FALSE,19.2,6.6,78,60,87,public,TRUE
4712,female,group D,high school,,FALSE,10.4,7.3,69,51,89,international,TRUE
4713,female,group E,master degree,standard,FALSE,11.6,,79,67,64,international,TRUE
4714,female,group C,master degree,free/reduced,FALSE,12.8,9,58,93,62,private,TRUE
4715,female,group C,master degree,standard,FALSE,3.5,6.1,68,65,67,public,TRUE
4716,male,group C,some college,free/reduced,TRUE,18.9,6.8,68,67,84,public,TRUE
4717,female,group D,high school,standard,FALSE,11,3.9,76,79,66,international,TRUE
4718,male,group A,high school,standard,FALSE,8.5,6.4,61,76,81,public,TRUE
4719,female,group C,bachelor degree,standard,FALSE,10.8,,81,69,60,public,TRUE
4720,male,group E,associate degree,free/reduced,FALSE,,4.9,92,59,92,public,TRUE
4721,male,group B,associate degree,standard,TRUE,7.1,5.4,80,69,68,international,TRUE
4722,female,group B,high school,free/reduced,FALSE,1.5,9.2,65,85,54,public,TRUE
4723,female,group A,high school,standard,TRUE,,8,87,83,100,public,TRUE
4724,male,group B,master degree,free/reduced,TRUE,9.6,3.3,58,76,73,international,TRUE
4725,male,group B,some college,free/reduced,FALSE,2.6,6.1,69,,81,private,
4726,female,group A,bachelor degree,standard,TRUE,9.1,9.2,82,44,66,public,TRUE
4727,female,group E,bachelor degree,standard,TRUE,4.9,5.3,78,31,81,public,TRUE
4728,male,group A,associate degree,standard,FALSE,0.5,6.4,73,61,60,public,TRUE
4729,female,group B,high school,standard,TRUE,13,6.8,88,,64,public,TRUE
4730,female,group C,associate degree,standard,TRUE,7.8,8.9,55,60,43,public,TRUE
4731,male,group E,bachelor degree,standard,TRUE,5.9,6.8,59,,48,public,TRUE
4732,male,group C,bachelor degree,standard,FALSE,13.7,6,70,46,62,public,TRUE
4733,male,group D,bachelor degree,standard,TRUE,14.3,6.7,81,71,74,public,TRUE
4734,male,group B,associate degree,standard,TRUE,2.6,7.8,94,86,79,private,TRUE
4735,male,group D,some college,standard,TRUE,14.3,8.1,65,91,51,public,TRUE
4736,male,group D,bachelor degree,standard,FALSE,9.3,6,73,67,,public,TRUE
4737,male,group D,associate degree,standard,FALSE,10.7,8,56,74,41,private,FALSE
4738,male,group B,master degree,standard,TRUE,7.3,6,52,68,43,public,FALSE
4739,male,group C,some college,standard,TRUE,14.8,6.9,52,65,99,public,TRUE
4740,female,group E,master degree,free/reduced,FALSE,3.4,7.6,68,52,68,public,FALSE
4741,male,group E,high school,free/reduced,TRUE,7.6,6.5,39,63,87,public,TRUE
4742,female,group C,some college,free/reduced,FALSE,,9.8,71,51,79,public,TRUE
4743,female,group B,associate degree,standard,FALSE,12.4,8.1,93,49,64,private,TRUE
4744,female,group C,associate degree,,TRUE,16.9,5.6,78,59,73,public,TRUE
4745,female,group D,bachelor degree,free/reduced,FALSE,11.2,7.5,65,72,44,public,TRUE
4746,male,group E,master degree,standard,FALSE,19.6,6.8,77,65,69,private,
4747,female,group B,bachelor degree,free/reduced,FALSE,3.1,7.2,61,90,60,public,TRUE
4748,male,group B,associate degree,standard,TRUE,5.5,6.8,59,57,72,public,TRUE
4749,male,group B,some college,free/reduced,FALSE,12.9,8,87,44,68,public,TRUE
4750,male,group B,bachelor degree,free/reduced,TRUE,0.6,,49,,64,international,TRUE
4751,male,group C,some college,standard,FALSE,14.1,6.2,71,74,55,international,FALSE
4752,male,group D,high school,free/reduced,FALSE,8.6,5.5,63,,71,public,TRUE
4753,male,group E,bachelor degree,standard,FALSE,7.2,8.3,57,,89,public,
4754,male,group E,high school,standard,FALSE,8.7,,78,77,31,international,TRUE
4755,male,group A,bachelor degree,standard,FALSE,8.9,7.6,79,,64,public,FALSE
4756,male,group C,master degree,free/reduced,FALSE,6.5,,64,83,73,public,TRUE
4757,female,group C,some college,standard,FALSE,9.7,7.7,61,81,65,international,TRUE
4758,male,group D,bachelor degree,standard,FALSE,10.5,7.2,81,50,72,private,TRUE
4759,female,group C,bachelor degree,standard,TRUE,16.1,6.5,61,,81,public,TRUE
4760,male,group B,associate degree,standard,FALSE,4.1,8.5,64,61,55,public,TRUE
4761,male,group B,,standard,FALSE,,4.4,70,56,63,public,TRUE
4762,female,group E,,free/reduced,TRUE,,5.1,69,83,64,public,TRUE
4763,male,group B,bachelor degree,standard,TRUE,11.2,6.1,82,49,75,public,TRUE
4764,male,group C,some college,free/reduced,FALSE,,6.4,58,66,69,public,TRUE
4765,male,group E,bachelor degree,standard,FALSE,7.2,6.1,44,81,55,private,FALSE
4766,male,group C,some college,standard,FALSE,13.1,4.7,68,,66,international,TRUE
4767,male,group B,high school,standard,TRUE,,,100,63,53,public,TRUE
4768,male,group E,,standard,TRUE,7.7,6.9,58,62,51,private,FALSE
4769,female,group C,,standard,TRUE,14.9,8.3,54,66,45,public,TRUE
4770,male,group C,high school,standard,TRUE,10.6,6.7,87,83,65,public,TRUE
4771,male,group D,bachelor degree,free/reduced,FALSE,12.9,,52,,64,private,TRUE
4772,male,group B,associate degree,free/reduced,FALSE,8.6,5.2,53,91,73,international,TRUE
4773,female,group B,high school,,TRUE,10.9,7.2,69,78,72,international,TRUE
4774,female,group C,,standard,FALSE,17.5,7,84,82,57,private,TRUE
4775,male,group E,,standard,FALSE,8.3,9.7,64,72,51,public,TRUE
4776,male,group C,some college,free/reduced,TRUE,3.5,6.1,52,87,41,private,TRUE
4777,female,group B,some college,free/reduced,TRUE,10.8,6.9,51,67,84,public,TRUE
4778,female,group C,,standard,TRUE,10.1,6.4,87,78,54,public,TRUE
4779,female,group C,bachelor degree,standard,TRUE,9.9,8.9,72,47,86,international,TRUE
4780,female,group B,high school,standard,FALSE,2.6,3.6,51,82,66,public,TRUE
4781,female,group B,,standard,TRUE,11.2,7.8,72,76,77,public,TRUE
4782,male,group B,bachelor degree,standard,TRUE,0,,53,88,50,public,TRUE
4783,male,group A,some college,free/reduced,FALSE,10.4,6.2,77,,62,public,TRUE
4784,male,group D,high school,free/reduced,FALSE,5.9,,73,79,71,public,TRUE
4785,male,group E,associate degree,standard,TRUE,10.4,7.9,64,69,69,public,TRUE
4786,female,group D,high school,free/reduced,FALSE,19.8,6.6,77,,46,public,TRUE
4787,female,group C,high school,free/reduced,FALSE,9.9,7.4,73,55,74,public,TRUE
4788,male,group D,high school,standard,FALSE,10.1,6.1,80,80,67,private,TRUE
4789,male,group B,,standard,TRUE,11.2,7.8,47,85,64,public,TRUE
4790,male,group E,,standard,TRUE,4.3,6.3,77,66,85,public,TRUE
4791,female,group B,associate degree,standard,TRUE,15.7,8.9,50,73,53,public,TRUE
4792,male,group D,high school,standard,FALSE,13.4,4.8,80,50,56,international,TRUE
4793,female,group E,bachelor degree,standard,FALSE,8.4,5,84,38,93,public,TRUE
4794,male,group C,some college,standard,FALSE,,7.7,64,22,49,public,TRUE
4795,male,group E,bachelor degree,standard,FALSE,4.6,6,64,85,97,public,TRUE
4796,female,group B,high school,standard,FALSE,3.5,5.7,88,64,71,private,TRUE
4797,male,group C,associate degree,standard,FALSE,12.5,6.2,59,55,44,private,TRUE
4798,male,group D,bachelor degree,free/reduced,FALSE,2.1,8.4,94,70,60,public,TRUE
4799,female,group D,some college,standard,TRUE,9.7,8.4,96,46,74,public,TRUE
4800,male,group A,associate degree,standard,TRUE,7.9,8.9,49,88,63,public,TRUE
4801,female,group C,high school,standard,FALSE,11.4,6.7,49,66,80,public,TRUE
4802,female,group C,bachelor degree,standard,TRUE,11.4,6.8,80,76,72,public,TRUE
4803,male,group A,bachelor degree,,FALSE,11.4,7.1,43,55,55,public,TRUE
4804,female,group B,high school,free/reduced,FALSE,7.2,5.8,46,,68,public,TRUE
4805,female,group B,high school,standard,TRUE,2.3,7.2,51,77,79,public,TRUE
4806,male,group D,high school,free/reduced,TRUE,13.4,4.5,67,,92,public,TRUE
4807,male,group D,high school,standard,FALSE,11.3,6,77,91,77,private,TRUE
4808,female,group E,,standard,TRUE,7.3,8.8,56,69,73,public,TRUE
4809,male,group D,some college,free/reduced,FALSE,6.1,6.4,68,74,81,public,TRUE
4810,female,group E,bachelor degree,standard,TRUE,14.5,6.9,75,63,78,public,TRUE
4811,male,group B,bachelor degree,standard,FALSE,10.8,8.3,87,90,68,public,FALSE
4812,male,group D,some college,standard,TRUE,14.7,8.9,82,76,84,public,TRUE
4813,male,group C,associate degree,standard,FALSE,9.4,7.9,74,79,88,public,
4814,male,group C,associate degree,standard,FALSE,6.6,8.8,65,84,80,public,TRUE
4815,female,group B,some college,free/reduced,TRUE,0,9.8,67,88,71,public,TRUE
4816,male,group E,high school,standard,FALSE,9.9,5.8,58,75,90,private,TRUE
4817,female,group D,,free/reduced,FALSE,16.3,,92,87,55,public,TRUE
4818,male,group C,master degree,standard,TRUE,4,9.2,68,87,44,public,TRUE
4819,female,group C,,standard,TRUE,11.6,5.3,94,75,66,private,TRUE
4820,male,group A,,standard,TRUE,10.6,9.5,59,81,67,public,TRUE
4821,female,group B,some college,free/reduced,TRUE,5.2,9.1,67,49,68,international,TRUE
4822,male,group C,bachelor degree,standard,TRUE,14.4,6.6,47,65,73,public,FALSE
4823,female,group C,high school,standard,FALSE,3.5,7.6,57,67,85,public,TRUE
4824,female,group A,,free/reduced,FALSE,20.4,7.2,65,75,64,public,TRUE
4825,female,group D,high school,free/reduced,TRUE,3.9,8.6,81,79,64,public,TRUE
4826,female,group C,master degree,standard,FALSE,10.9,6,84,66,80,public,FALSE
4827,male,group B,bachelor degree,standard,TRUE,,6,59,77,82,public,TRUE
4828,female,group B,associate degree,standard,TRUE,11.5,8,72,59,90,private,FALSE
4829,male,group C,,standard,TRUE,13.5,9.5,81,68,70,public,TRUE
4830,female,group B,associate degree,standard,FALSE,14.5,,91,99,76,public,FALSE
4831,male,group B,bachelor degree,standard,FALSE,6.2,7.9,80,63,60,public,TRUE
4832,male,group D,,standard,FALSE,8.8,8.6,50,69,64,public,TRUE
4833,female,group D,associate degree,free/reduced,FALSE,13.2,6.3,57,71,75,private,TRUE
4834,female,group D,high school,free/reduced,TRUE,7.7,6.1,36,94,64,private,TRUE
4835,female,group A,,standard,TRUE,8.9,6.5,73,47,58,public,TRUE
4836,female,group A,some college,standard,FALSE,11.8,9,61,54,54,public,TRUE
4837,female,group E,master degree,standard,TRUE,11,6.8,78,95,72,private,TRUE
4838,female,group E,some college,standard,FALSE,14.4,7.5,75,90,55,international,TRUE
4839,female,group E,some college,free/reduced,TRUE,6.2,6.5,67,66,71,public,TRUE
4840,male,group C,bachelor degree,standard,TRUE,0,4.6,72,43,73,public,FALSE
4841,male,group A,high school,standard,TRUE,8.6,9.2,69,75,77,private,TRUE
4842,male,group C,associate degree,standard,FALSE,12.8,7,60,60,57,public,TRUE
4843,female,group C,some college,standard,FALSE,3.6,7.7,96,60,61,public,TRUE
4844,female,group E,associate degree,standard,TRUE,10.9,9.4,73,65,85,international,TRUE
4845,male,group B,associate degree,free/reduced,FALSE,,8.4,63,76,90,public,FALSE
4846,female,group D,bachelor degree,standard,TRUE,14.2,7.1,61,91,84,public,FALSE
4847,female,group A,associate degree,standard,TRUE,0,6.1,77,65,45,private,TRUE
4848,female,group E,bachelor degree,free/reduced,FALSE,5.9,,100,67,75,private,TRUE
4849,male,group A,high school,free/reduced,TRUE,12.2,6.8,71,59,64,international,TRUE
4850,male,group D,bachelor degree,free/reduced,FALSE,7,4.8,70,67,64,private,TRUE
4851,female,group B,high school,standard,TRUE,,6.3,68,59,93,international,TRUE
4852,male,group B,,,FALSE,10.8,7,71,44,84,private,TRUE
4853,male,group A,bachelor degree,standard,FALSE,4,,73,97,49,public,TRUE
4854,female,group A,associate degree,free/reduced,FALSE,10.6,5.5,56,61,79,private,TRUE
4855,male,group D,some college,free/reduced,FALSE,9.2,8.6,70,89,90,public,TRUE
4856,female,group E,associate degree,standard,FALSE,15,,61,75,95,public,TRUE
4857,male,group A,some college,,TRUE,11.1,4.4,76,82,77,public,TRUE
4858,male,group C,master degree,free/reduced,FALSE,6.7,8.5,57,59,62,private,TRUE
4859,female,group D,some college,standard,TRUE,4.9,5.8,76,65,70,public,FALSE
4860,male,group D,high school,standard,TRUE,9.9,6.8,60,81,65,public,TRUE
4861,male,group C,bachelor degree,standard,TRUE,14.6,5.9,87,63,69,private,TRUE
4862,male,group D,high school,standard,TRUE,5.8,7.8,75,75,42,private,TRUE
4863,male,group B,bachelor degree,standard,TRUE,7,5.7,56,62,75,international,FALSE
4864,female,group D,some college,standard,FALSE,19.1,4.6,79,63,75,public,FALSE
4865,female,group E,,free/reduced,TRUE,9.7,8.9,49,84,89,public,TRUE
4866,female,group C,associate degree,free/reduced,FALSE,14.9,3.3,77,87,47,private,TRUE
4867,female,group B,,standard,FALSE,17,6.9,59,77,57,public,TRUE
4868,male,group B,some college,standard,FALSE,10.5,7.9,71,72,88,public,TRUE
4869,male,group C,master degree,standard,FALSE,6.3,8.8,89,71,79,public,TRUE
4870,male,group A,high school,standard,TRUE,0,5.4,88,100,79,international,FALSE
4871,male,group A,high school,standard,FALSE,13.4,6.9,65,63,63,public,TRUE
4872,female,group C,high school,standard,TRUE,0.3,5.6,60,75,70,public,TRUE
4873,female,group A,high school,standard,TRUE,7.4,6.1,70,62,62,public,TRUE
4874,male,group C,bachelor degree,free/reduced,FALSE,2.2,9.2,85,55,49,public,TRUE
4875,female,group E,,free/reduced,FALSE,10.9,9.4,56,58,79,international,TRUE
4876,male,group E,,standard,TRUE,11.3,5.4,74,85,61,public,TRUE
4877,female,group D,high school,standard,TRUE,11.7,7,59,63,83,private,TRUE
4878,male,group C,some college,free/reduced,TRUE,10.5,7.4,73,57,57,public,FALSE
4879,male,group E,bachelor degree,free/reduced,FALSE,1.1,6.7,63,82,70,international,TRUE
4880,male,group B,some college,standard,TRUE,4.4,4.5,81,83,79,private,TRUE
4881,male,group D,bachelor degree,free/reduced,TRUE,14.4,7.7,78,74,67,public,TRUE
4882,female,group D,,standard,TRUE,1.9,9,60,86,86,public,TRUE
4883,male,group B,high school,standard,FALSE,3.2,,81,74,75,private,TRUE
4884,male,group D,master degree,standard,TRUE,11.7,4.4,71,72,79,public,TRUE
4885,female,group C,associate degree,standard,FALSE,12.3,7.2,63,79,76,public,TRUE
4886,male,group B,bachelor degree,standard,TRUE,12.7,7.4,59,73,59,public,TRUE
4887,male,group A,associate degree,standard,TRUE,13,9.4,93,63,77,public,TRUE
4888,female,group B,associate degree,free/reduced,FALSE,2.3,6.3,88,80,50,public,TRUE
4889,female,group B,associate degree,standard,FALSE,9.5,8.6,76,100,59,public,
4890,male,group C,associate degree,standard,TRUE,8.5,6.3,48,,83,private,
4891,male,group D,some college,standard,FALSE,4.4,6.1,61,68,41,public,TRUE
4892,male,group C,high school,standard,FALSE,14.1,6.8,52,78,77,public,TRUE
4893,female,group B,bachelor degree,standard,TRUE,1.8,,67,71,73,private,TRUE
4894,female,group A,some college,free/reduced,TRUE,8.9,7.9,42,65,84,international,TRUE
4895,male,group C,bachelor degree,standard,TRUE,14.9,6.4,54,82,64,public,TRUE
4896,female,group B,bachelor degree,free/reduced,TRUE,8.1,6.3,72,55,72,public,TRUE
4897,male,group E,bachelor degree,free/reduced,TRUE,12.6,8.2,64,69,72,public,TRUE
4898,female,group B,bachelor degree,standard,TRUE,5.7,6.3,50,,85,international,TRUE
4899,male,group C,bachelor degree,standard,TRUE,6.1,6.7,63,63,72,public,TRUE
4900,male,group A,some college,standard,FALSE,,7.3,75,62,59,public,TRUE
4901,female,group B,associate degree,free/reduced,TRUE,2.9,5.8,94,60,78,public,TRUE
4902,male,group E,bachelor degree,standard,FALSE,4.9,6,83,58,57,international,TRUE
4903,female,group D,high school,standard,TRUE,10.6,8.8,57,81,76,international,TRUE
4904,female,group A,associate degree,standard,TRUE,15.6,8.6,77,92,60,public,TRUE
4905,male,group B,high school,standard,FALSE,2.7,6.1,56,61,45,international,TRUE
4906,male,group E,associate degree,free/reduced,TRUE,,8.4,63,83,68,public,TRUE
4907,male,group C,high school,free/reduced,TRUE,16.1,6.1,59,82,79,public,TRUE
4908,female,group D,associate degree,standard,FALSE,15.5,3.9,67,72,68,private,TRUE
4909,female,group E,some college,free/reduced,FALSE,0,6.8,68,79,63,public,TRUE
4910,male,group E,high school,standard,FALSE,12.8,6.1,65,66,66,private,TRUE
4911,male,group D,high school,,TRUE,12.7,,72,82,73,public,TRUE
4912,male,group B,,standard,TRUE,8.5,6.8,63,58,53,public,TRUE
4913,female,group D,bachelor degree,standard,FALSE,18.7,9.3,76,70,65,private,TRUE
4914,female,group B,associate degree,free/reduced,TRUE,8.9,6.5,64,69,58,public,TRUE
4915,female,group A,,standard,TRUE,18.2,5.1,36,68,79,public,TRUE
4916,male,group C,associate degree,standard,TRUE,6.6,5.2,68,76,51,private,TRUE
4917,male,group E,some college,standard,FALSE,9,9.8,53,75,78,public,TRUE
4918,male,group C,associate degree,free/reduced,TRUE,3.3,5.7,53,68,64,public,TRUE
4919,female,group D,bachelor degree,standard,FALSE,0,6.6,80,66,95,public,TRUE
4920,female,group E,some college,free/reduced,FALSE,12.6,7.4,65,81,54,public,TRUE
4921,male,group E,high school,free/reduced,FALSE,7.7,,92,67,74,public,TRUE
4922,male,group E,high school,free/reduced,TRUE,10.5,8.1,100,76,97,public,TRUE
4923,male,group C,high school,standard,FALSE,9.6,6.3,95,76,84,public,TRUE
4924,male,group D,some college,free/reduced,FALSE,16.5,7.1,66,68,85,international,
4925,male,group D,high school,free/reduced,TRUE,12.6,9.1,83,67,80,public,TRUE
4926,male,group C,high school,free/reduced,FALSE,5.2,7.7,72,74,53,private,TRUE
4927,female,group E,master degree,standard,TRUE,9.2,7.4,71,91,,public,FALSE
4928,male,group B,some college,standard,FALSE,2.9,7.2,66,80,74,public,TRUE
4929,male,group B,high school,free/reduced,FALSE,9.5,6.3,55,86,59,public,TRUE
4930,male,group D,bachelor degree,standard,TRUE,15.4,9.8,76,82,81,public,TRUE
4931,female,group B,bachelor degree,standard,TRUE,5.9,8,55,52,52,public,FALSE
4932,female,group D,bachelor degree,standard,FALSE,12.4,4.5,76,83,78,public,FALSE
4933,male,group D,some college,standard,FALSE,1.3,6.8,41,67,67,public,TRUE
4934,male,group E,master degree,free/reduced,TRUE,13.1,4.6,69,85,,public,TRUE
4935,female,group A,,standard,FALSE,9.6,,75,,100,public,TRUE
4936,male,group C,high school,standard,TRUE,11,7.7,50,45,66,private,TRUE
4937,female,group B,bachelor degree,standard,FALSE,7.9,8.8,50,,62,public,TRUE
4938,male,group B,some college,standard,TRUE,6.3,7.3,67,56,61,public,FALSE
4939,male,group E,high school,standard,TRUE,10.7,6.8,68,53,58,private,TRUE
4940,male,group E,bachelor degree,standard,FALSE,9.1,,86,,78,public,TRUE
4941,male,group D,high school,standard,FALSE,9,6.1,60,71,57,public,TRUE
4942,female,group A,high school,free/reduced,FALSE,6.8,,55,100,61,public,FALSE
4943,male,group A,high school,free/reduced,TRUE,15.8,9,93,75,81,private,
4944,male,group B,high school,standard,FALSE,15.1,6.2,47,65,74,public,TRUE
4945,female,group C,bachelor degree,standard,FALSE,19.1,4.1,70,85,65,public,TRUE
4946,female,group E,associate degree,,FALSE,10.1,7.4,79,81,63,public,TRUE
4947,female,group D,some college,standard,FALSE,17.4,6.3,50,74,68,public,TRUE
4948,male,group C,,standard,FALSE,10.8,7.4,73,67,43,private,FALSE
4949,male,group A,associate degree,free/reduced,TRUE,10.3,7.2,72,67,57,private,TRUE
4950,male,group C,associate degree,standard,TRUE,2.4,8.2,73,69,71,public,TRUE
4951,female,group B,high school,standard,TRUE,14.2,6.9,63,85,82,public,FALSE
4952,male,group B,,standard,TRUE,14,,79,67,76,public,TRUE
4953,male,group C,high school,standard,TRUE,8.9,8.7,69,60,60,private,TRUE
4954,male,group D,,standard,TRUE,10.7,9,88,79,64,public,TRUE
4955,female,group E,bachelor degree,standard,FALSE,11.1,7.3,65,51,100,public,
4956,male,group D,master degree,standard,FALSE,3.9,,78,,,private,TRUE
4957,female,group C,,free/reduced,FALSE,4,6.3,76,67,75,international,TRUE
4958,female,group A,some college,standard,TRUE,6.2,5.9,65,43,67,private,TRUE
4959,male,group C,bachelor degree,standard,FALSE,,7.9,51,92,62,private,TRUE
4960,male,group B,associate degree,free/reduced,TRUE,8.6,9.4,67,61,69,public,TRUE
4961,female,group C,associate degree,free/reduced,TRUE,12.4,8.4,100,71,90,international,TRUE
4962,female,group A,master degree,free/reduced,TRUE,2.9,5.6,88,66,86,international,TRUE
4963,female,group B,some college,standard,TRUE,18.2,9.6,87,49,41,public,TRUE
4964,male,group B,,standard,TRUE,7.3,5.1,45,79,94,public,TRUE
4965,male,group A,some college,standard,FALSE,,7.1,71,73,70,public,TRUE
4966,female,group D,high school,free/reduced,FALSE,9,8.9,71,,74,public,TRUE
4967,female,group B,bachelor degree,standard,FALSE,11.7,,97,93,92,private,TRUE
4968,female,group E,high school,standard,FALSE,11.4,7.9,65,87,47,public,TRUE
4969,female,group C,bachelor degree,standard,FALSE,0,5.4,55,68,100,public,TRUE
4970,female,group C,bachelor degree,standard,FALSE,9.1,9.3,65,93,89,international,TRUE
4971,female,group B,some college,standard,FALSE,17.7,5.6,56,64,58,public,TRUE
4972,male,group A,master degree,free/reduced,FALSE,10,4.8,73,83,75,public,TRUE
4973,female,group C,bachelor degree,standard,TRUE,11.1,5.6,77,100,61,public,FALSE
4974,male,group B,associate degree,free/reduced,FALSE,10,7.8,73,85,64,public,TRUE
4975,female,group E,some college,free/reduced,FALSE,15.6,9.5,75,,53,public,TRUE
4976,male,group B,some college,,TRUE,7.1,9.3,53,70,79,public,TRUE
4977,male,group E,some college,standard,FALSE,0.6,4.1,79,60,72,public,TRUE
4978,female,group C,bachelor degree,standard,FALSE,11.2,7.1,54,100,73,private,TRUE
4979,male,group E,some college,standard,FALSE,15.5,9.1,67,58,90,public,TRUE
4980,female,group C,bachelor degree,standard,FALSE,13.7,6.9,64,74,62,private,TRUE
4981,male,group E,high school,standard,FALSE,15,7.8,79,79,66,public,TRUE
4982,female,group B,master degree,standard,TRUE,7.2,8.2,92,80,84,international,TRUE
4983,female,group B,bachelor degree,standard,TRUE,9,7.7,81,85,61,public,TRUE
4984,male,group C,associate degree,free/reduced,FALSE,12.5,9.7,57,70,74,private,TRUE
4985,male,group A,some college,free/reduced,FALSE,11.2,6.8,74,,69,public,TRUE
4986,male,group C,some college,free/reduced,FALSE,3.4,5.9,77,83,79,private,FALSE
4987,female,group B,some college,free/reduced,FALSE,5.3,7.2,84,79,73,public,TRUE
4988,female,group C,high school,free/reduced,TRUE,12.2,7,100,86,36,public,TRUE
4989,female,group E,some college,free/reduced,FALSE,7.6,6.1,67,60,66,public,TRUE
4990,male,group C,high school,standard,FALSE,7.5,6.8,71,53,76,public,TRUE
4991,female,group A,,free/reduced,FALSE,8.4,6.2,73,80,68,international,TRUE
4992,female,group D,high school,standard,FALSE,5.7,5.4,64,72,77,private,TRUE
4993,female,group E,,standard,FALSE,5.4,9.6,67,66,52,public,TRUE
4994,male,group E,associate degree,standard,TRUE,8.4,9.5,50,75,78,public,TRUE
4995,female,group D,high school,standard,FALSE,13.5,,69,72,82,private,FALSE
4996,female,group D,bachelor degree,standard,FALSE,13.4,7.3,78,78,60,public,TRUE
4997,female,group A,master degree,standard,TRUE,3.8,6.5,64,52,75,public,TRUE
4998,female,group E,master degree,free/reduced,TRUE,5.1,6.8,60,80,,public,TRUE
4999,male,group D,high school,standard,FALSE,10,7.1,78,74,67,public,TRUE
5000,male,group E,associate degree,free/reduced,FALSE,7.5,6.6,76,83,34,private,TRUE
5001,female,group E,high school,free/reduced,TRUE,12.2,,69,42,66,public,TRUE
5002,male,group D,high school,free/reduced,TRUE,9.3,8.8,61,74,71,public,TRUE
5003,male,group A,associate degree,free/reduced,FALSE,11.1,5.6,68,86,,public,
5004,male,group A,associate degree,free/reduced,TRUE,11.4,7,55,70,68,public,TRUE
5005,female,group E,bachelor degree,standard,FALSE,6.8,7.1,63,63,99,public,FALSE
5006,female,group D,some college,standard,FALSE,9.9,,65,,80,public,TRUE
5007,female,group C,associate degree,standard,FALSE,13,7,95,80,73,public,TRUE
5008,male,group C,some college,standard,FALSE,13.8,6.7,85,76,69,public,FALSE
5009,female,group C,high school,standard,TRUE,8,6.7,75,74,53,private,TRUE
5010,female,group B,associate degree,standard,FALSE,,7.8,43,53,93,international,TRUE
5011,female,group D,bachelor degree,standard,FALSE,8.8,6.9,82,55,66,international,TRUE
5012,male,group E,,standard,TRUE,8.7,5.9,90,95,73,public,TRUE
5013,female,group A,bachelor degree,free/reduced,TRUE,11.4,8.7,57,64,93,public,FALSE
5014,male,group E,,standard,TRUE,12,7.4,77,47,,public,TRUE
5015,male,group A,bachelor degree,standard,FALSE,22.2,7.7,59,63,67,public,TRUE
5016,female,group C,associate degree,free/reduced,TRUE,2.9,5.7,37,65,91,public,TRUE
5017,male,group B,some college,free/reduced,TRUE,5.9,7.5,61,74,54,public,
5018,female,group B,bachelor degree,standard,FALSE,5.6,7.9,69,67,48,public,TRUE
5019,female,group D,master degree,standard,TRUE,13,6.5,76,71,78,public,TRUE
5020,female,group E,high school,standard,TRUE,12.9,,77,65,77,private,TRUE
5021,male,group B,bachelor degree,standard,FALSE,14.6,6.5,100,49,100,private,TRUE
5022,male,group B,,standard,FALSE,4,6.8,63,86,100,public,TRUE
5023,male,group E,high school,free/reduced,TRUE,5.8,,53,74,66,public,TRUE
5024,male,group D,bachelor degree,standard,FALSE,11.6,6.2,72,,88,public,TRUE
5025,male,group D,master degree,standard,FALSE,8.1,7.7,71,83,83,public,FALSE
5026,male,group C,some college,standard,TRUE,10,8.2,64,74,87,public,FALSE
5027,female,group C,master degree,standard,TRUE,,7.7,79,93,82,public,TRUE
5028,male,group C,high school,free/reduced,FALSE,18.4,8.7,55,47,82,private,TRUE
5029,female,group E,some college,standard,TRUE,11,6.5,73,77,50,public,FALSE
5030,male,group A,bachelor degree,standard,TRUE,10.5,8.5,96,54,52,public,TRUE
5031,male,group D,some college,free/reduced,TRUE,12.3,,91,75,77,public,TRUE
5032,female,group C,bachelor degree,standard,FALSE,,7.3,96,66,47,public,TRUE
5033,female,group B,,standard,FALSE,17.9,7.1,84,48,73,private,TRUE
5034,male,group C,bachelor degree,free/reduced,FALSE,6.5,6.8,89,84,79,private,TRUE
5035,male,group E,bachelor degree,free/reduced,FALSE,2.2,6.2,75,37,83,public,TRUE
5036,female,group B,some college,standard,FALSE,,7,95,67,76,public,TRUE
5037,female,group B,some college,free/reduced,TRUE,11.6,10.6,50,64,65,international,FALSE
5038,female,group C,high school,standard,TRUE,,7.1,44,77,53,public,TRUE
5039,male,group D,associate degree,free/reduced,TRUE,5.6,8.8,89,74,76,public,TRUE
5040,male,group B,high school,standard,FALSE,2.3,5.9,59,,76,public,TRUE
5041,male,group D,high school,,TRUE,9.1,7.4,71,67,63,public,TRUE
5042,female,group B,,standard,TRUE,13.5,7.1,71,69,77,public,TRUE
5043,male,group A,master degree,standard,TRUE,4.7,10,85,79,75,public,TRUE
5044,male,group C,bachelor degree,standard,FALSE,12.6,7.3,61,68,84,private,TRUE
5045,male,group D,associate degree,free/reduced,FALSE,8.5,8.2,56,73,70,public,FALSE
5046,male,group B,,free/reduced,TRUE,2.4,6.4,78,88,51,public,TRUE
5047,male,group D,some college,standard,FALSE,,6.4,97,84,82,private,TRUE
5048,male,group C,some college,standard,FALSE,9.3,4.8,65,64,86,public,TRUE
5049,female,group C,high school,free/reduced,FALSE,11.7,7.6,82,82,79,public,FALSE
5050,female,group B,high school,,TRUE,10.7,5.1,82,,88,public,TRUE
5051,male,group A,bachelor degree,free/reduced,FALSE,6.2,9.2,75,73,,international,TRUE
5052,male,group B,,free/reduced,FALSE,8.4,6.8,68,75,52,private,TRUE
5053,female,group E,some college,free/reduced,TRUE,8.9,6.5,50,68,74,private,TRUE
5054,male,group D,bachelor degree,standard,FALSE,,7.7,61,71,98,private,TRUE
5055,male,group E,,standard,TRUE,14.4,8.2,95,64,76,international,TRUE
5056,female,group A,high school,standard,TRUE,9.4,7,64,70,68,private,TRUE
5057,female,group E,high school,free/reduced,TRUE,0.9,6.1,93,79,78,private,TRUE
5058,male,group E,,standard,TRUE,8.6,8.5,84,56,58,public,FALSE
5059,male,group A,bachelor degree,standard,TRUE,3.3,6,76,39,80,public,TRUE
5060,male,group E,associate degree,standard,TRUE,8.8,7.5,100,83,84,private,TRUE
5061,female,group B,high school,standard,FALSE,8.4,6.5,51,69,70,public,TRUE
5062,female,group B,bachelor degree,,TRUE,1.7,9.3,86,71,100,public,TRUE
5063,male,group D,bachelor degree,free/reduced,TRUE,5.4,7.4,84,72,56,public,FALSE
5064,female,group D,high school,free/reduced,FALSE,10.5,7.5,71,70,47,public,TRUE
5065,male,group E,master degree,standard,FALSE,7,6.8,76,78,73,public,TRUE
5066,male,group A,bachelor degree,free/reduced,FALSE,6.9,8,79,62,73,public,TRUE
5067,female,group E,some college,standard,FALSE,8.2,6.4,93,,92,public,TRUE
5068,female,group D,,free/reduced,TRUE,6.7,7.8,71,63,83,public,TRUE
5069,male,group D,high school,standard,TRUE,9.1,7.6,64,74,59,public,TRUE
5070,female,group A,associate degree,standard,FALSE,6.7,8.8,56,100,59,international,TRUE
5071,male,group B,some college,standard,FALSE,,6.8,74,93,79,private,TRUE
5072,female,group A,bachelor degree,standard,TRUE,10.4,8.4,100,69,58,private,TRUE
5073,female,group B,some college,standard,FALSE,12.1,7.2,68,96,52,public,FALSE
5074,male,group C,high school,free/reduced,TRUE,2.1,9.3,62,71,38,public,FALSE
5075,female,group D,bachelor degree,free/reduced,FALSE,,7.7,74,77,66,private,TRUE
5076,male,group D,some college,standard,FALSE,8.5,5.8,65,43,69,public,TRUE
5077,female,group C,bachelor degree,free/reduced,TRUE,11.7,7.7,40,86,80,public,TRUE
5078,male,group D,some college,free/reduced,TRUE,10.4,8.7,65,88,68,public,TRUE
5079,female,group C,some college,standard,TRUE,11.9,7.2,66,74,53,public,TRUE
5080,female,group A,bachelor degree,standard,FALSE,11.3,6,77,64,77,public,TRUE
5081,male,group A,,standard,FALSE,,5.7,69,62,,public,TRUE
5082,male,group E,associate degree,free/reduced,FALSE,2.3,6.4,88,,85,international,TRUE
5083,female,group E,high school,free/reduced,FALSE,16.7,7,54,88,,public,TRUE
5084,female,group D,associate degree,standard,TRUE,11.1,6.6,72,78,94,public,TRUE
5085,female,group B,some college,standard,FALSE,11.3,6.4,80,81,59,public,TRUE
5086,female,group C,,standard,TRUE,12,5.3,49,60,54,public,TRUE
5087,female,group C,bachelor degree,standard,TRUE,13.3,7.3,100,75,74,public,TRUE
5088,female,group B,master degree,free/reduced,FALSE,7.5,8.7,75,65,34,private,TRUE
5089,female,group E,high school,standard,FALSE,11.6,6.1,71,81,68,public,TRUE
5090,female,group E,high school,standard,TRUE,9.8,,55,46,60,public,TRUE
5091,female,group C,associate degree,free/reduced,FALSE,15.2,8.6,58,74,74,public,TRUE
5092,male,group D,associate degree,standard,TRUE,7.4,6.2,83,80,,private,TRUE
5093,male,group D,high school,free/reduced,TRUE,11.7,7.1,56,93,63,public,TRUE
5094,female,group C,some college,free/reduced,TRUE,3.7,5.4,63,,72,public,TRUE
5095,female,group C,high school,standard,FALSE,,7.2,83,42,82,private,TRUE
5096,female,group C,high school,free/reduced,FALSE,10.4,7.6,90,81,96,public,FALSE
5097,female,group B,bachelor degree,standard,FALSE,6,5.4,100,100,67,international,
5098,female,group C,,standard,FALSE,7.5,5.8,62,63,86,public,TRUE
5099,female,group A,some college,free/reduced,FALSE,11.2,7.7,88,72,73,international,TRUE
5100,male,group E,high school,standard,FALSE,9.4,6.7,63,79,66,public,TRUE
5101,male,group C,bachelor degree,standard,FALSE,0.5,7.2,76,66,80,international,TRUE
5102,male,group C,associate degree,standard,FALSE,4.1,6.8,70,81,43,private,
5103,female,group C,,free/reduced,FALSE,7.9,5.6,74,58,80,private,TRUE
5104,female,group D,high school,free/reduced,FALSE,18.8,8,73,68,68,public,TRUE
5105,female,group A,high school,standard,TRUE,9.2,5.4,71,75,62,international,FALSE
5106,male,group E,high school,free/reduced,TRUE,10.4,8.9,55,81,65,public,TRUE
5107,male,group D,,standard,FALSE,13.6,7.2,57,85,64,international,TRUE
5108,female,group B,bachelor degree,standard,TRUE,,6.1,89,67,84,international,TRUE
5109,female,group D,master degree,free/reduced,FALSE,8.8,5.1,66,87,72,public,TRUE
5110,male,group B,master degree,standard,TRUE,9,6.9,77,75,75,public,TRUE
5111,male,group D,associate degree,free/reduced,FALSE,9.8,6.1,80,70,76,private,TRUE
5112,male,group B,some college,free/reduced,TRUE,10,8.3,82,78,78,public,TRUE
5113,male,group E,associate degree,standard,TRUE,,7.9,64,75,54,private,FALSE
5114,male,group D,high school,standard,FALSE,4.7,6.8,62,89,54,public,TRUE
5115,female,group E,high school,,FALSE,10,7,60,73,51,international,TRUE
5116,male,group C,bachelor degree,standard,TRUE,13.8,6.6,56,88,67,private,TRUE
5117,male,group C,high school,standard,FALSE,14.5,6.1,47,66,66,public,TRUE
5118,male,group B,some college,standard,TRUE,4.8,7.9,73,79,75,private,TRUE
5119,female,group B,,standard,FALSE,8.8,7.6,49,82,56,public,TRUE
5120,male,group B,,standard,TRUE,0,6.7,76,89,75,public,TRUE
5121,male,group B,high school,standard,FALSE,,6.4,62,60,74,private,TRUE
5122,male,group A,some college,free/reduced,FALSE,8.9,9.2,59,49,80,public,FALSE
5123,female,group D,high school,standard,TRUE,10.1,6,60,95,52,public,TRUE
5124,male,group C,,standard,FALSE,11.4,7.7,78,79,,public,TRUE
5125,male,group C,master degree,standard,TRUE,12.4,7.5,70,66,94,public,TRUE
5126,male,group A,master degree,free/reduced,TRUE,15.2,8,100,56,72,international,TRUE
5127,male,group B,associate degree,standard,TRUE,5.4,6.4,69,67,53,public,TRUE
5128,female,group C,high school,standard,FALSE,14.3,6.3,70,96,81,international,TRUE
5129,male,group A,bachelor degree,standard,FALSE,11.5,6,62,82,72,private,TRUE
5130,female,group B,bachelor degree,free/reduced,TRUE,17.4,5.4,74,63,54,private,TRUE
5131,female,group B,master degree,standard,TRUE,5.8,8.9,69,,60,public,TRUE
5132,female,group C,some college,standard,TRUE,2.7,,72,78,61,private,FALSE
5133,female,group D,high school,standard,FALSE,5.9,5.8,77,84,59,public,TRUE
5134,male,group B,master degree,standard,FALSE,,6.9,56,75,85,private,TRUE
5135,male,group B,some college,free/reduced,TRUE,13.6,8.8,87,57,72,private,TRUE
5136,female,group C,high school,standard,TRUE,1.7,7.9,51,82,88,public,TRUE
5137,female,group E,bachelor degree,standard,FALSE,12.4,7,99,78,96,public,TRUE
5138,female,group C,associate degree,standard,FALSE,8.5,7,76,71,64,public,TRUE
5139,female,group C,,standard,TRUE,13.5,8.7,69,64,69,public,TRUE
5140,male,group D,high school,standard,FALSE,,6.9,52,80,47,public,
5141,female,group A,high school,free/reduced,FALSE,8.3,9.9,29,86,67,international,TRUE
5142,female,group C,some college,standard,FALSE,9.5,8.8,90,73,66,public,TRUE
5143,male,group B,some college,free/reduced,TRUE,7.5,5.6,40,60,97,public,TRUE
5144,male,group C,master degree,standard,FALSE,10.4,5.5,75,67,100,public,TRUE
5145,male,group A,,standard,TRUE,10.4,7,81,74,60,international,TRUE
5146,male,group C,associate degree,standard,FALSE,7,6.5,65,,67,public,TRUE
5147,female,group B,associate degree,standard,TRUE,15.6,3.4,77,82,78,public,TRUE
5148,female,group C,bachelor degree,standard,FALSE,19,8.9,94,64,57,private,TRUE
5149,male,group C,associate degree,standard,FALSE,10.7,8.6,63,57,77,international,TRUE
5150,male,group C,high school,standard,TRUE,6.2,7.5,36,55,32,public,TRUE
5151,female,group C,,standard,FALSE,7.1,8.7,88,83,63,international,TRUE
5152,male,group E,high school,standard,FALSE,,,46,100,94,public,FALSE
5153,female,group C,master degree,standard,FALSE,6.3,6.4,31,66,70,public,TRUE
5154,female,group D,master degree,standard,FALSE,7.2,6.9,82,58,87,public,TRUE
5155,male,group A,some college,standard,TRUE,13.8,6.6,60,100,62,public,FALSE
5156,male,group E,bachelor degree,free/reduced,FALSE,13.6,7.9,82,,,private,TRUE
5157,female,group B,high school,standard,FALSE,7,8.5,44,72,69,public,TRUE
5158,female,group E,high school,standard,TRUE,2.3,8,80,85,63,public,TRUE
5159,female,group D,some college,free/reduced,TRUE,16.5,3.7,87,83,45,public,FALSE
5160,male,group C,bachelor degree,,FALSE,9.1,6.9,73,67,49,public,FALSE
5161,female,group B,,standard,FALSE,4.9,7.4,53,91,87,international,TRUE
5162,female,group B,some college,standard,FALSE,8.3,7.2,85,64,83,public,TRUE
5163,male,group E,some college,standard,FALSE,8.7,5.9,41,72,76,public,FALSE
5164,male,group C,associate degree,free/reduced,FALSE,5.5,7.4,88,65,100,international,TRUE
5165,female,group D,bachelor degree,free/reduced,FALSE,15.1,,63,86,70,international,TRUE
5166,male,group B,high school,standard,FALSE,6.9,6.1,54,77,74,public,TRUE
5167,female,group C,bachelor degree,standard,TRUE,7.6,6.9,76,53,82,public,TRUE
5168,male,group E,associate degree,free/reduced,FALSE,,5.4,89,52,87,international,
5169,male,group A,associate degree,standard,TRUE,16.3,6.3,100,78,100,private,TRUE
5170,male,group E,high school,free/reduced,TRUE,11.5,4.7,83,,78,public,TRUE
5171,male,group C,bachelor degree,standard,TRUE,9.5,6.4,75,,83,private,FALSE
5172,female,group E,some college,standard,FALSE,,5.4,74,77,66,international,TRUE
5173,female,group D,high school,free/reduced,FALSE,9.7,9.7,90,,53,public,TRUE
5174,male,group E,,standard,FALSE,19.2,4.8,82,64,62,public,TRUE
5175,male,group A,some college,free/reduced,TRUE,13.5,,84,,96,public,TRUE
5176,male,group B,associate degree,standard,FALSE,0,7.2,58,79,87,public,FALSE
5177,female,group D,some college,standard,FALSE,7.6,9.6,76,65,86,private,FALSE
5178,male,group D,some college,standard,FALSE,7.2,7.6,90,,100,public,TRUE
5179,male,group B,,standard,FALSE,13.5,6.4,100,72,73,public,TRUE
5180,female,group C,master degree,free/reduced,TRUE,,9.2,52,68,60,public,TRUE
5181,male,group D,associate degree,free/reduced,FALSE,15.5,7.7,66,87,74,public,TRUE
5182,female,group C,master degree,free/reduced,TRUE,9.7,7.4,52,86,83,public,TRUE
5183,male,group E,associate degree,standard,TRUE,2.8,6.5,67,98,95,public,TRUE
5184,male,group E,,standard,TRUE,10.6,8.9,83,58,59,private,TRUE
5185,female,group D,high school,free/reduced,FALSE,0.9,7.4,81,44,88,public,TRUE
5186,male,group E,some college,standard,FALSE,9.9,5.8,60,72,70,public,TRUE
5187,female,group C,associate degree,free/reduced,FALSE,13.8,6.6,45,62,75,public,TRUE
5188,female,group B,associate degree,standard,TRUE,,7.2,87,68,63,private,TRUE
5189,female,group E,high school,free/reduced,TRUE,6.8,8,59,82,77,private,TRUE
5190,male,group A,some college,standard,FALSE,6.9,9.1,86,58,67,public,TRUE
5191,male,group A,some college,standard,FALSE,7.9,8,77,72,57,public,TRUE
5192,female,group C,master degree,free/reduced,FALSE,4.8,,59,42,63,public,FALSE
5193,female,group D,associate degree,standard,FALSE,11.6,6,71,66,43,public,TRUE
5194,female,group E,some college,standard,TRUE,8.6,9.3,52,84,54,public,FALSE
5195,male,group E,some college,standard,FALSE,9.5,7.5,59,59,65,public,TRUE
5196,male,group B,some college,standard,FALSE,,6.5,81,,73,public,TRUE
5197,female,group C,associate degree,,FALSE,11.4,7.7,62,62,88,public,FALSE
5198,female,group D,associate degree,free/reduced,FALSE,2.9,9.1,56,79,67,private,TRUE
5199,female,group A,some college,standard,TRUE,5.8,6.4,62,76,61,public,TRUE
5200,female,group C,associate degree,free/reduced,TRUE,12.7,7.1,80,53,,international,TRUE
5201,male,group C,high school,standard,FALSE,14.8,6.7,94,73,60,public,
5202,male,group E,some college,standard,FALSE,,6.2,65,68,65,public,TRUE
5203,female,group D,some college,free/reduced,FALSE,1.6,6.3,99,45,99,public,TRUE
5204,male,group A,associate degree,standard,FALSE,12.4,5.7,36,66,72,public,FALSE
5205,female,group C,high school,standard,FALSE,,6.4,83,81,80,public,TRUE
5206,male,group E,,standard,TRUE,,7.1,61,60,54,public,TRUE
5207,male,group A,high school,standard,TRUE,13,8.1,82,94,81,private,TRUE
5208,female,group E,associate degree,standard,TRUE,14.3,5.2,60,58,67,public,TRUE
5209,female,group E,high school,free/reduced,FALSE,0,7.4,88,73,49,private,TRUE
5210,female,group E,some college,free/reduced,FALSE,,7.1,82,68,71,public,TRUE
5211,female,group C,some college,free/reduced,FALSE,16.3,7.9,80,64,70,public,FALSE
5212,male,group D,high school,standard,FALSE,8,6,77,46,,private,TRUE
5213,female,group E,some college,standard,TRUE,7.8,8.3,71,85,,public,TRUE
5214,male,group A,,standard,TRUE,3.9,,33,45,81,public,TRUE
5215,female,group C,some college,free/reduced,FALSE,8.3,8.2,81,68,74,public,TRUE
5216,male,group B,,free/reduced,TRUE,,7.8,79,67,63,public,TRUE
5217,female,group B,some college,standard,FALSE,0.3,5.3,78,83,80,public,TRUE
5218,female,group E,high school,free/reduced,TRUE,15.9,7.7,82,,81,public,FALSE
5219,male,group A,high school,standard,FALSE,11.4,7.9,100,80,87,public,FALSE
5220,female,group C,associate degree,standard,TRUE,10.4,5.8,69,79,81,public,TRUE
5221,female,group C,some college,free/reduced,FALSE,2.9,7.4,67,100,76,public,TRUE
5222,male,group E,associate degree,standard,FALSE,10.2,5.5,77,75,61,public,TRUE
5223,male,group A,master degree,standard,TRUE,12,,61,98,81,private,TRUE
5224,male,group C,some college,standard,FALSE,5.3,6.8,63,44,65,public,TRUE
5225,female,group A,some college,free/reduced,FALSE,11.3,,100,75,91,public,TRUE
5226,female,group C,,standard,TRUE,5.7,,74,68,57,public,TRUE
5227,male,group B,associate degree,standard,FALSE,,,81,82,65,private,TRUE
5228,male,group C,some college,standard,FALSE,0,,89,,78,public,TRUE
5229,female,group C,some college,standard,FALSE,8.8,6.8,85,78,,public,TRUE
5230,male,group D,high school,free/reduced,FALSE,9.3,9.3,61,82,100,public,TRUE
5231,female,group E,bachelor degree,standard,FALSE,8.8,4.6,59,81,60,public,TRUE
5232,female,group A,bachelor degree,standard,TRUE,,5.9,49,83,71,public,TRUE
5233,female,group E,master degree,free/reduced,TRUE,16,7.8,92,83,75,public,
5234,male,group D,high school,,FALSE,13.6,6,92,69,69,international,TRUE
5235,male,group B,,standard,FALSE,14.4,,71,56,71,public,FALSE
5236,female,group A,bachelor degree,free/reduced,TRUE,3.1,4.7,77,83,78,public,TRUE
5237,male,group D,associate degree,standard,TRUE,4.2,,61,47,69,private,TRUE
5238,female,group D,high school,standard,FALSE,7.1,6.1,83,97,63,public,TRUE
5239,female,group C,high school,standard,TRUE,11.7,7.6,55,73,92,public,TRUE
5240,female,group E,high school,standard,FALSE,17.2,9.6,98,74,53,private,TRUE
5241,female,group D,associate degree,standard,TRUE,12.1,8.2,53,80,76,public,TRUE
5242,male,group B,associate degree,standard,FALSE,10.6,7,85,73,76,public,TRUE
5243,male,group C,high school,standard,FALSE,,8.6,80,68,76,public,FALSE
5244,male,group B,,standard,FALSE,2.7,8.1,54,59,56,private,TRUE
5245,male,group C,some college,free/reduced,TRUE,26.1,6.7,61,64,78,public,TRUE
5246,female,group E,high school,standard,TRUE,12.4,7.9,83,58,53,public,TRUE
5247,female,group B,master degree,standard,TRUE,,5.1,84,81,62,public,TRUE
5248,female,group E,,standard,TRUE,9.2,7.2,66,94,72,private,TRUE
5249,female,group C,high school,free/reduced,FALSE,0,8.7,78,79,61,public,FALSE
5250,male,group C,associate degree,free/reduced,TRUE,10.7,8,56,86,42,public,TRUE
5251,male,group D,master degree,standard,TRUE,0,7.2,65,83,,public,TRUE
5252,male,group A,associate degree,standard,FALSE,7.9,7.4,74,68,73,international,TRUE
5253,male,group C,some college,standard,TRUE,6.7,9.9,74,,66,public,TRUE
5254,male,group E,,free/reduced,FALSE,14.8,6.8,88,70,56,public,TRUE
5255,male,group D,bachelor degree,standard,FALSE,10.4,7.4,51,,84,international,FALSE
5256,male,group C,associate degree,standard,TRUE,9.2,7.5,72,73,94,private,FALSE
5257,female,group B,some college,free/reduced,FALSE,,,79,85,75,private,TRUE
5258,female,group B,high school,free/reduced,FALSE,9.6,8.7,31,68,63,public,TRUE
5259,female,group E,some college,standard,TRUE,14.8,3.5,75,66,76,public,TRUE
5260,female,group E,high school,free/reduced,FALSE,12.4,7.8,60,70,64,public,TRUE
5261,female,group D,associate degree,standard,TRUE,8.7,7.5,68,55,59,public,TRUE
5262,female,group C,some college,standard,FALSE,8.1,5.2,66,54,73,public,TRUE
5263,female,group A,some college,standard,FALSE,8.4,7.8,71,71,94,private,TRUE
5264,female,group B,high school,standard,FALSE,19.9,5.2,81,91,73,international,FALSE
5265,male,group B,some college,standard,FALSE,3.2,7.7,44,78,63,public,TRUE
5266,male,group C,,standard,TRUE,12.2,5.3,96,80,94,public,TRUE
5267,male,group D,bachelor degree,standard,TRUE,13.3,7.5,64,82,66,public,TRUE
5268,male,group B,bachelor degree,free/reduced,FALSE,0.4,5.6,71,72,64,public,TRUE
5269,female,group E,bachelor degree,free/reduced,TRUE,16.1,8.9,54,84,75,public,TRUE
5270,female,group B,high school,standard,FALSE,5,7.8,70,,49,international,TRUE
5271,female,group C,,standard,TRUE,14.9,7.3,67,88,89,private,TRUE
5272,male,group D,high school,free/reduced,TRUE,1.4,7,50,37,71,public,TRUE
5273,female,group C,,standard,FALSE,15.7,6.4,77,75,63,public,TRUE
5274,female,group C,some college,standard,FALSE,11,7.5,48,69,73,public,TRUE
5275,male,group B,high school,standard,FALSE,16,8.8,70,81,66,public,FALSE
5276,female,group A,some college,free/reduced,FALSE,11.3,9,73,63,57,private,TRUE
5277,female,group E,high school,free/reduced,FALSE,5.5,5.2,89,66,56,public,TRUE
5278,female,group B,,free/reduced,TRUE,13,6.7,63,70,72,international,TRUE
5279,female,group A,associate degree,free/reduced,TRUE,5.2,5.8,55,,62,private,TRUE
5280,male,group E,high school,standard,FALSE,,5.9,64,81,64,international,TRUE
5281,female,group E,bachelor degree,standard,FALSE,11.7,7.5,55,83,57,public,FALSE
5282,female,group B,high school,standard,FALSE,8.4,8.6,48,78,69,public,TRUE
5283,female,group E,some college,,FALSE,14.7,7.8,48,75,79,public,TRUE
5284,male,group E,high school,standard,FALSE,3.2,8,66,64,70,public,TRUE
5285,female,group C,bachelor degree,standard,FALSE,13.4,6.9,86,61,57,private,TRUE
5286,male,group B,some college,free/reduced,FALSE,,6.9,77,74,59,public,FALSE
5287,male,group C,,standard,FALSE,,5.3,50,69,77,international,TRUE
5288,male,group E,high school,standard,FALSE,12,6.6,69,77,94,private,TRUE
5289,male,group B,high school,standard,TRUE,11.1,8,90,100,67,private,TRUE
5290,female,group A,high school,standard,FALSE,7.1,,87,88,78,public,FALSE
5291,male,group A,high school,standard,FALSE,12.2,7.1,67,85,79,international,TRUE
5292,male,group B,high school,standard,TRUE,12.3,8.2,95,56,77,public,TRUE
5293,male,group E,,free/reduced,FALSE,12.6,9.1,54,51,69,international,TRUE
5294,female,group C,high school,standard,TRUE,,7.6,97,52,80,private,TRUE
5295,male,group A,high school,standard,FALSE,11.7,6.8,88,,58,public,TRUE
5296,female,group C,associate degree,free/reduced,FALSE,,7.3,58,93,77,private,
5297,female,group E,some college,free/reduced,TRUE,15.9,6,100,66,65,public,TRUE
5298,female,group A,bachelor degree,free/reduced,FALSE,9.6,6,42,65,66,public,TRUE
5299,male,group C,some college,standard,FALSE,,7.9,67,67,74,public,TRUE
5300,female,group D,some college,standard,FALSE,9.1,6.5,83,88,76,private,FALSE
5301,female,group D,some college,standard,TRUE,16,7.4,59,,54,public,TRUE
5302,female,group A,,standard,FALSE,9.8,8.2,70,69,,public,TRUE
5303,female,group C,high school,free/reduced,FALSE,15.1,6.8,85,81,45,public,TRUE
5304,male,group A,high school,free/reduced,FALSE,6.7,,55,81,84,public,TRUE
5305,female,group C,some college,standard,TRUE,4.4,3.6,50,78,72,public,FALSE
5306,male,group B,associate degree,standard,FALSE,0.5,8.2,92,69,90,private,FALSE
5307,male,group D,high school,standard,FALSE,11.3,4,61,79,63,public,TRUE
5308,female,group B,master degree,standard,FALSE,11.3,7.2,75,91,70,public,TRUE
5309,male,group C,high school,standard,FALSE,14.8,8.5,67,60,80,public,TRUE
5310,male,group B,associate degree,free/reduced,FALSE,11.7,,75,79,78,public,TRUE
5311,female,group C,high school,free/reduced,TRUE,3.1,8,80,76,71,public,TRUE
5312,male,group C,some college,standard,TRUE,10.7,7.6,46,85,48,public,TRUE
5313,female,group B,associate degree,standard,FALSE,22.8,10.6,81,50,46,private,TRUE
5314,female,group A,associate degree,free/reduced,TRUE,9.6,7.6,57,64,62,public,TRUE
5315,male,group B,high school,standard,FALSE,9.2,7.9,62,64,72,public,TRUE
5316,male,group C,master degree,standard,FALSE,7.5,4.6,79,72,78,private,FALSE
5317,male,group C,bachelor degree,,FALSE,6.6,7.8,71,56,58,public,TRUE
5318,female,group B,,free/reduced,FALSE,0,8.5,36,56,58,private,TRUE
5319,male,group E,some college,free/reduced,TRUE,13.3,7.7,69,80,68,public,TRUE
5320,female,group D,bachelor degree,standard,FALSE,,,100,84,95,private,TRUE
5321,male,group E,some college,standard,TRUE,9,10.2,60,64,85,private,TRUE
5322,male,group C,some college,standard,FALSE,5.5,8.5,76,82,,public,TRUE
5323,male,group B,some college,standard,FALSE,12.4,7.3,44,80,91,private,TRUE
5324,male,group C,high school,free/reduced,FALSE,11.9,,88,55,68,international,TRUE
5325,female,group B,some college,free/reduced,FALSE,10.7,5.1,51,95,60,public,TRUE
5326,female,group B,bachelor degree,free/reduced,FALSE,9.2,7.1,65,60,81,public,TRUE
5327,female,group A,associate degree,standard,TRUE,7,6.4,91,55,62,public,TRUE
5328,female,group D,high school,standard,FALSE,14.6,5,68,49,,private,TRUE
5329,female,group D,associate degree,standard,FALSE,13.3,9.3,75,49,80,public,TRUE
5330,male,group C,bachelor degree,standard,FALSE,17.3,7.4,60,73,52,public,FALSE
5331,male,group E,bachelor degree,standard,TRUE,15.8,7.7,79,78,59,public,FALSE
5332,female,group B,,standard,TRUE,10.4,6.7,76,99,75,public,TRUE
5333,female,group B,high school,standard,TRUE,11,8.4,60,43,79,public,TRUE
5334,female,group E,,standard,FALSE,14.6,7.7,91,42,,international,FALSE
5335,male,group A,,standard,TRUE,0,9,43,65,52,public,
5336,male,group E,associate degree,standard,FALSE,14.2,8.7,86,62,55,public,TRUE
5337,male,group D,master degree,standard,FALSE,12.4,7.1,81,,58,private,FALSE
5338,female,group A,high school,standard,FALSE,10.6,7.9,88,73,81,private,TRUE
5339,male,group C,some college,standard,FALSE,6.1,6.5,63,100,86,public,TRUE
5340,male,group B,bachelor degree,standard,FALSE,21.7,9.6,40,73,66,public,TRUE
5341,female,group A,associate degree,standard,TRUE,2.7,,65,68,80,public,TRUE
5342,female,group A,,standard,FALSE,13.3,10.2,64,57,77,public,TRUE
5343,female,group C,,standard,FALSE,6.1,5.8,52,57,83,private,TRUE
5344,female,group C,associate degree,standard,FALSE,9.6,7.6,90,100,82,public,
5345,female,group C,,standard,TRUE,12.8,7.8,68,,63,public,FALSE
5346,female,group B,bachelor degree,standard,FALSE,10.4,7.3,60,,81,public,TRUE
5347,male,group E,some college,standard,TRUE,3.6,6.7,38,60,61,public,TRUE
5348,male,group B,,standard,FALSE,7.5,6.7,73,55,65,private,TRUE
5349,female,group C,master degree,standard,TRUE,12.6,7.1,81,44,71,public,TRUE
5350,male,group C,some college,,FALSE,14.4,8.6,82,68,63,public,TRUE
5351,male,group C,associate degree,standard,FALSE,3.8,9.2,67,74,49,public,TRUE
5352,male,group E,high school,standard,FALSE,10.6,4.9,58,71,100,public,FALSE
5353,female,group D,high school,standard,TRUE,8.4,8.9,71,64,89,public,TRUE
5354,male,group C,bachelor degree,standard,TRUE,17.8,8,69,77,62,public,TRUE
5355,male,group C,,standard,FALSE,8.9,8.8,67,88,72,public,TRUE
5356,male,group A,,free/reduced,FALSE,6.5,5.7,85,71,85,public,TRUE
5357,female,group D,associate degree,standard,TRUE,9.6,8.9,46,82,77,public,TRUE
5358,female,group C,,free/reduced,FALSE,13.2,9,73,69,71,public,TRUE
5359,female,group B,master degree,free/reduced,FALSE,6.7,6.1,68,83,78,public,TRUE
5360,female,group A,high school,standard,TRUE,6.8,5.8,77,72,72,public,TRUE
5361,female,group E,associate degree,standard,TRUE,,9,37,61,69,public,TRUE
5362,female,group C,some college,free/reduced,FALSE,,7.8,51,,100,public,TRUE
5363,male,group E,,standard,TRUE,9.4,,55,80,48,public,TRUE
5364,female,group C,associate degree,standard,FALSE,10.2,7.4,60,82,81,public,TRUE
5365,male,group E,associate degree,standard,TRUE,11.7,10,55,76,85,public,TRUE
5366,female,group C,master degree,standard,TRUE,11.4,7.4,63,83,82,public,TRUE
5367,male,group C,high school,standard,TRUE,3.1,7.1,71,78,66,international,TRUE
5368,male,group A,bachelor degree,standard,TRUE,13.9,6.3,47,74,94,international,
5369,male,group A,high school,standard,FALSE,10.1,7.8,71,62,71,public,TRUE
5370,male,group B,associate degree,standard,FALSE,11.6,7.1,49,63,51,public,FALSE
5371,male,group C,associate degree,standard,FALSE,5,5.7,80,80,76,public,TRUE
5372,female,group D,,standard,FALSE,14.3,7.1,59,34,94,public,TRUE
5373,female,group D,master degree,free/reduced,TRUE,14.1,5.1,77,69,69,public,TRUE
5374,female,group E,high school,standard,TRUE,5.7,8.5,71,75,56,public,TRUE
5375,male,group B,some college,free/reduced,TRUE,0,7.7,63,100,78,public,TRUE
5376,male,group C,master degree,standard,FALSE,13.4,7,79,55,72,private,FALSE
5377,male,group D,associate degree,standard,FALSE,6.4,5.2,49,73,70,public,TRUE
5378,male,group B,high school,standard,FALSE,6.6,,50,48,68,international,FALSE
5379,female,group B,associate degree,standard,FALSE,8.2,4.9,36,50,60,public,FALSE
5380,female,group C,associate degree,standard,FALSE,12.6,5.7,85,67,59,public,TRUE
5381,female,group B,bachelor degree,standard,FALSE,3.8,5.2,60,61,83,public,TRUE
5382,female,group D,some college,standard,FALSE,,6.2,71,100,73,private,TRUE
5383,male,group A,bachelor degree,free/reduced,TRUE,2.4,8.8,82,56,,international,TRUE
5384,female,group B,some college,free/reduced,TRUE,10.5,7.3,61,46,49,public,TRUE
5385,female,group D,associate degree,free/reduced,FALSE,,6.7,46,68,52,public,TRUE
5386,female,group B,high school,free/reduced,TRUE,1,6.2,90,58,56,public,TRUE
5387,female,group D,high school,standard,FALSE,4.4,7.4,76,78,62,international,TRUE
5388,male,group C,bachelor degree,free/reduced,TRUE,11,10.3,79,93,74,public,TRUE
5389,male,group B,,standard,TRUE,4.8,8,60,54,68,public,TRUE
5390,female,group B,some college,free/reduced,TRUE,9.1,4.7,77,65,73,public,TRUE
5391,female,group E,high school,standard,FALSE,13.8,6.3,28,59,54,public,
5392,male,group E,,standard,TRUE,13.1,,70,74,54,public,
5393,male,group A,associate degree,standard,TRUE,12.4,8.2,68,97,84,public,TRUE
5394,male,group E,high school,standard,TRUE,12.7,9,53,70,76,public,TRUE
5395,male,group B,,standard,TRUE,7.8,8.7,57,67,100,public,TRUE
5396,male,group B,some college,free/reduced,TRUE,10.7,7.5,84,77,,public,TRUE
5397,female,group A,,free/reduced,FALSE,8.6,5.5,60,80,70,public,TRUE
5398,female,group C,high school,standard,FALSE,15.3,5.3,62,71,68,international,TRUE
5399,female,group E,high school,standard,TRUE,4.5,7,71,68,94,international,TRUE
5400,male,group B,some college,standard,TRUE,12.9,5.5,50,70,,public,TRUE
5401,female,group B,high school,standard,TRUE,,7.7,58,54,79,public,TRUE
5402,male,group D,high school,standard,FALSE,3.2,8.2,100,84,62,private,TRUE
5403,male,group B,some college,standard,FALSE,8.4,5.7,67,79,54,public,FALSE
5404,female,group B,bachelor degree,standard,FALSE,8.6,8,67,44,82,public,TRUE
5405,female,group B,high school,standard,TRUE,10.1,8,63,72,80,public,FALSE
5406,female,group D,high school,standard,TRUE,8.5,7.2,68,49,65,public,TRUE
5407,male,group D,master degree,standard,FALSE,9.9,7.9,87,62,62,public,TRUE
5408,male,group D,high school,standard,FALSE,10.2,8,72,51,70,international,TRUE
5409,female,group E,some college,free/reduced,FALSE,8.3,9.9,63,85,,public,TRUE
5410,male,group B,associate degree,free/reduced,TRUE,9.8,6.1,39,92,99,public,TRUE
5411,female,group C,associate degree,standard,FALSE,6.6,5.9,47,,81,public,
5412,female,group D,associate degree,free/reduced,TRUE,,6.9,83,76,89,international,TRUE
5413,female,group C,bachelor degree,free/reduced,FALSE,13.1,6.5,54,78,59,public,FALSE
5414,female,group B,master degree,standard,TRUE,15.8,7,65,62,82,private,TRUE
5415,female,group B,bachelor degree,free/reduced,TRUE,0.1,,82,74,83,public,TRUE
5416,male,group E,associate degree,standard,FALSE,18.5,10,60,56,67,public,TRUE
5417,male,group C,high school,free/reduced,FALSE,4.5,5.3,91,76,42,public,TRUE
5418,male,group D,bachelor degree,standard,FALSE,14.6,9,93,70,71,public,TRUE
5419,female,group C,high school,free/reduced,FALSE,,7.3,87,72,78,private,TRUE
5420,female,group C,some college,standard,TRUE,0,6.5,78,100,,public,TRUE
5421,female,group A,some college,standard,TRUE,,6.5,50,65,44,public,TRUE
5422,male,group C,associate degree,standard,TRUE,15.9,,70,90,93,public,TRUE
5423,male,group D,some college,free/reduced,FALSE,15.3,7.4,66,51,65,public,TRUE
5424,male,group A,associate degree,free/reduced,FALSE,,6.4,76,65,77,public,FALSE
5425,female,group B,high school,standard,TRUE,16.7,6.4,72,85,82,public,TRUE
5426,female,group C,high school,standard,FALSE,8.9,5.7,80,63,79,public,TRUE
5427,female,group D,some college,standard,FALSE,4.2,5.9,78,78,61,private,TRUE
5428,female,group B,master degree,free/reduced,FALSE,5.2,6.6,66,73,71,international,TRUE
5429,male,group A,high school,standard,FALSE,10.3,9.9,75,84,83,public,TRUE
5430,male,group D,associate degree,standard,FALSE,18.7,6.4,66,65,84,public,TRUE
5431,male,group E,bachelor degree,free/reduced,TRUE,3.8,8.4,67,86,95,public,TRUE
5432,female,group B,some college,standard,TRUE,8,6.1,86,68,70,private,TRUE
5433,female,group D,master degree,standard,TRUE,5.5,7.2,90,68,83,public,TRUE
5434,female,group D,master degree,free/reduced,FALSE,5.1,7.3,68,65,52,public,TRUE
5435,female,group C,bachelor degree,standard,TRUE,15.8,4.8,62,,68,public,TRUE
5436,female,group D,high school,standard,FALSE,6.3,6.8,31,80,68,international,FALSE
5437,male,group D,bachelor degree,,TRUE,7.9,9.8,84,61,89,private,TRUE
5438,female,group A,,standard,FALSE,5.9,5.7,77,74,56,public,TRUE
5439,male,group D,bachelor degree,standard,FALSE,7.2,7.7,94,,64,international,TRUE
5440,male,group D,bachelor degree,standard,FALSE,10.8,5.9,68,,27,public,FALSE
5441,female,group E,high school,free/reduced,FALSE,14,9,76,64,91,international,TRUE
5442,male,group D,,standard,FALSE,,6.1,93,65,58,private,FALSE
5443,male,group B,bachelor degree,free/reduced,TRUE,7.6,7.5,36,62,79,private,TRUE
5444,female,group D,high school,standard,TRUE,15.9,7.5,81,55,46,public,TRUE
5445,female,group B,high school,standard,FALSE,12.1,8.1,73,73,74,public,FALSE
5446,female,group B,some college,standard,FALSE,4.5,5.3,62,70,63,international,TRUE
5447,male,group D,some college,standard,FALSE,9.4,6,100,96,,public,TRUE
5448,female,group C,some college,,TRUE,9.7,4.7,95,71,63,public,FALSE
5449,female,group D,some college,standard,TRUE,5.3,8.1,51,92,79,public,FALSE
5450,male,group E,bachelor degree,free/reduced,TRUE,12.4,6.4,72,92,62,public,TRUE
5451,female,group E,master degree,free/reduced,TRUE,6.6,6.1,62,80,66,public,FALSE
5452,female,group C,associate degree,standard,FALSE,,8.6,66,72,55,public,TRUE
5453,male,group D,some college,standard,FALSE,1.2,6.4,62,57,73,public,TRUE
5454,female,group C,some college,free/reduced,TRUE,,5.5,68,63,90,public,TRUE
5455,female,group A,some college,standard,FALSE,16.2,7.8,81,65,82,public,TRUE
5456,male,group E,some college,free/reduced,FALSE,12.2,8.5,72,88,67,public,TRUE
5457,female,group E,bachelor degree,standard,TRUE,11.4,7.4,73,69,80,public,TRUE
5458,male,group A,some college,,TRUE,14.9,4.8,60,63,65,private,TRUE
5459,male,group E,associate degree,standard,FALSE,6.7,8.7,37,57,74,public,TRUE
5460,female,group E,high school,standard,FALSE,4.3,8.6,51,65,72,public,TRUE
5461,male,group C,high school,standard,TRUE,6.4,7.5,53,56,42,private,FALSE
5462,female,group E,high school,free/reduced,FALSE,,4.5,77,62,76,public,TRUE
5463,male,group C,high school,standard,TRUE,10,6.5,42,78,62,public,TRUE
5464,female,group D,some college,standard,FALSE,13,6.6,64,41,71,public,
5465,female,group E,bachelor degree,,TRUE,10.9,6.7,81,100,61,private,TRUE
5466,female,group A,associate degree,standard,FALSE,7.2,8,83,64,84,public,TRUE
5467,female,group C,high school,standard,FALSE,4,9.6,81,60,71,public,TRUE
5468,female,group A,,free/reduced,TRUE,19.7,5.1,71,88,64,public,TRUE
5469,female,group B,associate degree,free/reduced,TRUE,10.4,6.7,31,48,66,public,TRUE
5470,male,group E,some college,standard,TRUE,20.7,8.1,68,85,50,public,TRUE
5471,male,group E,master degree,standard,TRUE,10.5,9.2,63,74,74,public,TRUE
5472,female,group B,,standard,FALSE,9.3,8,79,83,74,public,FALSE
5473,male,group B,high school,standard,FALSE,11.1,3.8,74,,83,private,TRUE
5474,female,group B,some college,standard,TRUE,10.9,7.3,67,83,81,public,FALSE
5475,male,group C,some college,standard,TRUE,12.4,7.5,80,59,85,public,TRUE
5476,male,group B,master degree,free/reduced,TRUE,19,8.4,59,,55,public,FALSE
5477,female,group C,bachelor degree,free/reduced,FALSE,13.2,8.5,70,80,57,public,
5478,female,group D,bachelor degree,standard,TRUE,16.1,8.5,54,74,,public,TRUE
5479,male,group C,high school,standard,TRUE,15.1,7.6,59,76,79,private,TRUE
5480,female,group B,high school,standard,FALSE,,9.5,38,61,88,private,TRUE
5481,male,group C,bachelor degree,free/reduced,FALSE,,8.5,75,75,59,public,TRUE
5482,female,group C,associate degree,standard,TRUE,12.7,6.8,31,75,63,international,TRUE
5483,female,group B,bachelor degree,standard,TRUE,14.4,6.3,53,82,61,public,TRUE
5484,male,group C,bachelor degree,standard,TRUE,14,7,63,86,60,public,TRUE
5485,male,group B,associate degree,standard,TRUE,9.3,,34,58,75,public,TRUE
5486,female,group B,high school,free/reduced,FALSE,5.2,,56,84,95,public,TRUE
5487,female,group B,bachelor degree,standard,FALSE,21.7,8.7,59,82,60,private,TRUE
5488,female,group E,some college,standard,FALSE,5.8,9.8,63,70,90,public,FALSE
5489,female,group E,some college,free/reduced,TRUE,13.2,6.5,82,,74,international,TRUE
5490,male,group C,some college,standard,TRUE,6.9,6.6,68,67,,public,TRUE
5491,female,group E,bachelor degree,standard,TRUE,13.9,4.5,76,62,70,public,TRUE
5492,male,group D,bachelor degree,standard,TRUE,,5.2,86,76,84,public,TRUE
5493,male,group E,associate degree,standard,TRUE,16.8,5.8,52,59,71,public,
5494,female,group C,,standard,FALSE,17.5,7.2,36,46,65,private,TRUE
5495,female,group E,,free/reduced,TRUE,6.1,,87,79,84,public,TRUE
5496,female,group B,some college,free/reduced,FALSE,18.9,5.6,77,,37,public,
5497,female,group A,associate degree,free/reduced,TRUE,9.3,,56,75,71,private,TRUE
5498,male,group A,bachelor degree,standard,TRUE,10.3,7.1,63,75,59,public,TRUE
5499,male,group A,high school,standard,FALSE,6.1,5.8,100,75,,public,TRUE
5500,male,group B,master degree,standard,FALSE,13.2,8.5,62,69,65,public,TRUE
5501,female,group C,associate degree,free/reduced,TRUE,16.3,,90,77,71,public,TRUE
5502,male,group B,some college,free/reduced,TRUE,11.6,6.3,56,62,54,public,TRUE
5503,female,group C,high school,standard,FALSE,,6.5,69,67,81,private,FALSE
5504,male,group B,high school,free/reduced,FALSE,16.5,8.3,68,57,86,public,TRUE
5505,female,group A,master degree,standard,FALSE,7.3,6.8,53,87,75,public,TRUE
5506,male,group A,high school,free/reduced,FALSE,6.7,5,84,61,76,public,TRUE
5507,male,group C,bachelor degree,standard,FALSE,11.8,8.4,62,50,78,public,
5508,female,group C,bachelor degree,free/reduced,FALSE,4.9,6.4,75,91,78,public,TRUE
5509,male,group E,master degree,standard,FALSE,8.3,7.5,75,86,100,public,TRUE
5510,female,group C,,free/reduced,TRUE,17,7.5,52,,73,private,FALSE
5511,female,group A,bachelor degree,free/reduced,FALSE,10.8,7.1,76,89,,public,TRUE
5512,male,group B,high school,standard,FALSE,,8.8,75,79,75,public,TRUE
5513,male,group C,associate degree,standard,FALSE,4.8,6,70,75,45,public,TRUE
5514,female,group B,some college,standard,TRUE,16.7,7.7,78,65,68,public,TRUE
5515,male,group C,some college,standard,FALSE,,7.3,41,77,85,public,TRUE
5516,female,group C,high school,standard,TRUE,14.1,9,81,90,98,public,TRUE
5517,male,group C,associate degree,standard,TRUE,10.7,7.6,71,,70,private,TRUE
5518,female,group A,some college,free/reduced,TRUE,13.3,8.2,80,71,51,public,TRUE
5519,male,group C,bachelor degree,free/reduced,FALSE,2.6,8.6,66,76,54,public,TRUE
5520,male,group B,some college,standard,TRUE,11.4,8.3,91,76,,private,FALSE
5521,female,group D,high school,free/reduced,TRUE,,8.4,88,96,76,private,TRUE
5522,female,group E,high school,standard,FALSE,6.2,7.9,88,71,62,international,TRUE
5523,female,group B,some college,free/reduced,FALSE,10.1,7.7,56,59,83,private,TRUE
5524,female,group C,high school,free/reduced,TRUE,0,,75,88,68,public,FALSE
5525,male,group B,master degree,free/reduced,FALSE,4.5,9,53,52,50,public,TRUE
5526,female,group C,associate degree,free/reduced,FALSE,8.2,9,71,63,65,private,TRUE
5527,female,group C,some college,standard,TRUE,14.4,6.1,33,81,63,public,TRUE
5528,male,group C,some college,standard,FALSE,9.4,6.5,100,75,82,public,TRUE
5529,female,group B,,standard,FALSE,15.2,9.1,74,51,,private,TRUE
5530,female,group E,bachelor degree,standard,FALSE,9.7,,81,85,84,public,TRUE
5531,female,group B,some college,standard,FALSE,8.1,10.7,71,53,32,public,TRUE
5532,male,group C,,standard,FALSE,14,6.3,79,77,71,public,TRUE
5533,male,group B,bachelor degree,standard,FALSE,10.3,8.7,81,69,67,international,TRUE
5534,male,group A,high school,standard,FALSE,8.5,8.1,77,58,100,public,TRUE
5535,female,group E,high school,,TRUE,8.7,10.5,79,74,56,public,TRUE
5536,female,group B,high school,standard,TRUE,12.4,8.6,79,99,77,public,
5537,male,group A,some college,standard,FALSE,13.1,7.6,86,93,69,public,TRUE
5538,female,group D,high school,free/reduced,FALSE,,7,68,44,56,private,TRUE
5539,female,group B,some college,standard,TRUE,,6.6,100,77,39,public,TRUE
5540,male,group D,bachelor degree,standard,FALSE,9.3,7.2,68,87,,public,TRUE
5541,male,group A,some college,standard,FALSE,20.7,6.1,67,79,72,public,TRUE
5542,female,group C,associate degree,standard,FALSE,2.7,6.8,65,57,95,public,TRUE
5543,male,group D,some college,free/reduced,TRUE,8.9,8.7,85,,73,public,TRUE
5544,female,group C,some college,standard,FALSE,18.1,7.4,59,63,77,private,
5545,male,group C,,standard,TRUE,7.6,6.5,76,69,78,public,TRUE
5546,female,group B,some college,free/reduced,TRUE,7.6,7.2,78,59,59,public,TRUE
5547,female,group A,associate degree,standard,TRUE,12,6.2,56,82,88,private,TRUE
5548,female,group E,high school,standard,FALSE,7.9,6.2,80,86,64,public,TRUE
5549,female,group A,master degree,free/reduced,FALSE,2,7.7,61,82,43,public,FALSE
5550,female,group D,some college,free/reduced,FALSE,,6.6,95,58,84,public,TRUE
5551,female,group D,,free/reduced,TRUE,11.5,7.8,57,94,61,public,TRUE
5552,male,group D,,standard,TRUE,5.6,9,78,56,60,public,TRUE
5553,male,group E,some college,standard,TRUE,17.2,5.9,69,63,63,public,TRUE
5554,male,group E,high school,standard,TRUE,7.1,5.2,52,54,64,international,TRUE
5555,female,group C,associate degree,standard,FALSE,4.9,4.9,88,50,57,private,TRUE
5556,male,group C,,standard,TRUE,11.5,8.4,99,76,71,public,TRUE
5557,female,group D,some college,standard,TRUE,10.7,9.1,39,72,77,private,TRUE
5558,male,group C,high school,free/reduced,TRUE,9.9,5.2,82,87,100,private,FALSE
5559,female,group B,high school,standard,TRUE,3.5,8.5,54,77,56,public,TRUE
5560,male,group D,master degree,free/reduced,TRUE,11.4,4.9,65,78,63,private,TRUE
5561,female,group D,high school,standard,FALSE,0,8.4,61,,30,private,TRUE
5562,male,group D,high school,free/reduced,FALSE,14.6,5.5,44,82,74,public,TRUE
5563,male,group B,associate degree,free/reduced,TRUE,1.6,6.8,63,78,92,public,TRUE
5564,male,group D,bachelor degree,standard,TRUE,6.3,,73,49,64,public,TRUE
5565,male,group C,master degree,free/reduced,TRUE,6.7,8.5,57,54,60,private,TRUE
5566,female,group C,master degree,standard,FALSE,10.3,9.1,86,66,60,private,TRUE
5567,male,group C,,standard,FALSE,5,9.7,63,,81,public,TRUE
5568,male,group E,high school,free/reduced,FALSE,9.5,7.5,67,89,,international,TRUE
5569,female,group D,associate degree,free/reduced,TRUE,6,7.5,65,43,,public,FALSE
5570,female,group B,high school,,TRUE,3.8,8.7,91,72,88,private,TRUE
5571,male,group D,high school,standard,FALSE,5.3,6.8,80,39,76,public,TRUE
5572,male,group C,associate degree,standard,TRUE,4.7,9.6,57,60,68,public,TRUE
5573,male,group E,associate degree,free/reduced,FALSE,15.6,8.1,78,76,60,public,FALSE
5574,male,group A,associate degree,standard,TRUE,7.9,6.3,72,73,77,public,TRUE
5575,female,group B,high school,standard,TRUE,3.2,7.4,100,61,84,public,TRUE
5576,female,group D,high school,free/reduced,TRUE,10.4,6.7,42,63,,international,TRUE
5577,female,group D,high school,standard,FALSE,12.9,6.6,80,80,47,private,TRUE
5578,female,group D,high school,standard,TRUE,18.3,6.6,89,39,98,public,TRUE
5579,female,group D,associate degree,standard,FALSE,18.6,5.9,81,72,66,private,TRUE
5580,male,group D,some college,standard,TRUE,5.1,9.5,56,,68,public,FALSE
5581,male,group E,associate degree,free/reduced,FALSE,10.8,8.3,42,82,63,public,TRUE
5582,female,group D,high school,standard,FALSE,15.7,8.3,46,50,64,public,TRUE
5583,female,group A,high school,standard,FALSE,14.2,7.6,98,69,63,public,FALSE
5584,male,group C,bachelor degree,free/reduced,TRUE,15.5,,64,55,49,public,TRUE
5585,female,group E,master degree,free/reduced,FALSE,13.6,6.1,77,67,91,public,TRUE
5586,male,group B,bachelor degree,standard,TRUE,10.4,7.2,54,72,55,public,TRUE
5587,female,group B,,standard,TRUE,13.4,7.5,67,66,90,public,TRUE
5588,female,group B,high school,standard,FALSE,11.8,7.1,71,93,82,international,TRUE
5589,male,group C,bachelor degree,standard,FALSE,11.7,7.9,55,90,70,private,TRUE
5590,female,group A,high school,standard,TRUE,7.8,7.6,62,73,64,private,FALSE
5591,female,group C,associate degree,standard,TRUE,4.2,7.1,84,71,,public,TRUE
5592,male,group E,high school,free/reduced,TRUE,6.7,8.1,65,70,,public,FALSE
5593,female,group A,high school,standard,TRUE,14.6,8.9,65,94,87,international,TRUE
5594,female,group B,bachelor degree,free/reduced,TRUE,8,7.2,77,67,,private,TRUE
5595,female,group D,,standard,FALSE,3.6,6.6,60,72,57,private,TRUE
5596,female,group C,some college,free/reduced,TRUE,2.4,7.4,75,75,82,public,TRUE
5597,female,group C,,standard,FALSE,17.5,5.8,100,70,65,public,TRUE
5598,male,group E,,free/reduced,TRUE,12.6,7.6,66,80,82,private,TRUE
5599,male,group D,high school,standard,FALSE,7.1,7.2,68,94,59,public,TRUE
5600,female,group B,high school,free/reduced,FALSE,,7.9,57,,92,public,
5601,female,group A,bachelor degree,free/reduced,TRUE,,6.8,80,87,,private,
5602,female,group B,associate degree,standard,TRUE,,8,47,,45,public,TRUE
5603,male,group D,bachelor degree,standard,TRUE,7.8,7.8,69,54,51,public,TRUE
5604,male,group D,some college,free/reduced,FALSE,0.6,7.5,94,71,79,public,FALSE
5605,female,group D,bachelor degree,standard,FALSE,,,56,83,67,public,TRUE
5606,male,group B,some college,standard,FALSE,,5.6,100,69,70,international,TRUE
5607,male,group A,master degree,standard,TRUE,12.8,7.1,79,67,50,public,TRUE
5608,male,group E,high school,standard,FALSE,12.9,6.2,71,59,74,public,TRUE
5609,male,group B,,standard,TRUE,,7.2,79,47,66,private,TRUE
5610,female,group A,some college,free/reduced,TRUE,,6,85,49,72,public,TRUE
5611,male,group B,some college,standard,FALSE,5,8.6,82,82,91,private,TRUE
5612,male,group A,associate degree,free/reduced,TRUE,6,6.3,71,80,73,private,TRUE
5613,male,group B,,,FALSE,8.2,5.1,56,68,100,international,
5614,male,group C,,free/reduced,TRUE,13.6,7.5,48,81,71,private,FALSE
5615,female,group B,associate degree,standard,TRUE,9.3,6.6,74,73,74,public,TRUE
5616,female,group E,,free/reduced,FALSE,19.8,7.2,100,,62,public,TRUE
5617,male,group E,some college,free/reduced,FALSE,8.5,7.3,78,80,67,public,TRUE
5618,female,group B,some college,free/reduced,FALSE,3.5,8.6,60,72,71,international,TRUE
5619,female,group C,high school,free/reduced,TRUE,11.6,7,71,,79,public,FALSE
5620,male,group C,some college,standard,TRUE,,6.7,53,66,46,public,TRUE
5621,male,group C,high school,standard,FALSE,14,6.1,86,70,70,international,TRUE
5622,male,group C,some college,standard,TRUE,6,7.5,97,65,63,international,TRUE
5623,female,group E,some college,standard,FALSE,,7.3,73,90,73,public,FALSE
5624,female,group C,some college,standard,TRUE,16.1,8.8,78,54,80,private,TRUE
5625,female,group A,high school,standard,TRUE,10.2,7.5,35,,79,private,TRUE
5626,female,group C,some college,free/reduced,FALSE,1.5,5.2,52,50,63,public,TRUE
5627,female,group A,bachelor degree,standard,FALSE,9.2,7.3,70,70,55,public,TRUE
5628,female,group C,bachelor degree,standard,FALSE,9.7,8,62,57,100,public,TRUE
5629,male,group C,bachelor degree,free/reduced,FALSE,16.6,6.5,88,73,78,public,TRUE
5630,male,group D,,standard,FALSE,3.3,5.6,55,93,67,public,TRUE
5631,male,group D,,standard,FALSE,0.7,7.6,75,69,85,public,FALSE
5632,female,group C,high school,free/reduced,TRUE,13.2,7.3,64,77,76,public,TRUE
5633,male,group B,master degree,standard,TRUE,11.6,8,61,59,67,public,TRUE
5634,female,group C,some college,free/reduced,FALSE,0.9,7,93,68,85,public,TRUE
5635,female,group D,associate degree,free/reduced,FALSE,6,7.4,52,70,88,private,
5636,female,group C,bachelor degree,standard,FALSE,3.4,5.7,57,82,82,international,TRUE
5637,male,group D,bachelor degree,standard,TRUE,13.5,8,75,65,77,public,TRUE
5638,female,group B,high school,standard,TRUE,16.5,5.3,77,,,public,TRUE
5639,male,group E,some college,standard,TRUE,11.5,5.2,74,82,76,public,TRUE
5640,male,group E,high school,free/reduced,FALSE,,6.1,94,60,44,public,TRUE
5641,male,group D,,free/reduced,TRUE,12.1,5.6,62,58,57,private,TRUE
5642,female,group C,associate degree,free/reduced,FALSE,15.2,7.3,71,81,91,public,TRUE
5643,female,group A,high school,,TRUE,7.4,7.5,96,75,78,international,TRUE
5644,male,group A,high school,free/reduced,TRUE,16,6.4,58,77,56,public,TRUE
5645,female,group D,high school,standard,FALSE,13.9,,82,38,95,public,TRUE
5646,male,group C,high school,standard,FALSE,1.4,8.3,73,75,64,public,TRUE
5647,female,group E,high school,free/reduced,FALSE,,6.2,67,53,72,public,TRUE
5648,female,group A,bachelor degree,free/reduced,TRUE,8.8,8.7,64,62,50,international,TRUE
5649,male,group B,bachelor degree,standard,TRUE,4.9,7.2,85,83,85,public,TRUE
5650,female,group B,associate degree,,FALSE,7.7,6.2,46,83,61,international,FALSE
5651,female,group D,some college,standard,TRUE,10.9,10.3,84,71,58,public,TRUE
5652,male,group B,bachelor degree,standard,FALSE,10.8,7.2,60,79,70,public,TRUE
5653,female,group E,high school,free/reduced,FALSE,15.3,6.1,64,,61,public,FALSE
5654,female,group C,associate degree,standard,TRUE,13.7,5.3,95,70,71,public,TRUE
5655,female,group D,high school,standard,FALSE,12.7,6.4,76,78,72,private,TRUE
5656,male,group B,high school,standard,FALSE,16.7,8,69,78,59,public,TRUE
5657,male,group B,high school,,FALSE,7.2,,65,67,74,public,TRUE
5658,female,group E,high school,free/reduced,FALSE,10.1,7.9,68,59,86,public,TRUE
5659,male,group B,some college,standard,FALSE,,7.7,79,85,81,public,TRUE
5660,female,group D,,standard,TRUE,6.9,9.1,76,82,81,public,TRUE
5661,male,group C,associate degree,standard,FALSE,8.9,6.7,71,76,60,public,TRUE
5662,female,group A,associate degree,standard,FALSE,10.7,8.5,76,83,80,international,TRUE
5663,female,group A,associate degree,standard,TRUE,5.8,5.5,47,73,,public,TRUE
5664,male,group A,some college,standard,FALSE,7.3,,40,,55,private,TRUE
5665,male,group A,high school,standard,FALSE,8.4,8.4,59,75,76,international,TRUE
5666,female,group A,high school,standard,FALSE,14.7,7.5,90,52,83,private,TRUE
5667,male,group A,high school,free/reduced,FALSE,1.6,6.1,73,85,80,public,TRUE
5668,male,group A,high school,,FALSE,3.7,8.4,82,57,73,international,TRUE
5669,female,group C,associate degree,free/reduced,TRUE,8.7,5,81,61,46,public,TRUE
5670,male,group E,,free/reduced,FALSE,12,7.4,81,84,96,public,TRUE
5671,female,group E,some college,free/reduced,FALSE,12.1,8.8,19,66,59,public,TRUE
5672,male,group E,bachelor degree,free/reduced,FALSE,8.5,8.4,74,76,80,public,TRUE
5673,female,group D,bachelor degree,free/reduced,TRUE,8.7,5.8,69,77,70,private,TRUE
5674,female,group B,bachelor degree,standard,TRUE,11.4,8.8,63,,42,private,FALSE
5675,female,group D,bachelor degree,free/reduced,FALSE,14.5,9,59,75,73,public,TRUE
5676,male,group E,some college,free/reduced,FALSE,2.9,7.1,92,59,65,public,TRUE
5677,female,group E,high school,standard,FALSE,7.4,7.4,56,,76,private,TRUE
5678,female,group B,high school,free/reduced,FALSE,11.2,5.8,72,52,61,public,TRUE
5679,male,group A,bachelor degree,standard,TRUE,8.5,7.9,100,72,80,public,TRUE
5680,male,group B,master degree,free/reduced,FALSE,5.9,8.5,66,98,,public,TRUE
5681,female,group B,high school,free/reduced,FALSE,6.9,7.9,66,69,57,private,TRUE
5682,female,group B,bachelor degree,standard,TRUE,13.3,7.2,62,71,94,public,TRUE
5683,female,group B,,standard,FALSE,11.5,6.9,67,69,90,international,TRUE
5684,female,group B,,free/reduced,TRUE,11.8,4,88,,77,public,TRUE
5685,female,group C,associate degree,standard,FALSE,10.3,4.1,45,89,93,public,TRUE
5686,male,group B,bachelor degree,standard,TRUE,7.8,8.7,67,84,78,private,TRUE
5687,male,group D,high school,standard,FALSE,12.7,,65,68,82,public,TRUE
5688,female,group C,associate degree,standard,TRUE,,,80,57,82,public,TRUE
5689,male,group E,bachelor degree,standard,FALSE,17.2,6.6,52,82,81,public,TRUE
5690,male,group C,high school,free/reduced,FALSE,7.9,4.3,67,61,87,private,TRUE
5691,male,group E,master degree,standard,FALSE,,6.8,74,84,76,public,
5692,female,group A,some college,free/reduced,FALSE,8.9,4.4,61,75,100,public,TRUE
5693,female,group E,,standard,FALSE,9.6,,59,64,53,public,TRUE
5694,male,group A,high school,standard,FALSE,,5.4,71,100,59,public,
5695,male,group B,,standard,FALSE,1.8,6.6,98,60,84,private,TRUE
5696,female,group C,high school,standard,FALSE,,8.5,73,56,70,public,TRUE
5697,female,group B,some college,free/reduced,TRUE,15.3,6,75,40,67,public,TRUE
5698,male,group B,high school,standard,FALSE,14.4,6.8,61,85,94,public,TRUE
5699,female,group C,some college,standard,FALSE,,5.4,92,75,,public,TRUE
5700,female,group C,some college,free/reduced,FALSE,7.2,7,60,82,81,public,TRUE
5701,male,group D,high school,standard,TRUE,4.7,7.4,77,100,61,private,TRUE
5702,male,group C,bachelor degree,standard,FALSE,17.4,7.1,83,58,74,public,TRUE
5703,male,group C,some college,standard,TRUE,13.7,6.1,72,84,68,public,
5704,male,group C,some college,standard,FALSE,11.7,8.7,58,76,68,public,TRUE
5705,male,group E,,standard,TRUE,10.6,8.2,76,58,72,public,TRUE
5706,male,group E,some college,standard,FALSE,9.9,9.4,53,93,54,public,TRUE
5707,female,group D,high school,free/reduced,FALSE,0,,61,83,59,public,TRUE
5708,male,group A,associate degree,free/reduced,TRUE,6.5,8.7,70,74,83,private,TRUE
5709,male,group A,some college,standard,FALSE,12.6,8.1,68,68,95,public,TRUE
5710,female,group B,bachelor degree,free/reduced,TRUE,12.6,8.4,37,77,59,public,TRUE
5711,male,group C,,standard,TRUE,,5.6,82,89,64,public,TRUE
5712,male,group D,bachelor degree,standard,FALSE,10.1,7.6,44,100,71,public,TRUE
5713,female,group C,bachelor degree,free/reduced,TRUE,13.1,7.7,75,58,81,public,TRUE
5714,female,group D,,free/reduced,TRUE,12.3,6.7,60,89,78,public,TRUE
5715,female,group A,bachelor degree,free/reduced,FALSE,0,6.9,68,28,59,private,TRUE
5716,female,group B,some college,standard,FALSE,3.3,,48,100,85,public,TRUE
5717,male,group C,bachelor degree,free/reduced,FALSE,10.3,7.5,90,58,61,public,TRUE
5718,male,group D,bachelor degree,standard,FALSE,5.1,6,64,84,63,public,TRUE
5719,female,group C,some college,standard,FALSE,,8.2,71,79,55,public,
5720,female,group C,high school,standard,TRUE,13.1,6.9,89,66,83,private,FALSE
5721,male,group E,high school,free/reduced,TRUE,3.3,9.6,80,54,74,public,TRUE
5722,male,group C,bachelor degree,standard,FALSE,4.3,,70,61,76,private,TRUE
5723,male,group B,some college,free/reduced,FALSE,17.2,9,65,95,68,public,TRUE
5724,female,group B,bachelor degree,standard,FALSE,11.8,7.8,83,61,73,public,TRUE
5725,female,group B,associate degree,free/reduced,FALSE,13.1,6.8,52,85,62,public,FALSE
5726,male,group C,associate degree,standard,FALSE,3.2,8.5,42,75,70,international,TRUE
5727,male,group D,bachelor degree,standard,TRUE,9.9,6.7,86,57,61,public,TRUE
5728,female,group C,some college,free/reduced,FALSE,10.3,6.8,63,54,64,private,TRUE
5729,female,group A,some college,standard,FALSE,11.9,7.4,69,43,36,public,TRUE
5730,male,group E,high school,standard,TRUE,,9.1,73,69,61,public,TRUE
5731,female,group B,high school,standard,FALSE,16.9,7.3,42,78,67,private,TRUE
5732,male,group D,,standard,FALSE,10.9,7,94,73,79,private,TRUE
5733,female,group B,some college,,FALSE,0,6.4,66,100,58,public,TRUE
5734,female,group D,associate degree,standard,FALSE,8.3,8.4,78,54,70,international,TRUE
5735,male,group C,high school,standard,FALSE,6.3,6.8,50,56,98,public,TRUE
5736,female,group E,some college,standard,TRUE,14.9,4.5,56,49,78,private,TRUE
5737,male,group E,high school,standard,FALSE,,,70,69,57,private,TRUE
5738,male,group D,bachelor degree,standard,TRUE,5.1,,49,81,100,public,TRUE
5739,female,group A,some college,standard,TRUE,17.2,6.2,55,70,89,public,TRUE
5740,male,group D,master degree,standard,FALSE,8.6,6.2,67,71,65,public,TRUE
5741,male,group D,high school,standard,FALSE,10,9.2,82,88,91,private,TRUE
5742,female,group A,high school,standard,FALSE,14.9,5.9,72,53,60,public,TRUE
5743,male,group B,associate degree,standard,FALSE,1.8,6.1,59,77,72,public,TRUE
5744,female,group B,master degree,free/reduced,TRUE,11.8,7.6,71,93,50,public,TRUE
5745,male,group D,associate degree,free/reduced,FALSE,5.6,7.6,96,80,52,public,TRUE
5746,male,group B,high school,standard,FALSE,8.6,7.9,77,71,62,public,TRUE
5747,female,group C,some college,standard,TRUE,9.6,7.1,70,58,49,private,TRUE
5748,male,group D,some college,free/reduced,FALSE,13.4,5.6,100,63,65,public,TRUE
5749,male,group A,master degree,free/reduced,TRUE,,5.9,46,80,,public,FALSE
5750,female,group E,some college,free/reduced,TRUE,12,8,62,80,89,public,TRUE
5751,female,group A,high school,standard,TRUE,5.3,7.8,82,76,69,public,
5752,male,group A,high school,standard,FALSE,9.3,7.9,88,77,90,public,TRUE
5753,male,group D,bachelor degree,standard,FALSE,11.9,5.8,72,66,91,public,TRUE
5754,male,group C,high school,standard,TRUE,14.2,5.6,88,85,91,public,TRUE
5755,female,group E,bachelor degree,free/reduced,TRUE,12.8,10.9,81,57,,public,TRUE
5756,female,group C,,standard,TRUE,14.9,6.9,88,81,67,public,TRUE
5757,female,group E,master degree,free/reduced,TRUE,3.2,8,41,76,61,public,TRUE
5758,female,group E,master degree,standard,TRUE,7.3,6.3,75,59,65,public,TRUE
5759,male,group B,high school,free/reduced,FALSE,8.7,8.8,72,84,56,public,FALSE
5760,male,group E,bachelor degree,standard,FALSE,12.2,9,58,,81,public,TRUE
5761,female,group C,bachelor degree,free/reduced,FALSE,8,7.9,67,55,83,public,TRUE
5762,male,group E,bachelor degree,standard,FALSE,14.6,6.4,85,65,77,public,TRUE
5763,male,group C,bachelor degree,free/reduced,TRUE,11.1,8.9,79,71,81,public,TRUE
5764,male,group A,bachelor degree,standard,FALSE,8.5,7,85,89,86,public,TRUE
5765,female,group D,bachelor degree,standard,TRUE,13.3,9.2,67,,89,public,TRUE
5766,female,group C,some college,standard,TRUE,11.7,8.8,78,91,92,public,TRUE
5767,male,group B,,free/reduced,FALSE,14.8,7.8,62,68,85,international,TRUE
5768,male,group E,some college,standard,TRUE,17,9.6,59,56,41,public,TRUE
5769,female,group E,associate degree,standard,FALSE,16.4,5.3,53,58,70,public,TRUE
5770,female,group C,high school,standard,TRUE,2.6,5.9,62,56,79,public,TRUE
5771,female,group C,high school,standard,FALSE,,6.9,61,48,69,public,TRUE
5772,male,group C,master degree,standard,FALSE,18.5,8.1,77,85,62,public,TRUE
5773,female,group E,high school,standard,FALSE,16,,68,60,78,private,TRUE
5774,male,group D,associate degree,free/reduced,TRUE,7.9,9.4,65,92,94,public,TRUE
5775,female,group E,bachelor degree,free/reduced,TRUE,7.5,8.1,86,68,92,public,TRUE
5776,female,group A,bachelor degree,standard,TRUE,12.6,,82,61,80,public,FALSE
5777,female,group B,,standard,TRUE,16.3,4.7,100,51,77,private,TRUE
5778,male,group B,high school,standard,TRUE,8.6,,66,91,63,international,TRUE
5779,female,group D,,standard,TRUE,0.3,7.3,100,61,81,public,
5780,male,group C,some college,free/reduced,TRUE,18.2,8.4,62,59,68,private,TRUE
5781,female,group C,associate degree,standard,TRUE,3.2,5,72,75,81,public,TRUE
5782,female,group E,,standard,FALSE,12.2,6.2,65,76,69,public,TRUE
5783,male,group B,high school,free/reduced,FALSE,12.1,,81,,62,private,TRUE
5784,female,group E,high school,standard,FALSE,17.1,8.2,50,77,79,public,FALSE
5785,male,group D,high school,standard,FALSE,2.9,8.9,67,72,71,public,TRUE
5786,male,group C,associate degree,free/reduced,FALSE,1.5,9.2,72,79,88,public,TRUE
5787,female,group C,bachelor degree,standard,FALSE,5.5,5.3,55,62,66,public,TRUE
5788,female,group D,,standard,FALSE,9.3,,47,,90,private,TRUE
5789,male,group C,bachelor degree,standard,FALSE,13.7,8.2,49,30,70,public,TRUE
5790,male,group B,master degree,free/reduced,FALSE,12.9,9.2,91,64,73,public,TRUE
5791,female,group B,high school,standard,FALSE,6.6,7.1,72,76,69,public,TRUE
5792,female,group C,,standard,FALSE,8.3,6.6,56,85,100,private,FALSE
5793,female,group D,some college,standard,TRUE,9.8,7.5,64,68,60,international,
5794,female,group B,high school,standard,FALSE,,5.9,60,79,33,international,TRUE
5795,female,group C,associate degree,standard,TRUE,21.5,5.9,83,72,78,international,TRUE
5796,female,group E,some college,standard,TRUE,11.9,5.2,70,80,81,public,TRUE
5797,female,group D,master degree,free/reduced,TRUE,10.5,10.1,57,82,71,private,
5798,female,group B,high school,standard,FALSE,9.9,5.9,74,,83,public,TRUE
5799,male,group E,,free/reduced,TRUE,2.7,7.8,26,84,91,international,TRUE
5800,male,group D,high school,standard,FALSE,7.7,8.5,97,61,84,private,TRUE
5801,female,group C,associate degree,standard,FALSE,18,7.9,26,73,52,private,TRUE
5802,male,group E,bachelor degree,free/reduced,TRUE,5.2,8.2,60,72,74,public,TRUE
5803,female,group C,high school,free/reduced,TRUE,6.8,7.4,52,99,77,public,TRUE
5804,male,group A,,free/reduced,FALSE,8.6,4.3,87,98,75,public,TRUE
5805,male,group A,some college,standard,FALSE,5.7,5.8,51,58,75,private,TRUE
5806,female,group A,associate degree,standard,TRUE,9.5,3.8,69,68,69,public,TRUE
5807,male,group B,bachelor degree,free/reduced,TRUE,13,6.7,91,,83,public,TRUE
5808,male,group A,some college,standard,FALSE,4.4,7.3,87,82,58,public,TRUE
5809,female,group A,associate degree,free/reduced,TRUE,2.2,7.5,53,81,61,public,TRUE
5810,male,group B,high school,free/reduced,TRUE,5.2,5.9,83,66,81,public,FALSE
5811,female,group E,bachelor degree,free/reduced,TRUE,10.7,8.2,89,,68,public,TRUE
5812,male,group B,bachelor degree,,FALSE,4.9,6.9,77,72,85,private,TRUE
5813,male,group A,some college,standard,FALSE,4.1,,61,68,76,public,TRUE
5814,male,group D,master degree,free/reduced,FALSE,8.5,,65,100,78,public,TRUE
5815,female,group C,,standard,FALSE,0.1,6.2,72,68,87,public,FALSE
5816,female,group A,some college,standard,TRUE,0,7,69,73,72,public,TRUE
5817,male,group D,,standard,TRUE,7.5,9.2,79,71,94,public,FALSE
5818,male,group C,some college,standard,FALSE,8.2,9,81,71,75,public,TRUE
5819,female,group A,some college,free/reduced,TRUE,4.7,4.6,73,70,74,public,TRUE
5820,male,group E,high school,standard,FALSE,8.2,7.9,64,70,58,public,TRUE
5821,female,group A,associate degree,free/reduced,FALSE,13.6,8,72,69,90,public,TRUE
5822,female,group D,high school,free/reduced,TRUE,5.1,6.6,44,54,46,public,TRUE
5823,female,group E,bachelor degree,standard,FALSE,6.9,6.8,63,79,71,public,TRUE
5824,female,group A,high school,free/reduced,TRUE,11.8,7.4,94,51,80,public,TRUE
5825,female,group D,master degree,free/reduced,FALSE,11.6,6.8,91,72,85,private,TRUE
5826,male,group E,high school,standard,FALSE,11.9,7,52,96,62,public,TRUE
5827,male,group E,bachelor degree,standard,TRUE,,6.2,61,100,86,public,TRUE
5828,female,group E,associate degree,standard,FALSE,,6.2,72,69,62,private,FALSE
5829,female,group D,bachelor degree,free/reduced,TRUE,16.1,9.7,58,90,94,private,TRUE
5830,male,group E,associate degree,standard,FALSE,9.8,6.7,49,54,46,private,FALSE
5831,male,group B,associate degree,free/reduced,FALSE,,,66,85,86,public,TRUE
5832,male,group C,high school,standard,FALSE,7.7,6,72,60,50,public,FALSE
5833,male,group C,bachelor degree,standard,FALSE,12.4,7.4,76,81,82,public,TRUE
5834,male,group B,bachelor degree,standard,TRUE,7.5,7.8,38,62,71,public,TRUE
5835,male,group C,some college,free/reduced,FALSE,2.9,8.3,51,60,74,public,TRUE
5836,male,group B,associate degree,standard,TRUE,4.5,6.1,47,66,81,public,TRUE
5837,female,group B,some college,standard,TRUE,18,5.2,66,79,86,public,TRUE
5838,male,group C,high school,standard,FALSE,7,8.8,49,59,75,public,TRUE
5839,female,group E,bachelor degree,standard,FALSE,7.6,,72,95,64,private,TRUE
5840,male,group B,associate degree,free/reduced,TRUE,,8,48,77,55,private,TRUE
5841,female,group E,master degree,standard,TRUE,10.5,7.5,69,21,77,public,TRUE
5842,male,group C,high school,standard,FALSE,7.7,7.5,65,64,72,international,TRUE
5843,male,group E,master degree,free/reduced,FALSE,,8.5,70,,58,public,FALSE
5844,female,group C,high school,free/reduced,TRUE,,6.8,58,44,100,public,TRUE
5845,male,group C,bachelor degree,standard,FALSE,7,9.9,73,77,81,public,TRUE
5846,female,group D,high school,free/reduced,FALSE,4.8,9.1,49,85,52,public,TRUE
5847,male,group E,bachelor degree,standard,TRUE,13.2,9,82,57,76,public,TRUE
5848,female,group D,some college,standard,TRUE,,6,76,72,83,international,TRUE
5849,male,group E,,standard,FALSE,14.3,7.3,74,,66,public,TRUE
5850,female,group A,master degree,standard,FALSE,11.3,8.8,73,78,85,public,TRUE
5851,male,group B,bachelor degree,standard,FALSE,8.6,9.3,87,,81,private,TRUE
5852,female,group A,some college,standard,FALSE,8.6,6.2,79,81,55,public,TRUE
5853,female,group A,some college,free/reduced,FALSE,0,8.5,54,53,86,public,TRUE
5854,female,group E,bachelor degree,free/reduced,TRUE,2.1,10.1,76,75,49,public,TRUE
5855,female,group E,high school,free/reduced,FALSE,11.7,5.8,71,69,67,public,TRUE
5856,female,group B,associate degree,free/reduced,TRUE,7.2,6.9,92,86,,public,TRUE
5857,female,group A,associate degree,standard,FALSE,17.5,7.5,90,83,54,public,FALSE
5858,female,group B,associate degree,free/reduced,FALSE,10.2,9.1,54,72,60,private,TRUE
5859,female,group E,associate degree,free/reduced,TRUE,,6.9,53,100,61,public,TRUE
5860,male,group B,bachelor degree,free/reduced,FALSE,,7.8,73,85,70,public,TRUE
5861,male,group D,some college,standard,FALSE,16.2,6.2,41,72,74,public,TRUE
5862,male,group D,some college,free/reduced,FALSE,13.1,,45,71,80,public,TRUE
5863,male,group B,high school,standard,TRUE,15.2,7.6,65,55,81,public,TRUE
5864,female,group B,high school,standard,TRUE,12.6,7,81,100,,public,TRUE
5865,female,group D,high school,standard,FALSE,3.6,8.3,56,67,80,public,TRUE
5866,female,group C,high school,standard,FALSE,9,8.2,71,62,51,international,TRUE
5867,female,group E,high school,standard,FALSE,10.7,5.6,91,69,75,public,FALSE
5868,female,group D,bachelor degree,standard,TRUE,17.3,8.6,84,72,67,international,FALSE
5869,female,group B,high school,standard,TRUE,7.5,4.7,36,62,66,public,TRUE
5870,male,group B,high school,free/reduced,FALSE,0,5.6,37,79,70,public,TRUE
5871,male,group B,associate degree,standard,FALSE,,5.3,88,60,44,public,TRUE
5872,female,group A,,free/reduced,FALSE,9.5,8.9,81,71,68,public,TRUE
5873,female,group C,some college,standard,FALSE,11.9,,88,81,75,international,FALSE
5874,male,group B,associate degree,standard,TRUE,12.3,7.7,76,42,72,public,FALSE
5875,male,group B,associate degree,standard,FALSE,0,6.9,54,62,72,public,TRUE
5876,male,group D,bachelor degree,free/reduced,FALSE,,6.3,53,57,66,public,TRUE
5877,female,group A,associate degree,free/reduced,FALSE,15.2,9.1,50,53,95,private,TRUE
5878,male,group E,some college,standard,TRUE,8.3,7.8,65,,75,public,TRUE
5879,male,group B,bachelor degree,standard,FALSE,6.2,7.9,66,67,97,public,TRUE
5880,female,group C,master degree,standard,FALSE,5.6,8.9,72,90,61,public,FALSE
5881,female,group C,some college,free/reduced,FALSE,,4.7,37,47,58,private,TRUE
5882,male,group D,high school,standard,FALSE,5.2,5.9,65,91,,private,TRUE
5883,male,group D,associate degree,,FALSE,17.7,7.1,42,93,66,public,TRUE
5884,female,group E,high school,standard,FALSE,12.1,8.8,62,78,50,private,TRUE
5885,female,group E,associate degree,standard,TRUE,2.3,4.9,71,78,100,international,TRUE
5886,female,group A,associate degree,standard,FALSE,2.8,8.1,83,77,78,international,TRUE
5887,male,group D,some college,standard,FALSE,3.4,8.4,92,71,73,public,TRUE
5888,female,group B,,standard,FALSE,12.5,7.3,78,59,67,public,TRUE
5889,female,group B,high school,standard,TRUE,6.2,7.6,80,100,77,public,FALSE
5890,male,group D,associate degree,standard,FALSE,11.6,,73,61,85,private,TRUE
5891,female,group E,master degree,free/reduced,FALSE,8.5,6.8,93,50,85,public,FALSE
5892,male,group C,associate degree,standard,TRUE,7.4,8.4,97,47,99,private,TRUE
5893,female,group E,bachelor degree,standard,TRUE,8.5,7.7,48,,59,public,TRUE
5894,male,group D,some college,free/reduced,FALSE,8.1,8.2,67,62,74,public,TRUE
5895,female,group D,bachelor degree,standard,TRUE,8.2,7.2,60,,74,private,TRUE
5896,male,group D,some college,free/reduced,FALSE,14.8,6.5,73,60,60,private,TRUE
5897,female,group D,high school,free/reduced,FALSE,15.4,8.7,73,96,99,private,FALSE
5898,male,group D,master degree,standard,FALSE,9.9,8.2,78,92,99,private,TRUE
5899,female,group D,some college,free/reduced,FALSE,4.8,9,38,68,54,international,TRUE
5900,female,group E,high school,,FALSE,,5.7,80,60,83,public,FALSE
5901,male,group B,bachelor degree,standard,FALSE,13.9,6.2,64,89,78,international,TRUE
5902,male,group B,high school,standard,FALSE,22.6,,76,61,84,private,TRUE
5903,male,group C,high school,standard,FALSE,14.2,9.6,75,58,63,international,TRUE
5904,male,group C,bachelor degree,free/reduced,FALSE,9.5,6.1,62,60,59,public,FALSE
5905,female,group B,high school,standard,FALSE,1.6,7.5,58,72,82,public,
5906,male,group E,some college,standard,FALSE,12,6.5,75,56,45,public,TRUE
5907,female,group E,high school,standard,TRUE,7.1,7.9,65,67,79,public,TRUE
5908,male,group E,high school,free/reduced,TRUE,12.4,5.7,67,52,73,private,TRUE
5909,male,group D,bachelor degree,standard,TRUE,6.2,6.4,79,77,70,private,TRUE
5910,male,group C,associate degree,standard,TRUE,,5.5,59,57,,public,TRUE
5911,female,group A,bachelor degree,free/reduced,FALSE,7.1,6.5,38,69,93,public,TRUE
5912,male,group D,high school,free/reduced,FALSE,7.9,,43,64,84,public,TRUE
5913,male,group C,some college,standard,FALSE,6,5.8,100,79,63,public,TRUE
5914,female,group B,some college,standard,TRUE,6.1,7.8,53,84,82,private,TRUE
5915,female,group C,high school,free/reduced,FALSE,9,7.4,74,,,public,TRUE
5916,male,group A,some college,,FALSE,11.8,8,63,60,57,public,TRUE
5917,male,group C,high school,standard,FALSE,15,7.9,66,72,82,public,TRUE
5918,male,group E,master degree,standard,FALSE,5.6,8.2,90,59,,public,
5919,male,group A,high school,standard,FALSE,17,6.9,62,,53,public,TRUE
5920,female,group C,,free/reduced,TRUE,11.1,7.4,55,55,46,public,TRUE
5921,male,group E,associate degree,standard,FALSE,10.5,7.3,54,80,68,public,TRUE
5922,female,group B,some college,standard,TRUE,5.1,5,78,77,65,private,TRUE
5923,male,group D,master degree,standard,FALSE,7.5,7.2,53,65,,international,TRUE
5924,male,group D,associate degree,standard,FALSE,13.7,6,43,57,92,public,TRUE
5925,female,group C,bachelor degree,standard,FALSE,,8.2,74,80,83,public,TRUE
5926,male,group B,some college,standard,TRUE,6.1,8,74,91,58,private,TRUE
5927,female,group C,some college,standard,FALSE,6.2,8.6,74,93,64,public,FALSE
5928,male,group A,some college,free/reduced,TRUE,7.4,4.7,74,55,60,international,TRUE
5929,male,group E,bachelor degree,free/reduced,TRUE,9,6.8,32,87,73,public,TRUE
5930,male,group D,high school,free/reduced,FALSE,13.1,10.4,83,86,66,public,TRUE
5931,female,group D,some college,,FALSE,12.5,5.4,53,80,80,private,TRUE
5932,female,group D,associate degree,free/reduced,TRUE,11,6.9,68,50,81,public,TRUE
5933,female,group D,associate degree,free/reduced,FALSE,6.8,8.6,89,72,83,public,TRUE
5934,male,group A,some college,standard,TRUE,10.6,6.3,84,51,73,public,TRUE
5935,male,group B,some college,standard,FALSE,6.4,6.5,68,62,98,private,TRUE
5936,female,group B,some college,standard,FALSE,3.8,6.8,82,80,68,public,TRUE
5937,male,group D,associate degree,standard,TRUE,11,6.9,45,82,100,public,FALSE
5938,female,group E,bachelor degree,free/reduced,FALSE,12.6,8.1,88,97,60,public,TRUE
5939,female,group B,some college,standard,FALSE,10.3,6.7,66,57,100,public,TRUE
5940,female,group D,bachelor degree,standard,TRUE,14,6,51,60,73,public,TRUE
5941,female,group B,high school,standard,FALSE,12.6,4.5,66,86,,public,TRUE
5942,female,group D,bachelor degree,free/reduced,FALSE,9.9,6,76,59,51,public,TRUE
5943,male,group C,high school,standard,FALSE,10.2,6.7,70,74,67,public,TRUE
5944,male,group C,associate degree,free/reduced,TRUE,9.4,6.6,84,61,,public,TRUE
5945,female,group A,master degree,standard,TRUE,0,7.3,54,82,58,public,TRUE
5946,male,group A,some college,free/reduced,TRUE,6.6,7.1,68,100,66,public,TRUE
5947,male,group E,high school,standard,TRUE,8.1,5.7,62,42,68,public,TRUE
5948,female,group B,bachelor degree,free/reduced,TRUE,5,7.3,78,,73,public,TRUE
5949,male,group B,some college,standard,TRUE,9.8,9.1,71,65,75,public,TRUE
5950,female,group E,high school,free/reduced,TRUE,8.9,6.6,63,73,42,public,TRUE
5951,female,group A,master degree,standard,FALSE,15.5,5.6,72,52,,international,
5952,female,group D,master degree,standard,FALSE,11.4,9.4,50,77,57,private,TRUE
5953,male,group C,high school,free/reduced,TRUE,11,4.3,64,81,87,public,
5954,male,group E,high school,free/reduced,FALSE,14.8,9,60,60,51,public,TRUE
5955,male,group A,some college,standard,FALSE,,7.9,75,79,79,public,TRUE
5956,female,group B,some college,free/reduced,FALSE,9.8,8.8,81,,66,public,TRUE
5957,male,group B,master degree,standard,FALSE,16.8,7.3,80,79,71,international,TRUE
5958,male,group E,bachelor degree,standard,TRUE,9.4,4.8,40,61,89,public,TRUE
5959,male,group C,,free/reduced,TRUE,10.8,8.4,60,68,57,public,TRUE
5960,female,group C,high school,standard,FALSE,6.3,7.5,57,48,72,public,FALSE
5961,male,group D,some college,standard,TRUE,9.2,7.7,66,56,77,public,TRUE
5962,male,group E,high school,standard,TRUE,8.6,,74,,61,public,TRUE
5963,female,group C,bachelor degree,standard,FALSE,5.9,7.4,89,67,57,public,FALSE
5964,male,group B,associate degree,standard,TRUE,0.1,8.7,58,65,76,international,TRUE
5965,male,group A,some college,standard,FALSE,20.5,7.7,80,57,72,public,TRUE
5966,male,group E,some college,standard,TRUE,11.3,7.4,68,57,85,private,
5967,female,group C,high school,standard,TRUE,11.5,8.9,74,79,77,international,FALSE
5968,male,group D,some college,standard,TRUE,,6.7,57,91,71,public,FALSE
5969,female,group C,some college,standard,FALSE,15.7,6.4,40,75,69,public,TRUE
5970,female,group B,high school,standard,FALSE,1,6.8,71,53,65,private,TRUE
5971,male,group A,high school,free/reduced,TRUE,4.4,5.4,82,70,55,public,FALSE
5972,female,group E,associate degree,standard,TRUE,18.1,8.9,79,87,60,public,TRUE
5973,female,group D,high school,standard,FALSE,13.7,5.4,73,97,72,public,TRUE
5974,female,group D,associate degree,standard,TRUE,5.4,8.2,67,56,65,public,FALSE
5975,female,group E,bachelor degree,standard,FALSE,4.3,8.7,52,60,49,public,TRUE
5976,male,group A,master degree,free/reduced,FALSE,1.1,,63,73,84,private,TRUE
5977,female,group C,associate degree,standard,TRUE,10.3,5.7,57,62,66,public,TRUE
5978,female,group E,,standard,FALSE,,7.4,72,28,75,public,TRUE
5979,male,group D,high school,standard,FALSE,,6.2,92,48,57,public,TRUE
5980,male,group A,bachelor degree,standard,TRUE,18,4.1,66,90,69,public,TRUE
5981,male,group C,high school,standard,TRUE,6.2,7.7,73,81,73,public,
5982,male,group E,high school,free/reduced,FALSE,3.6,8,72,75,52,public,TRUE
5983,male,group D,associate degree,standard,TRUE,1.3,5.4,86,71,59,public,TRUE
5984,male,group B,master degree,free/reduced,TRUE,14.8,7.7,90,66,79,public,
5985,female,group C,high school,free/reduced,TRUE,6.6,7.7,100,96,48,public,TRUE
5986,male,group B,some college,free/reduced,FALSE,6.3,8,100,58,51,public,TRUE
5987,female,group D,bachelor degree,standard,FALSE,11.8,8.5,52,70,53,public,TRUE
5988,male,group D,some college,standard,FALSE,10.1,3.6,78,63,69,public,TRUE
5989,female,group B,associate degree,standard,FALSE,3.1,8.2,83,71,73,private,FALSE
5990,female,group A,,free/reduced,FALSE,10.1,10.1,48,55,77,public,TRUE
5991,male,group B,some college,standard,FALSE,9.8,6.6,80,70,76,public,TRUE
5992,female,group E,high school,standard,FALSE,21.5,8.1,67,81,86,international,FALSE
5993,male,group C,some college,standard,TRUE,13.7,9.2,82,,68,public,TRUE
5994,male,group C,bachelor degree,standard,FALSE,19.1,6.3,66,47,98,public,TRUE
5995,female,group E,high school,standard,TRUE,6.7,7.8,91,,78,public,TRUE
5996,male,group B,associate degree,standard,TRUE,,7.1,62,83,,private,TRUE
5997,female,group D,bachelor degree,free/reduced,FALSE,15.2,6.2,53,74,90,private,TRUE
5998,male,group C,bachelor degree,standard,TRUE,0,10,60,82,73,private,FALSE
5999,female,group B,,standard,TRUE,6,,76,,65,public,TRUE
6000,male,group D,some college,standard,TRUE,7.9,7.6,54,90,75,public,TRUE
6001,female,group A,bachelor degree,standard,FALSE,13.5,8.7,78,,76,public,
6002,male,group D,high school,standard,FALSE,11.5,5.5,73,51,55,public,TRUE
6003,female,group A,bachelor degree,standard,FALSE,,7.4,83,53,82,public,FALSE
6004,female,group A,associate degree,standard,FALSE,14.3,5,68,99,84,public,TRUE
6005,male,group B,bachelor degree,,FALSE,9.4,9.2,71,79,75,public,TRUE
6006,male,group C,master degree,standard,FALSE,9.6,4.7,68,64,83,public,TRUE
6007,female,group D,some college,standard,FALSE,9.1,8.3,85,93,53,public,TRUE
6008,male,group A,some college,standard,FALSE,10,5.2,44,64,82,public,TRUE
6009,female,group C,some college,standard,FALSE,4.1,7.4,94,56,80,public,TRUE
6010,female,group A,some college,standard,TRUE,8.8,6.5,84,73,76,international,TRUE
6011,female,group C,high school,free/reduced,TRUE,9.7,5.5,94,73,57,public,FALSE
6012,male,group B,,standard,FALSE,6,6.5,92,54,79,public,TRUE
6013,female,group A,some college,standard,TRUE,9.9,,78,65,28,public,TRUE
6014,female,group C,some college,free/reduced,TRUE,14.1,7,63,78,76,private,TRUE
6015,male,group E,high school,free/reduced,FALSE,10.7,7.9,58,94,61,private,TRUE
6016,female,group D,associate degree,standard,TRUE,14.3,8.3,56,66,72,public,TRUE
6017,female,group E,master degree,standard,FALSE,14.7,8.1,70,69,86,public,TRUE
6018,female,group D,high school,standard,TRUE,,7.4,67,81,82,public,TRUE
6019,male,group A,high school,free/reduced,FALSE,8.1,7.1,39,87,67,public,TRUE
6020,male,group B,some college,standard,FALSE,7.4,7.7,74,46,64,public,FALSE
6021,female,group B,high school,standard,FALSE,4.4,7.3,57,67,87,public,TRUE
6022,female,group B,bachelor degree,standard,TRUE,9.5,6.7,34,68,79,private,TRUE
6023,female,group D,associate degree,standard,TRUE,13.4,7.7,79,54,68,public,TRUE
6024,female,group B,high school,standard,TRUE,14.2,6.2,79,88,65,public,TRUE
6025,male,group B,bachelor degree,standard,TRUE,18.5,8,88,72,64,public,TRUE
6026,female,group D,high school,free/reduced,FALSE,3.2,,70,87,54,private,TRUE
6027,male,group D,high school,standard,TRUE,7.8,,75,52,73,public,FALSE
6028,female,group D,some college,free/reduced,FALSE,8.7,7.9,66,60,41,private,FALSE
6029,male,group C,master degree,standard,FALSE,15.2,8.7,74,66,58,public,TRUE
6030,female,group C,associate degree,standard,TRUE,2.6,8.8,45,54,83,public,TRUE
6031,male,group C,associate degree,standard,TRUE,10.5,7,65,53,70,public,TRUE
6032,female,group E,bachelor degree,free/reduced,TRUE,2.8,6.5,79,98,71,public,TRUE
6033,male,group B,master degree,free/reduced,FALSE,12.8,7.3,44,,83,private,TRUE
6034,female,group B,bachelor degree,standard,TRUE,9.5,7,53,78,62,public,TRUE
6035,male,group A,high school,free/reduced,TRUE,7.9,7.6,55,65,92,public,TRUE
6036,female,group A,associate degree,standard,FALSE,,9.3,51,68,71,public,TRUE
6037,female,group D,high school,standard,TRUE,5.4,6.2,78,57,71,public,TRUE
6038,male,group C,master degree,standard,FALSE,11.7,5.6,74,44,69,public,TRUE
6039,male,group B,bachelor degree,standard,FALSE,9.9,7.3,73,55,44,public,TRUE
6040,male,group C,high school,standard,TRUE,12.4,8.4,78,67,57,public,TRUE
6041,male,group B,associate degree,standard,FALSE,12.2,7,51,63,70,international,TRUE
6042,female,group D,master degree,standard,TRUE,7.8,9,64,83,45,public,FALSE
6043,female,group B,,,FALSE,8.5,6.8,67,86,66,public,TRUE
6044,male,group D,high school,standard,FALSE,10.7,8.8,74,72,42,public,FALSE
6045,female,group E,some college,standard,FALSE,4.1,,75,76,64,private,TRUE
6046,female,group B,bachelor degree,free/reduced,FALSE,2.9,7,95,83,72,public,TRUE
6047,male,group A,bachelor degree,standard,FALSE,11.3,7.2,70,78,78,international,FALSE
6048,female,group C,master degree,standard,TRUE,12.8,8.2,89,58,71,public,TRUE
6049,male,group B,bachelor degree,free/reduced,TRUE,8,5.5,82,68,,public,TRUE
6050,male,group D,high school,,FALSE,9.4,,55,70,55,public,TRUE
6051,female,group C,some college,standard,FALSE,6.1,8.4,49,61,52,public,TRUE
6052,male,group E,high school,standard,FALSE,18.3,7.3,95,82,71,public,TRUE
6053,female,group B,bachelor degree,free/reduced,FALSE,19.3,8.9,73,34,56,public,FALSE
6054,female,group C,some college,standard,FALSE,6.7,8.1,68,66,59,public,FALSE
6055,female,group C,associate degree,standard,TRUE,13.8,6.6,83,29,59,public,
6056,male,group C,high school,standard,FALSE,12,7.3,73,91,55,international,TRUE
6057,female,group B,high school,standard,FALSE,7.2,,75,57,73,public,TRUE
6058,male,group B,bachelor degree,standard,TRUE,,8.6,53,65,,private,TRUE
6059,male,group E,bachelor degree,standard,FALSE,10,8,61,69,73,public,TRUE
6060,female,group D,high school,,TRUE,9.3,7.6,74,45,100,public,TRUE
6061,female,group D,bachelor degree,free/reduced,FALSE,22.3,9.2,66,61,98,public,TRUE
6062,female,group E,high school,free/reduced,FALSE,11.6,5.7,50,67,81,public,TRUE
6063,female,group E,associate degree,standard,TRUE,0,6.9,60,42,68,public,TRUE
6064,female,group E,some college,free/reduced,FALSE,7.3,8.2,60,83,72,public,TRUE
6065,male,group D,associate degree,standard,FALSE,,5.8,77,91,68,public,FALSE
6066,female,group C,high school,standard,FALSE,15,5.2,42,82,67,private,TRUE
6067,female,group C,associate degree,standard,FALSE,5,,100,86,70,public,TRUE
6068,male,group C,some college,free/reduced,FALSE,3,7.7,69,73,96,private,TRUE
6069,male,group D,some college,standard,FALSE,8.6,8.9,65,77,92,public,TRUE
6070,female,group C,associate degree,standard,FALSE,7.4,6.7,86,67,71,public,TRUE
6071,female,group A,high school,standard,FALSE,5.9,6,64,85,65,public,TRUE
6072,female,group D,master degree,free/reduced,TRUE,10.5,6.8,59,67,73,public,
6073,male,group A,bachelor degree,standard,FALSE,11.6,,66,77,71,public,TRUE
6074,female,group D,high school,standard,TRUE,17.6,8.9,86,65,60,public,TRUE
6075,male,group A,bachelor degree,standard,FALSE,19.9,9.9,75,57,67,private,TRUE
6076,male,group B,,free/reduced,TRUE,9.7,,70,78,75,international,TRUE
6077,male,group E,associate degree,standard,FALSE,1,5.7,52,51,72,private,TRUE
6078,female,group C,some college,free/reduced,TRUE,7.9,6.4,68,72,73,public,TRUE
6079,female,group D,bachelor degree,free/reduced,FALSE,11.7,6.1,85,71,59,public,TRUE
6080,female,group E,,standard,TRUE,8.9,8,56,80,83,public,TRUE
6081,female,group C,associate degree,free/reduced,FALSE,12.7,6.3,51,63,82,public,TRUE
6082,male,group C,some college,free/reduced,TRUE,,7.3,73,52,81,international,FALSE
6083,female,group C,,standard,TRUE,16.5,5.3,70,92,73,public,FALSE
6084,female,group A,associate degree,standard,FALSE,13.6,8.6,78,63,72,public,TRUE
6085,male,group D,,standard,FALSE,11.1,6.6,50,60,87,public,TRUE
6086,male,group C,bachelor degree,standard,TRUE,7.3,6.3,67,53,62,public,TRUE
6087,male,group D,master degree,free/reduced,TRUE,7.2,6.6,46,51,73,private,TRUE
6088,female,group C,master degree,standard,FALSE,9.3,7,54,68,36,public,TRUE
6089,male,group D,,,TRUE,14.4,6.8,89,73,69,private,TRUE
6090,female,group B,,standard,TRUE,19.3,8.6,73,69,53,private,TRUE
6091,male,group C,,standard,TRUE,9.6,7.8,69,79,64,international,TRUE
6092,female,group C,master degree,free/reduced,FALSE,13.2,7.5,46,64,58,public,
6093,male,group B,associate degree,standard,TRUE,13.5,7.3,53,64,77,public,TRUE
6094,female,group E,some college,standard,TRUE,11.5,6.7,86,62,83,international,TRUE
6095,male,group C,some college,standard,TRUE,10.2,5.3,67,70,100,public,FALSE
6096,male,group C,high school,standard,TRUE,7.8,8.1,61,83,82,international,TRUE
6097,female,group C,high school,standard,TRUE,8.5,,77,66,64,public,TRUE
6098,female,group B,associate degree,standard,FALSE,7.8,7.1,44,94,94,public,TRUE
6099,female,group E,some college,standard,TRUE,13.9,5.3,58,66,74,public,TRUE
6100,male,group A,master degree,standard,FALSE,10.5,9,57,56,73,international,FALSE
6101,male,group B,high school,free/reduced,FALSE,5.9,5,98,67,77,public,TRUE
6102,female,group C,high school,standard,FALSE,8.4,6.8,76,68,54,public,TRUE
6103,female,group B,some college,standard,TRUE,11.8,7.4,52,51,81,international,TRUE
6104,male,group C,some college,standard,TRUE,6.3,,85,97,54,public,TRUE
6105,female,group E,some college,free/reduced,TRUE,1.8,6.6,76,83,51,public,TRUE
6106,female,group A,associate degree,free/reduced,TRUE,14.1,7,55,74,81,private,TRUE
6107,male,group B,bachelor degree,free/reduced,TRUE,14.1,7.9,52,,91,private,TRUE
6108,male,group E,high school,standard,TRUE,18,,65,,73,public,FALSE
6109,male,group A,some college,free/reduced,FALSE,12.6,6.4,71,70,82,public,TRUE
6110,female,group A,,standard,FALSE,7.1,7.9,58,43,72,public,TRUE
6111,male,group B,associate degree,standard,FALSE,9.2,7.3,79,96,71,public,TRUE
6112,female,group C,high school,standard,TRUE,9.8,6.9,72,61,70,private,FALSE
6113,female,group E,high school,standard,TRUE,2.5,,73,87,88,private,TRUE
6114,male,group D,associate degree,standard,TRUE,11.1,5.5,78,78,68,public,FALSE
6115,male,group C,associate degree,,FALSE,14.1,8.8,67,49,68,public,TRUE
6116,female,group B,bachelor degree,standard,TRUE,2.7,6.2,57,73,67,private,
6117,male,group C,master degree,free/reduced,FALSE,10.1,7.4,75,71,51,international,TRUE
6118,female,group E,,standard,FALSE,14.9,5.4,50,67,70,private,TRUE
6119,female,group C,master degree,free/reduced,TRUE,4.6,8,79,64,84,public,FALSE
6120,female,group D,high school,standard,FALSE,,9.5,74,62,,public,TRUE
6121,female,group D,high school,free/reduced,FALSE,9.7,7.6,77,62,64,public,FALSE
6122,male,group B,bachelor degree,standard,FALSE,3.1,8.3,90,56,74,international,TRUE
6123,female,group A,some college,standard,TRUE,24.5,6.3,69,90,66,public,FALSE
6124,male,group C,high school,free/reduced,FALSE,9.4,7.5,55,63,75,public,TRUE
6125,female,group D,associate degree,,FALSE,5.5,5.6,39,39,82,public,
6126,female,group A,high school,free/reduced,FALSE,8.6,8.9,63,69,77,public,TRUE
6127,female,group A,master degree,free/reduced,TRUE,5,8.8,60,65,70,public,FALSE
6128,female,group A,bachelor degree,free/reduced,FALSE,8.8,7.5,41,96,38,private,TRUE
6129,male,group C,associate degree,standard,FALSE,12.4,7.8,54,49,63,international,TRUE
6130,male,group E,master degree,,TRUE,12.7,4.7,53,,69,private,FALSE
6131,male,group E,some college,free/reduced,TRUE,8.7,8.2,62,74,72,public,TRUE
6132,female,group C,high school,standard,FALSE,0.2,10.3,61,76,43,private,TRUE
6133,female,group C,associate degree,,FALSE,0,8.2,79,86,97,public,FALSE
6134,female,group A,bachelor degree,free/reduced,TRUE,11.6,,61,70,85,public,TRUE
6135,female,group C,high school,free/reduced,FALSE,14.6,6.3,56,69,66,private,TRUE
6136,female,group A,some college,free/reduced,TRUE,4.3,6.2,81,55,81,public,TRUE
6137,female,group B,associate degree,standard,TRUE,14.6,5,68,59,62,public,TRUE
6138,male,group D,associate degree,standard,FALSE,12.1,5.1,73,98,70,public,TRUE
6139,male,group A,bachelor degree,standard,TRUE,10.5,6.2,88,76,78,international,FALSE
6140,female,group C,associate degree,free/reduced,TRUE,13,8.2,41,65,67,public,TRUE
6141,male,group D,some college,standard,FALSE,11.8,8.4,42,51,66,public,TRUE
6142,male,group B,,standard,TRUE,11.7,7.4,77,54,83,public,FALSE
6143,female,group E,master degree,free/reduced,FALSE,1,6.4,70,68,71,public,TRUE
6144,female,group C,high school,free/reduced,FALSE,,,58,76,69,public,TRUE
6145,female,group B,associate degree,standard,FALSE,5,8.3,57,,68,public,TRUE
6146,male,group A,bachelor degree,free/reduced,TRUE,,9.4,68,60,,public,TRUE
6147,male,group D,associate degree,free/reduced,FALSE,6.1,7.5,62,52,66,public,FALSE
6148,male,group B,high school,standard,TRUE,14.7,5.5,82,70,,international,TRUE
6149,male,group C,master degree,free/reduced,FALSE,12.4,6.7,100,67,66,public,TRUE
6150,male,group E,high school,standard,FALSE,15.2,9.6,68,55,87,public,FALSE
6151,female,group E,some college,free/reduced,TRUE,11.4,7.3,61,81,73,public,FALSE
6152,female,group A,high school,standard,TRUE,13.9,,67,50,66,public,TRUE
6153,female,group C,some college,free/reduced,FALSE,3.6,7.7,71,63,90,international,TRUE
6154,male,group D,bachelor degree,free/reduced,FALSE,13.7,8.1,68,76,83,private,TRUE
6155,male,group A,bachelor degree,standard,TRUE,10,6.4,52,96,84,public,TRUE
6156,female,group D,some college,standard,TRUE,0,6,70,78,82,public,FALSE
6157,female,group C,associate degree,standard,FALSE,6.5,8.9,44,48,58,public,TRUE
6158,male,group C,some college,standard,TRUE,6.6,9.1,63,74,50,public,FALSE
6159,female,group D,master degree,standard,TRUE,3.9,6.5,74,62,73,public,FALSE
6160,female,group D,some college,free/reduced,FALSE,18.8,8,60,69,71,public,TRUE
6161,male,group A,some college,free/reduced,FALSE,7.9,5.1,75,90,83,public,FALSE
6162,male,group E,high school,,FALSE,12.5,5.9,71,79,,public,TRUE
6163,male,group C,bachelor degree,standard,TRUE,13.6,7.2,60,,84,public,TRUE
6164,male,group B,bachelor degree,standard,TRUE,6,7.1,82,74,75,public,TRUE
6165,male,group E,associate degree,free/reduced,FALSE,8.3,,55,85,46,public,TRUE
6166,male,group B,some college,standard,FALSE,,5.9,58,43,70,public,TRUE
6167,female,group D,master degree,free/reduced,TRUE,7,6.5,48,100,80,private,TRUE
6168,female,group C,high school,standard,TRUE,14.5,7.2,100,48,72,public,TRUE
6169,female,group B,some college,free/reduced,FALSE,3.7,5.4,43,,91,public,TRUE
6170,female,group A,high school,standard,TRUE,10.1,7.4,78,92,93,public,FALSE
6171,male,group C,,standard,FALSE,13,7.8,47,56,,public,FALSE
6172,male,group A,some college,standard,FALSE,8.1,6.1,84,94,53,international,TRUE
6173,female,group D,high school,free/reduced,TRUE,10.1,6.9,45,86,60,public,TRUE
6174,female,group D,bachelor degree,free/reduced,FALSE,6.4,5.7,66,84,76,public,TRUE
6175,male,group B,,standard,FALSE,9.6,5.6,54,96,82,public,TRUE
6176,male,group A,bachelor degree,standard,FALSE,5.6,7.7,63,,59,public,TRUE
6177,female,group E,bachelor degree,free/reduced,FALSE,15.4,7.8,75,100,83,public,TRUE
6178,female,group A,high school,standard,FALSE,14.8,7.9,54,80,92,public,TRUE
6179,female,group D,,standard,FALSE,15.4,4.6,61,70,61,public,TRUE
6180,female,group B,high school,standard,FALSE,12.8,8.5,60,74,65,public,TRUE
6181,female,group C,some college,free/reduced,TRUE,9.6,,51,70,89,public,TRUE
6182,female,group D,associate degree,standard,FALSE,11.3,9.4,88,88,61,public,TRUE
6183,female,group D,associate degree,free/reduced,TRUE,,8.7,56,82,80,public,FALSE
6184,male,group B,,standard,FALSE,21.9,7,65,97,56,international,TRUE
6185,male,group E,high school,standard,TRUE,7.4,6.3,91,93,74,private,TRUE
6186,female,group D,some college,free/reduced,FALSE,15,6.6,69,83,63,public,FALSE
6187,male,group D,associate degree,standard,TRUE,15.1,6.3,52,,82,public,TRUE
6188,female,group E,,standard,TRUE,8.2,,58,67,60,public,TRUE
6189,male,group D,,standard,FALSE,13,6.5,69,32,,public,TRUE
6190,female,group E,high school,standard,FALSE,10.9,6.9,91,86,89,international,
6191,male,group C,master degree,standard,FALSE,14.6,8,75,65,88,international,TRUE
6192,male,group D,some college,,TRUE,6.4,3.5,59,100,95,public,TRUE
6193,female,group C,associate degree,standard,TRUE,11.2,5.9,27,100,61,international,FALSE
6194,female,group E,master degree,standard,FALSE,,9.1,65,64,71,private,TRUE
6195,female,group C,associate degree,standard,FALSE,6.1,6.3,62,79,62,private,TRUE
6196,male,group C,high school,standard,FALSE,4.6,7.4,59,90,67,public,TRUE
6197,male,group A,,standard,TRUE,12.9,8.1,57,53,64,public,TRUE
6198,male,group E,some college,standard,FALSE,7.2,7.4,68,77,45,public,TRUE
6199,female,group B,associate degree,standard,FALSE,4.7,6.9,83,,68,international,FALSE
6200,male,group C,associate degree,standard,TRUE,11.6,7.2,81,79,85,public,TRUE
6201,female,group C,associate degree,standard,TRUE,13.7,7.6,69,55,54,public,TRUE
6202,male,group B,bachelor degree,standard,TRUE,,7.5,100,81,85,public,TRUE
6203,female,group A,some college,standard,TRUE,15.4,7.6,100,80,71,public,TRUE
6204,female,group B,some college,standard,TRUE,2.8,7.4,53,100,73,public,TRUE
6205,female,group E,bachelor degree,free/reduced,FALSE,12.1,6,75,87,93,public,TRUE
6206,male,group E,high school,free/reduced,TRUE,7.2,5.9,69,72,61,public,FALSE
6207,male,group A,bachelor degree,standard,FALSE,11.1,7.2,48,84,66,private,TRUE
6208,female,group C,bachelor degree,free/reduced,TRUE,0,9.9,55,,77,private,TRUE
6209,male,group E,some college,free/reduced,TRUE,15.1,8.6,54,45,74,public,TRUE
6210,male,group C,high school,standard,FALSE,13.4,7.6,86,54,86,public,TRUE
6211,female,group A,,free/reduced,FALSE,0.6,7.4,66,69,49,public,TRUE
6212,male,group D,some college,standard,TRUE,6.6,3,50,97,88,public,TRUE
6213,male,group E,some college,standard,FALSE,7.8,6.9,48,85,74,public,TRUE
6214,female,group B,bachelor degree,standard,FALSE,,6.2,47,94,72,international,TRUE
6215,male,group B,high school,standard,FALSE,4.7,6.5,44,62,70,public,TRUE
6216,male,group C,bachelor degree,standard,FALSE,7.5,6.4,49,74,97,private,FALSE
6217,male,group E,bachelor degree,,FALSE,3,5.2,70,100,79,public,TRUE
6218,female,group A,high school,free/reduced,TRUE,16.5,7.1,94,60,73,public,TRUE
6219,male,group C,some college,free/reduced,FALSE,9.3,7.1,100,60,67,international,TRUE
6220,female,group C,some college,free/reduced,FALSE,1.4,5.4,56,62,40,private,TRUE
6221,female,group D,associate degree,standard,FALSE,3.6,6.3,65,,83,international,TRUE
6222,male,group A,associate degree,free/reduced,FALSE,13.8,9.4,58,83,79,public,TRUE
6223,male,group B,some college,standard,FALSE,12.8,7,73,61,67,public,FALSE
6224,female,group C,bachelor degree,standard,FALSE,5.8,6.1,47,66,91,public,TRUE
6225,female,group C,,free/reduced,TRUE,,6.7,75,84,97,public,TRUE
6226,female,group E,high school,standard,FALSE,13.7,6.4,63,56,96,public,FALSE
6227,female,group A,high school,free/reduced,FALSE,9,9,67,76,74,public,TRUE
6228,male,group B,some college,standard,TRUE,15.5,9.2,84,81,63,public,TRUE
6229,female,group B,some college,free/reduced,FALSE,,6.2,83,61,100,public,TRUE
6230,male,group C,some college,standard,TRUE,6.8,,95,63,71,private,TRUE
6231,male,group D,bachelor degree,free/reduced,TRUE,11.3,6.7,86,72,79,public,TRUE
6232,female,group E,some college,free/reduced,FALSE,10.5,7.1,88,64,69,private,TRUE
6233,female,group D,master degree,standard,FALSE,16.8,6.9,64,88,53,public,TRUE
6234,male,group B,bachelor degree,standard,FALSE,12.6,9.1,68,,81,private,TRUE
6235,male,group A,bachelor degree,free/reduced,FALSE,16.6,7.3,79,75,85,public,TRUE
6236,male,group A,bachelor degree,standard,FALSE,3,6.9,79,63,57,public,TRUE
6237,female,group D,some college,standard,FALSE,14.1,6.4,64,72,72,public,TRUE
6238,male,group B,bachelor degree,standard,FALSE,,5,90,83,100,public,FALSE
6239,male,group B,high school,standard,FALSE,13.8,6.4,70,71,91,public,FALSE
6240,male,group E,bachelor degree,standard,FALSE,3.2,6.9,39,85,83,public,TRUE
6241,female,group E,bachelor degree,standard,TRUE,16.3,,54,33,73,public,TRUE
6242,male,group C,high school,standard,TRUE,11.1,5.5,77,90,46,public,TRUE
6243,female,group E,some college,standard,FALSE,7.1,4.8,47,65,67,private,TRUE
6244,male,group D,master degree,standard,FALSE,9.3,9.1,69,100,60,public,TRUE
6245,male,group C,bachelor degree,free/reduced,TRUE,,6.6,68,77,47,public,TRUE
6246,female,group D,some college,free/reduced,FALSE,10.8,6.3,75,56,64,public,
6247,male,group B,associate degree,standard,TRUE,8.2,8.6,56,,71,public,TRUE
6248,female,group E,bachelor degree,free/reduced,TRUE,15.8,7.8,63,72,,public,TRUE
6249,male,group E,associate degree,standard,FALSE,10.5,8,52,83,,public,FALSE
6250,male,group D,bachelor degree,standard,FALSE,14.5,7.9,78,67,74,public,
6251,female,group D,master degree,,TRUE,6.8,7.5,82,82,71,public,TRUE
6252,female,group E,master degree,standard,TRUE,4.7,5.9,43,68,63,public,TRUE
6253,male,group A,associate degree,standard,TRUE,4.8,7.2,78,77,67,international,TRUE
6254,female,group A,high school,standard,TRUE,15.7,4.6,52,75,40,public,TRUE
6255,female,group B,some college,free/reduced,FALSE,4,7.5,88,65,,international,TRUE
6256,male,group E,associate degree,standard,FALSE,13.3,7.6,69,92,84,public,TRUE
6257,female,group D,high school,free/reduced,FALSE,11.6,7.4,45,,75,public,TRUE
6258,female,group B,high school,standard,FALSE,,7.8,32,84,81,private,TRUE
6259,male,group E,some college,standard,TRUE,12.8,7.5,52,80,58,public,TRUE
6260,male,group E,some college,standard,TRUE,6.6,8.2,77,62,82,public,TRUE
6261,male,group D,some college,standard,TRUE,11.9,,73,73,,public,FALSE
6262,female,group D,some college,standard,TRUE,4.8,6,67,75,60,private,TRUE
6263,male,group C,associate degree,standard,FALSE,7.4,,71,65,50,public,TRUE
6264,male,group C,master degree,standard,FALSE,12.1,4.9,56,100,81,private,TRUE
6265,male,group E,high school,free/reduced,TRUE,7,7.6,87,61,95,public,TRUE
6266,female,group C,associate degree,free/reduced,FALSE,5.8,6.7,99,81,100,public,TRUE
6267,male,group D,bachelor degree,standard,TRUE,16.6,6.3,55,72,100,public,TRUE
6268,male,group A,high school,standard,FALSE,12.8,5.3,95,92,80,public,TRUE
6269,female,group A,,free/reduced,FALSE,13.6,6.6,76,61,63,private,TRUE
6270,female,group D,bachelor degree,standard,FALSE,8.2,7.7,55,76,74,public,FALSE
6271,male,group B,some college,standard,FALSE,15.5,6.8,88,85,49,public,TRUE
6272,female,group E,high school,standard,FALSE,2.3,6.4,45,72,83,public,TRUE
6273,female,group A,some college,standard,FALSE,6.9,5.5,73,77,78,public,TRUE
6274,female,group C,bachelor degree,free/reduced,FALSE,4.5,6.6,77,70,78,public,TRUE
6275,female,group E,,standard,TRUE,10.2,3.9,42,67,74,public,TRUE
6276,female,group A,,free/reduced,FALSE,,8.6,73,66,37,public,
6277,female,group E,associate degree,free/reduced,FALSE,10.7,7,59,,60,public,TRUE
6278,male,group A,associate degree,free/reduced,FALSE,3.9,8,67,48,88,public,FALSE
6279,female,group C,,free/reduced,TRUE,14.3,7,74,83,88,private,TRUE
6280,male,group E,some college,standard,FALSE,5.4,7.3,84,70,77,public,TRUE
6281,female,group C,some college,free/reduced,FALSE,7.4,6.6,64,69,55,public,TRUE
6282,female,group B,some college,standard,TRUE,13.1,6.1,73,60,90,public,TRUE
6283,female,group B,some college,free/reduced,TRUE,6.9,,83,94,,international,TRUE
6284,female,group B,bachelor degree,free/reduced,TRUE,,5.6,87,73,60,international,TRUE
6285,female,group A,bachelor degree,standard,TRUE,4.3,7,68,74,78,private,TRUE
6286,male,group E,master degree,standard,FALSE,10.9,7.1,69,86,88,private,TRUE
6287,female,group B,some college,standard,TRUE,,6.5,50,74,72,public,TRUE
6288,female,group C,associate degree,standard,FALSE,11.9,,68,91,,international,TRUE
6289,female,group B,bachelor degree,free/reduced,FALSE,6.8,6,77,85,73,private,TRUE
6290,male,group E,associate degree,standard,FALSE,21.6,7.2,71,,74,international,TRUE
6291,female,group D,high school,standard,TRUE,8.5,9.3,90,100,51,international,TRUE
6292,female,group B,high school,standard,FALSE,8.5,7.8,59,90,88,public,TRUE
6293,male,group D,high school,standard,TRUE,11.2,,67,74,46,public,TRUE
6294,female,group C,master degree,,FALSE,15.2,6.9,62,58,62,public,TRUE
6295,male,group C,associate degree,standard,TRUE,9.5,6.9,55,96,100,international,TRUE
6296,male,group D,bachelor degree,standard,FALSE,7.6,5.5,45,43,100,public,TRUE
6297,male,group C,bachelor degree,standard,TRUE,19.2,7.1,90,84,84,public,TRUE
6298,male,group A,bachelor degree,standard,FALSE,9,,73,30,73,international,TRUE
6299,male,group B,bachelor degree,free/reduced,TRUE,4.4,8,86,76,65,public,TRUE
6300,female,group C,high school,standard,FALSE,5.7,6.5,74,67,60,public,TRUE
6301,male,group C,high school,free/reduced,FALSE,7.4,6,65,73,89,public,TRUE
6302,female,group E,high school,standard,FALSE,8.8,7.5,52,65,80,private,TRUE
6303,male,group E,bachelor degree,standard,TRUE,4.7,6.1,75,89,67,public,TRUE
6304,male,group A,high school,standard,FALSE,0,,48,94,,public,TRUE
6305,female,group A,some college,standard,FALSE,10.5,6.3,65,72,91,private,TRUE
6306,male,group C,,standard,TRUE,5.1,8.7,48,52,40,public,TRUE
6307,female,group C,associate degree,standard,FALSE,,7.1,66,93,65,public,TRUE
6308,male,group B,high school,standard,TRUE,18.4,7.3,100,61,61,public,TRUE
6309,male,group C,high school,standard,TRUE,7.7,5.8,61,53,73,public,TRUE
6310,male,group E,associate degree,standard,FALSE,7.6,6.1,60,71,61,public,TRUE
6311,male,group B,,standard,FALSE,11.8,9.6,81,66,70,private,FALSE
6312,male,group B,bachelor degree,standard,TRUE,,6.3,79,87,73,public,TRUE
6313,female,group B,high school,free/reduced,TRUE,12.8,6,61,,84,public,TRUE
6314,female,group C,bachelor degree,standard,FALSE,20.6,6.3,67,65,84,public,TRUE
6315,female,group B,some college,standard,FALSE,19.9,7.7,59,94,66,public,TRUE
6316,male,group B,master degree,free/reduced,FALSE,,7.9,69,68,55,public,TRUE
6317,male,group A,bachelor degree,free/reduced,FALSE,15.5,8,57,36,71,public,TRUE
6318,female,group E,high school,standard,FALSE,11,5.8,73,74,74,private,TRUE
6319,female,group C,high school,standard,FALSE,10.4,6.8,64,83,90,public,TRUE
6320,female,group C,bachelor degree,standard,FALSE,6.5,8.3,72,63,76,public,TRUE
6321,female,group C,bachelor degree,standard,TRUE,10.5,7.6,48,95,55,public,TRUE
6322,female,group C,high school,standard,FALSE,8.3,7,82,75,62,public,TRUE
6323,female,group B,high school,standard,FALSE,4.2,7.5,81,88,56,international,TRUE
6324,female,group E,,standard,FALSE,9.6,7.4,77,68,76,public,TRUE
6325,male,group B,associate degree,standard,FALSE,,9.5,72,63,63,private,FALSE
6326,male,group A,associate degree,standard,TRUE,6.5,7.7,66,80,95,public,TRUE
6327,male,group C,some college,free/reduced,FALSE,17.8,7,51,76,87,public,
6328,female,group E,high school,standard,TRUE,2.6,7.2,74,65,64,public,TRUE
6329,female,group E,associate degree,free/reduced,TRUE,13.1,8.2,65,62,70,private,TRUE
6330,female,group E,high school,standard,TRUE,14,6.6,83,100,78,public,TRUE
6331,female,group D,some college,standard,FALSE,11.4,8.6,90,100,100,public,TRUE
6332,female,group B,,,TRUE,5.6,9.8,62,67,57,public,TRUE
6333,male,group C,some college,standard,FALSE,11.3,6.8,95,89,89,international,TRUE
6334,female,group B,associate degree,standard,FALSE,6,6.4,80,79,83,private,TRUE
6335,male,group A,bachelor degree,free/reduced,TRUE,10.5,7.9,71,81,80,international,TRUE
6336,female,group A,high school,standard,TRUE,,10,63,87,67,public,TRUE
6337,male,group C,,standard,TRUE,3.3,8.7,79,40,91,public,TRUE
6338,male,group A,some college,standard,FALSE,7.9,7.6,72,100,80,public,TRUE
6339,male,group A,associate degree,standard,TRUE,4.1,5.9,70,78,89,public,
6340,female,group D,bachelor degree,standard,FALSE,6.7,6,76,50,53,public,TRUE
6341,male,group B,associate degree,standard,TRUE,13.1,8.2,80,81,78,public,TRUE
6342,female,group A,high school,free/reduced,FALSE,4.4,9.9,80,76,49,public,TRUE
6343,female,group D,high school,standard,TRUE,7.7,7.9,46,71,64,international,TRUE
6344,female,group C,master degree,,FALSE,20.2,10.1,67,62,62,private,TRUE
6345,male,group B,high school,standard,FALSE,7.9,7,85,52,71,public,FALSE
6346,female,group C,associate degree,standard,FALSE,8,8.7,44,64,64,private,TRUE
6347,male,group C,high school,standard,TRUE,11,8.1,79,79,74,public,
6348,female,group C,high school,standard,FALSE,,7.5,73,48,63,public,TRUE
6349,female,group B,,free/reduced,FALSE,15.1,7.2,83,88,46,private,TRUE
6350,female,group A,some college,free/reduced,TRUE,10,6.1,80,77,79,private,FALSE
6351,female,group B,bachelor degree,standard,FALSE,13.2,7.8,63,59,84,private,TRUE
6352,male,group C,associate degree,standard,TRUE,9.5,8.3,83,78,68,public,TRUE
6353,female,group C,bachelor degree,standard,TRUE,9.3,7.2,75,98,94,public,TRUE
6354,female,group A,,standard,FALSE,13.5,,83,76,76,private,FALSE
6355,female,group E,bachelor degree,free/reduced,TRUE,10.4,9.2,56,52,74,public,TRUE
6356,female,group E,,standard,FALSE,11.2,7.7,86,66,79,public,TRUE
6357,male,group A,some college,free/reduced,FALSE,19.3,6.1,73,81,68,private,TRUE
6358,female,group C,bachelor degree,standard,FALSE,,5.7,78,64,80,international,TRUE
6359,female,group C,associate degree,free/reduced,FALSE,8.2,7.2,44,60,52,private,TRUE
6360,male,group E,bachelor degree,standard,FALSE,12.1,7.7,46,83,100,public,FALSE
6361,female,group E,,free/reduced,FALSE,1.6,8.7,57,61,38,public,FALSE
6362,male,group E,high school,free/reduced,FALSE,11.6,7.8,61,59,81,public,TRUE
6363,male,group C,high school,free/reduced,FALSE,6.1,8,72,70,75,public,TRUE
6364,male,group E,high school,standard,FALSE,9.9,,75,49,100,public,TRUE
6365,male,group A,high school,standard,TRUE,9.3,7.1,79,69,62,public,TRUE
6366,male,group C,bachelor degree,free/reduced,TRUE,4.9,8.2,70,63,69,private,TRUE
6367,female,group C,high school,standard,TRUE,10.2,9.9,91,85,72,public,TRUE
6368,male,group E,associate degree,standard,TRUE,10.6,5.8,86,74,80,international,TRUE
6369,female,group B,bachelor degree,free/reduced,FALSE,8.9,7.6,38,68,79,international,TRUE
6370,male,group D,high school,standard,TRUE,9.3,6.7,86,61,62,public,TRUE
6371,female,group E,some college,standard,FALSE,7.5,6.7,32,72,41,public,TRUE
6372,male,group D,master degree,free/reduced,TRUE,,6.3,76,84,78,private,TRUE
6373,female,group A,high school,free/reduced,TRUE,9.1,7.1,61,71,92,public,TRUE
6374,male,group E,bachelor degree,standard,TRUE,1,,59,81,73,public,TRUE
6375,male,group C,bachelor degree,standard,TRUE,20.3,4.8,76,86,65,public,TRUE
6376,male,group C,high school,free/reduced,FALSE,9.2,6.5,84,97,47,public,TRUE
6377,male,group C,some college,free/reduced,FALSE,15,6.1,74,88,64,public,TRUE
6378,male,group C,associate degree,standard,FALSE,6.4,5,66,75,71,public,TRUE
6379,female,group C,high school,standard,TRUE,11.9,7.8,84,67,71,public,TRUE
6380,male,group E,,standard,FALSE,7.1,6.7,88,76,96,private,TRUE
6381,female,group C,high school,free/reduced,FALSE,0,6.6,78,67,64,private,FALSE
6382,female,group C,some college,standard,TRUE,5.5,7.1,77,37,82,international,TRUE
6383,female,group D,bachelor degree,standard,FALSE,7.6,,100,69,56,public,FALSE
6384,female,group C,high school,standard,FALSE,5.2,5.8,70,77,90,public,TRUE
6385,male,group B,,standard,TRUE,12.1,6.8,84,92,63,public,TRUE
6386,male,group C,some college,standard,FALSE,17,5.6,79,72,61,private,TRUE
6387,male,group D,bachelor degree,standard,FALSE,9.8,,56,82,76,private,FALSE
6388,female,group C,high school,free/reduced,FALSE,13.7,6.2,52,74,58,private,TRUE
6389,female,group A,bachelor degree,standard,TRUE,11.7,7.8,58,63,63,public,TRUE
6390,female,group B,bachelor degree,standard,TRUE,12.6,7.5,61,66,73,public,FALSE
6391,male,group C,associate degree,standard,FALSE,13.2,6.3,54,71,80,public,TRUE
6392,female,group E,some college,standard,TRUE,4.8,8.1,80,36,81,public,TRUE
6393,female,group B,high school,standard,TRUE,,6.3,88,66,61,public,
6394,male,group D,some college,free/reduced,FALSE,8.5,7.3,84,74,78,public,TRUE
6395,male,group E,high school,standard,FALSE,6.2,6.9,81,68,67,public,TRUE
6396,female,group A,high school,standard,FALSE,6.2,6,48,79,69,public,TRUE
6397,male,group E,,standard,TRUE,18.7,7.5,82,56,48,public,TRUE
6398,male,group B,high school,standard,FALSE,13.1,9.3,73,69,58,public,FALSE
6399,female,group C,bachelor degree,standard,FALSE,6.4,7.3,78,46,75,public,TRUE
6400,female,group C,master degree,standard,FALSE,4.5,6.1,82,58,79,public,TRUE
6401,male,group B,master degree,standard,FALSE,,7,76,66,55,private,TRUE
6402,male,group E,some college,standard,TRUE,9.4,8.6,62,87,69,public,TRUE
6403,female,group E,some college,free/reduced,FALSE,12.9,8.8,68,98,68,public,TRUE
6404,male,group B,high school,standard,FALSE,11.9,8.8,46,74,,private,TRUE
6405,male,group D,,standard,TRUE,13.5,6.4,50,86,57,public,TRUE
6406,female,group D,some college,standard,TRUE,9.5,5,60,38,56,public,TRUE
6407,male,group B,bachelor degree,standard,FALSE,12.8,7.9,68,80,46,private,TRUE
6408,male,group D,high school,standard,FALSE,15.8,6,58,43,94,international,TRUE
6409,female,group A,bachelor degree,free/reduced,TRUE,10.7,6.4,60,50,50,public,TRUE
6410,male,group B,bachelor degree,free/reduced,FALSE,11.4,7.3,33,85,67,public,
6411,female,group A,bachelor degree,standard,FALSE,4.2,7.9,57,70,58,public,TRUE
6412,female,group A,some college,standard,FALSE,,9,72,80,,international,TRUE
6413,female,group D,some college,free/reduced,TRUE,18.2,9.2,86,39,53,public,TRUE
6414,male,group D,associate degree,free/reduced,TRUE,25.2,7.1,100,,59,public,TRUE
6415,male,group B,bachelor degree,free/reduced,TRUE,,8,74,,84,public,TRUE
6416,female,group B,high school,free/reduced,TRUE,4.9,6.3,37,52,,private,TRUE
6417,female,group E,some college,standard,FALSE,11.4,8.6,38,63,,public,TRUE
6418,male,group E,some college,standard,TRUE,0.1,4.9,59,73,69,private,TRUE
6419,female,group E,,standard,TRUE,6.7,6.8,51,83,,public,TRUE
6420,female,group B,some college,standard,TRUE,11,8.3,73,67,77,public,TRUE
6421,male,group B,some college,free/reduced,TRUE,7.4,8.5,51,75,96,public,TRUE
6422,female,group B,master degree,standard,FALSE,14.2,8.9,66,74,72,public,FALSE
6423,female,group D,high school,standard,FALSE,13.5,8.3,82,98,80,international,TRUE
6424,male,group A,bachelor degree,free/reduced,FALSE,11.9,6.5,86,,91,international,TRUE
6425,male,group D,bachelor degree,standard,TRUE,10.5,6,32,73,58,public,TRUE
6426,female,group B,high school,free/reduced,FALSE,12.2,7.3,81,85,61,public,TRUE
6427,male,group C,associate degree,standard,FALSE,10.9,7.1,65,81,77,public,TRUE
6428,male,group A,associate degree,standard,TRUE,6.8,8.7,66,73,85,public,TRUE
6429,female,group B,associate degree,free/reduced,FALSE,10.6,6.3,64,75,61,private,TRUE
6430,male,group E,,free/reduced,FALSE,7.9,,56,75,53,public,TRUE
6431,female,group B,bachelor degree,standard,FALSE,12.4,5.1,96,66,63,public,TRUE
6432,female,group E,high school,free/reduced,FALSE,2.2,6.8,88,61,78,private,TRUE
6433,male,group A,associate degree,free/reduced,FALSE,12.9,7.7,95,,81,public,TRUE
6434,female,group D,,standard,FALSE,10.5,6.5,74,81,76,public,TRUE
6435,male,group C,some college,free/reduced,FALSE,6.3,5,77,54,,public,TRUE
6436,male,group A,associate degree,standard,TRUE,3.5,7,71,99,80,public,TRUE
6437,female,group C,high school,free/reduced,FALSE,12,7.3,70,79,62,public,TRUE
6438,female,group B,associate degree,,FALSE,10.8,8.5,49,60,62,public,TRUE
6439,male,group C,associate degree,free/reduced,TRUE,11,8.3,83,70,79,public,FALSE
6440,female,group D,associate degree,standard,TRUE,12.5,5.7,73,67,70,public,FALSE
6441,female,group C,high school,free/reduced,TRUE,11.5,8.2,73,31,71,public,TRUE
6442,male,group B,,standard,FALSE,17.9,6.2,61,75,62,public,FALSE
6443,female,group E,high school,free/reduced,TRUE,0,8.4,89,61,82,public,TRUE
6444,female,group D,master degree,free/reduced,FALSE,14.3,6.8,49,84,64,public,TRUE
6445,female,group E,high school,standard,FALSE,7.2,6.8,74,76,47,public,TRUE
6446,male,group C,high school,standard,TRUE,15.3,7.4,75,91,69,public,TRUE
6447,male,group D,master degree,standard,FALSE,,5.2,62,75,67,public,TRUE
6448,female,group D,high school,standard,TRUE,19.2,6.5,81,81,68,public,TRUE
6449,male,group D,high school,standard,FALSE,14.2,7.1,63,55,86,public,TRUE
6450,female,group C,high school,free/reduced,TRUE,0.6,5,92,39,42,private,TRUE
6451,male,group C,high school,standard,TRUE,11.2,5.9,64,65,50,public,TRUE
6452,male,group C,high school,standard,FALSE,8.4,8.4,87,69,53,public,TRUE
6453,male,group E,associate degree,free/reduced,TRUE,7.3,8.4,59,67,90,public,TRUE
6454,male,group E,bachelor degree,standard,TRUE,3.3,6.7,100,81,58,public,TRUE
6455,male,group E,some college,standard,FALSE,11.5,8.1,63,98,57,public,TRUE
6456,male,group C,,standard,FALSE,9.5,9.6,41,86,61,private,TRUE
6457,female,group A,bachelor degree,standard,TRUE,9.1,8.3,66,72,73,private,TRUE
6458,male,group D,associate degree,standard,FALSE,16.5,6.3,83,77,84,public,TRUE
6459,female,group D,bachelor degree,free/reduced,TRUE,10.9,6.3,72,65,67,private,FALSE
6460,male,group A,associate degree,standard,TRUE,15.9,6.6,88,70,,public,TRUE
6461,male,group E,high school,standard,TRUE,10.8,6.4,71,67,76,private,TRUE
6462,female,group D,high school,standard,TRUE,11.3,5.5,66,89,,public,TRUE
6463,male,group E,bachelor degree,standard,TRUE,19.2,6.7,82,82,61,public,FALSE
6464,male,group E,high school,standard,FALSE,12.4,6.5,58,100,75,public,TRUE
6465,male,group E,bachelor degree,free/reduced,FALSE,0.9,6.4,62,77,71,public,TRUE
6466,female,group E,bachelor degree,free/reduced,TRUE,7.4,6.6,62,58,75,public,TRUE
6467,male,group B,some college,standard,TRUE,5.2,6.1,48,44,70,international,TRUE
6468,female,group B,some college,standard,TRUE,4.5,6.8,92,93,53,public,TRUE
6469,female,group E,high school,standard,TRUE,1.6,6,57,41,80,international,TRUE
6470,female,group D,,free/reduced,FALSE,6.3,7.5,72,83,96,public,TRUE
6471,male,group C,bachelor degree,standard,TRUE,7.2,8.3,88,84,,public,FALSE
6472,female,group E,bachelor degree,,TRUE,2.6,10.7,69,88,66,public,FALSE
6473,male,group B,high school,standard,FALSE,4.9,8.1,55,75,69,public,TRUE
6474,female,group D,,standard,TRUE,13,8.1,82,75,87,public,FALSE
6475,female,group C,,standard,TRUE,8.1,5.8,94,82,71,public,TRUE
6476,female,group B,associate degree,standard,FALSE,5,8.6,92,59,65,public,TRUE
6477,male,group E,some college,standard,FALSE,15.7,8.9,65,74,70,public,TRUE
6478,female,group A,high school,standard,FALSE,13.9,7.6,68,70,67,public,TRUE
6479,male,group E,some college,standard,TRUE,14,5.7,76,95,,public,TRUE
6480,female,group A,master degree,standard,TRUE,13.5,6.4,72,76,79,public,TRUE
6481,male,group B,,free/reduced,TRUE,6.6,5.8,56,72,89,public,TRUE
6482,female,group A,some college,standard,TRUE,1.9,5.8,52,69,72,private,TRUE
6483,female,group A,high school,standard,FALSE,0.1,8.4,67,69,85,public,TRUE
6484,female,group E,bachelor degree,standard,TRUE,17,5.4,98,53,66,private,TRUE
6485,female,group A,bachelor degree,standard,FALSE,9.9,6.9,61,48,62,public,
6486,female,group A,bachelor degree,standard,FALSE,3.6,,81,92,69,private,TRUE
6487,female,group E,high school,free/reduced,FALSE,10.3,5.6,78,41,71,public,TRUE
6488,female,group E,bachelor degree,standard,FALSE,7.9,8.3,48,76,,international,FALSE
6489,female,group B,some college,free/reduced,FALSE,8.3,6.5,55,62,64,public,TRUE
6490,male,group B,high school,free/reduced,TRUE,8.1,7.4,56,72,78,private,TRUE
6491,female,group C,bachelor degree,standard,FALSE,10.6,7.1,73,48,65,international,FALSE
6492,male,group A,master degree,standard,TRUE,,,70,69,73,international,TRUE
6493,male,group C,high school,,TRUE,11.4,6.4,72,55,76,public,TRUE
6494,male,group C,associate degree,standard,FALSE,8.9,6.6,83,68,62,private,TRUE
6495,male,group C,high school,standard,FALSE,4.6,7.6,61,58,83,public,TRUE
6496,female,group D,,free/reduced,TRUE,4.6,6.2,65,75,73,international,TRUE
6497,male,group C,some college,standard,FALSE,2.5,7.5,79,79,41,public,
6498,female,group E,associate degree,standard,FALSE,15.8,6.5,51,,81,international,TRUE
6499,male,group C,master degree,standard,TRUE,6.1,,57,49,76,public,TRUE
6500,female,group B,some college,,TRUE,4.5,6.3,72,60,66,international,TRUE
6501,female,group D,associate degree,standard,FALSE,18.2,7.1,80,82,58,public,FALSE
6502,male,group B,master degree,free/reduced,TRUE,6.7,8.7,57,83,85,public,FALSE
6503,male,group A,bachelor degree,standard,TRUE,11.1,7.8,77,61,100,public,TRUE
6504,male,group B,bachelor degree,free/reduced,FALSE,5.1,5.8,79,79,57,public,FALSE
6505,male,group E,high school,free/reduced,TRUE,4.5,5.7,77,76,55,public,TRUE
6506,male,group C,associate degree,standard,FALSE,10.2,,56,,81,public,
6507,female,group D,high school,standard,TRUE,13.4,7.4,71,89,83,public,TRUE
6508,male,group D,associate degree,standard,TRUE,19.2,6.3,97,100,84,private,TRUE
6509,female,group C,associate degree,standard,TRUE,6.6,7.4,53,57,79,public,TRUE
6510,female,group D,some college,standard,TRUE,5.7,7.4,39,68,65,public,TRUE
6511,male,group E,some college,standard,FALSE,14.5,7,90,76,71,public,FALSE
6512,male,group E,some college,free/reduced,TRUE,8.3,6.3,74,70,70,public,FALSE
6513,female,group A,some college,standard,TRUE,,7.8,95,72,83,public,TRUE
6514,male,group C,bachelor degree,free/reduced,FALSE,11.3,,72,77,62,public,TRUE
6515,female,group C,associate degree,free/reduced,TRUE,2.9,7.4,71,57,63,public,TRUE
6516,male,group E,some college,standard,FALSE,10.4,6,66,91,45,public,
6517,female,group C,master degree,standard,FALSE,15,6.3,65,71,,public,TRUE
6518,female,group B,high school,standard,FALSE,15.2,5.8,70,86,58,public,TRUE
6519,female,group E,some college,standard,TRUE,5.3,7.5,79,83,68,international,FALSE
6520,male,group D,high school,free/reduced,FALSE,6.6,5.3,67,81,66,public,TRUE
6521,female,group C,some college,standard,TRUE,11.9,5.9,100,74,63,private,FALSE
6522,female,group C,master degree,standard,TRUE,,8,55,64,43,public,
6523,male,group B,associate degree,standard,FALSE,13.9,4.4,57,59,54,private,TRUE
6524,male,group A,high school,free/reduced,FALSE,8.9,8.5,75,76,,public,TRUE
6525,female,group E,associate degree,standard,FALSE,,8.1,81,98,64,private,TRUE
6526,male,group D,bachelor degree,standard,FALSE,9,7.9,48,73,78,public,TRUE
6527,female,group C,high school,standard,FALSE,5.7,7.5,99,78,79,private,FALSE
6528,male,group C,some college,standard,TRUE,8.1,7.2,60,66,79,public,TRUE
6529,female,group E,master degree,standard,FALSE,,7.9,61,73,73,public,TRUE
6530,male,group A,,standard,TRUE,8.4,8.8,75,79,60,private,TRUE
6531,male,group A,some college,free/reduced,FALSE,0.4,7.4,68,83,62,public,TRUE
6532,female,group C,high school,standard,FALSE,13.9,8.9,73,70,61,private,TRUE
6533,female,group C,some college,free/reduced,TRUE,7.9,7.2,98,72,67,international,TRUE
6534,female,group B,bachelor degree,standard,FALSE,12.7,4,90,61,82,private,TRUE
6535,female,group D,some college,standard,TRUE,12.6,6.7,43,88,,public,TRUE
6536,female,group D,master degree,standard,TRUE,16.6,6.5,65,85,47,private,FALSE
6537,female,group E,associate degree,standard,TRUE,4.5,9.4,57,67,51,private,TRUE
6538,female,group A,high school,standard,TRUE,13.9,6.5,87,70,60,public,TRUE
6539,female,group D,high school,free/reduced,FALSE,4.1,6.6,77,51,92,public,TRUE
6540,female,group C,some college,free/reduced,FALSE,15.4,6.8,75,56,73,public,TRUE
6541,male,group D,high school,standard,FALSE,5.4,7.7,72,47,73,private,
6542,male,group B,some college,standard,TRUE,11.3,5.9,84,70,66,public,TRUE
6543,female,group D,associate degree,standard,FALSE,14.7,6.2,91,65,37,public,TRUE
6544,male,group D,,standard,TRUE,9.5,8.3,87,90,77,public,TRUE
6545,male,group B,high school,free/reduced,FALSE,5.8,6.1,70,50,72,public,TRUE
6546,female,group B,bachelor degree,standard,TRUE,,5.4,82,56,49,public,TRUE
6547,female,group B,some college,standard,TRUE,8.6,7.5,53,47,80,public,TRUE
6548,female,group B,some college,standard,FALSE,16.9,8.4,33,56,76,public,TRUE
6549,male,group C,,,FALSE,3.6,9,100,100,75,public,TRUE
6550,female,group B,associate degree,free/reduced,FALSE,14.3,,76,38,55,public,TRUE
6551,female,group E,high school,free/reduced,TRUE,11.7,8.3,53,59,67,private,TRUE
6552,male,group B,bachelor degree,standard,TRUE,3.2,8.3,90,65,59,public,TRUE
6553,female,group E,bachelor degree,,FALSE,13.4,6.6,69,47,80,public,TRUE
6554,female,group A,associate degree,standard,FALSE,9,11,45,80,63,public,
6555,male,group C,,standard,TRUE,15.6,6.9,63,81,88,international,TRUE
6556,male,group C,high school,free/reduced,TRUE,16.5,7.3,78,69,68,public,TRUE
6557,male,group B,some college,standard,FALSE,7.8,6.4,66,58,71,public,TRUE
6558,male,group B,some college,,FALSE,2.6,10.6,86,68,53,public,TRUE
6559,female,group D,bachelor degree,standard,FALSE,8,7.6,74,85,71,public,TRUE
6560,female,group C,,standard,TRUE,9.5,7.4,69,66,44,public,TRUE
6561,female,group A,associate degree,standard,FALSE,6.3,8.1,62,76,50,public,FALSE
6562,female,group B,high school,free/reduced,TRUE,6.6,6.9,57,87,83,private,TRUE
6563,male,group C,master degree,free/reduced,TRUE,12.2,7.4,54,87,58,public,TRUE
6564,male,group A,some college,standard,FALSE,17.1,8.8,41,69,82,international,TRUE
6565,male,group B,associate degree,standard,FALSE,9.6,7.2,80,,73,private,TRUE
6566,female,group E,bachelor degree,free/reduced,TRUE,11.2,8.6,79,65,85,private,FALSE
6567,female,group A,high school,free/reduced,FALSE,,8.7,83,90,,public,TRUE
6568,male,group D,high school,standard,FALSE,9.7,5.1,60,73,84,public,TRUE
6569,female,group A,some college,standard,TRUE,11.7,6.2,66,52,76,public,TRUE
6570,male,group B,high school,standard,FALSE,8.4,8,78,66,77,international,FALSE
6571,male,group B,associate degree,standard,FALSE,13.2,8.3,58,,95,private,TRUE
6572,male,group B,,standard,FALSE,16.8,5.8,82,70,80,private,TRUE
6573,female,group A,associate degree,standard,FALSE,6,10.1,70,48,80,public,TRUE
6574,female,group A,high school,standard,FALSE,10.6,7.2,76,73,89,public,TRUE
6575,male,group C,some college,free/reduced,TRUE,16.7,5.6,79,94,51,private,TRUE
6576,female,group B,master degree,standard,FALSE,9.7,6.1,80,65,60,public,TRUE
6577,male,group E,some college,free/reduced,TRUE,0.4,7.7,48,54,88,private,FALSE
6578,female,group C,some college,free/reduced,FALSE,13,5.9,93,96,,private,FALSE
6579,male,group D,associate degree,standard,TRUE,12.9,9,62,100,97,private,TRUE
6580,male,group A,high school,free/reduced,FALSE,17.3,8,100,60,74,public,TRUE
6581,female,group E,,standard,FALSE,0.7,9.3,58,55,49,private,TRUE
6582,female,group A,bachelor degree,free/reduced,FALSE,9,6.4,49,77,73,public,TRUE
6583,female,group D,high school,free/reduced,TRUE,5.5,5.8,63,50,97,public,TRUE
6584,female,group C,high school,free/reduced,FALSE,20.9,7.6,60,60,56,international,TRUE
6585,male,group E,high school,standard,FALSE,5.2,9.4,42,35,75,public,TRUE
6586,female,group E,associate degree,free/reduced,TRUE,3.5,9.1,42,67,80,international,TRUE
6587,female,group D,high school,standard,TRUE,8.8,7.7,57,76,77,public,
6588,male,group D,high school,standard,FALSE,4,8,74,95,,private,TRUE
6589,female,group E,master degree,standard,FALSE,,5.4,79,,84,public,TRUE
6590,male,group C,high school,free/reduced,FALSE,0.3,8.7,61,72,,public,FALSE
6591,male,group C,high school,standard,FALSE,3.9,5.8,68,76,74,public,FALSE
6592,female,group B,some college,free/reduced,FALSE,7.6,7.5,78,88,91,private,FALSE
6593,male,group B,high school,standard,TRUE,11.4,7,81,,,private,TRUE
6594,male,group B,master degree,standard,TRUE,,8.5,86,87,64,international,TRUE
6595,male,group D,,free/reduced,FALSE,12.4,6.9,84,77,62,public,TRUE
6596,female,group B,associate degree,standard,FALSE,15.4,6.9,77,64,55,private,
6597,female,group D,master degree,standard,TRUE,16.7,7.3,89,88,88,private,TRUE
6598,female,group C,associate degree,standard,TRUE,14.1,,77,70,61,public,TRUE
6599,male,group C,high school,free/reduced,TRUE,2.3,8.6,52,86,65,international,FALSE
6600,male,group D,high school,standard,TRUE,10,6.8,82,75,60,private,TRUE
6601,male,group C,high school,standard,TRUE,0,7.9,81,53,69,private,TRUE
6602,female,group C,bachelor degree,free/reduced,FALSE,4.5,,65,53,36,public,FALSE
6603,female,group E,some college,standard,TRUE,16,7.1,65,71,70,public,TRUE
6604,female,group D,high school,standard,FALSE,9.4,7.4,61,71,78,private,TRUE
6605,female,group B,master degree,free/reduced,FALSE,8.4,4.5,86,64,75,private,TRUE
6606,female,group B,high school,standard,FALSE,11,8.2,91,81,54,public,TRUE
6607,female,group C,high school,standard,TRUE,14.4,10,90,67,58,public,TRUE
6608,female,group A,associate degree,free/reduced,FALSE,10.6,5.6,87,75,43,public,TRUE
6609,male,group B,associate degree,free/reduced,FALSE,0,9,98,60,61,public,TRUE
6610,male,group A,associate degree,free/reduced,FALSE,6.1,8.4,72,86,76,public,TRUE
6611,female,group C,some college,standard,FALSE,0,6.3,91,65,61,private,TRUE
6612,female,group E,some college,standard,TRUE,,5.8,68,80,79,public,TRUE
6613,male,group D,,standard,TRUE,13.8,,73,76,66,public,FALSE
6614,female,group B,bachelor degree,standard,TRUE,11.5,7.2,65,97,75,private,TRUE
6615,female,group B,some college,standard,FALSE,2.7,5.1,76,86,75,international,FALSE
6616,male,group D,some college,standard,FALSE,17.4,8.1,76,53,44,private,TRUE
6617,female,group A,bachelor degree,standard,TRUE,,7.7,86,100,62,public,FALSE
6618,male,group D,some college,standard,FALSE,0.8,8.3,82,70,46,public,TRUE
6619,female,group D,some college,standard,TRUE,15.6,6,91,75,59,public,TRUE
6620,male,group D,master degree,standard,TRUE,0.7,9.5,80,30,,private,TRUE
6621,female,group C,associate degree,standard,TRUE,1.6,8.6,71,71,77,international,TRUE
6622,male,group A,high school,standard,TRUE,,5,74,58,95,public,TRUE
6623,male,group D,bachelor degree,standard,FALSE,16.3,9.2,61,54,72,private,TRUE
6624,male,group C,,free/reduced,TRUE,7.7,6.7,80,,73,public,TRUE
6625,male,group E,high school,standard,TRUE,12,8.9,85,57,71,public,TRUE
6626,female,group C,associate degree,standard,FALSE,11.3,7.3,85,69,63,public,FALSE
6627,male,group D,high school,free/reduced,FALSE,,8.9,92,81,75,public,TRUE
6628,male,group B,high school,standard,TRUE,14.4,9.1,73,76,61,public,FALSE
6629,male,group C,some college,,FALSE,2.6,10.9,88,61,92,public,TRUE
6630,female,group D,high school,standard,FALSE,10.7,7.7,68,46,96,international,TRUE
6631,male,group E,high school,standard,FALSE,1.9,8.5,76,87,67,public,TRUE
6632,male,group C,associate degree,standard,TRUE,18,5.3,65,69,75,public,TRUE
6633,male,group E,some college,standard,FALSE,16.6,6.8,85,59,58,public,TRUE
6634,female,group C,high school,standard,TRUE,,6.1,53,81,66,public,TRUE
6635,male,group C,high school,standard,FALSE,9.5,7.2,74,58,50,public,TRUE
6636,female,group E,some college,standard,TRUE,14.5,5.9,78,77,53,private,TRUE
6637,male,group C,high school,standard,FALSE,7.1,5.7,71,76,92,private,TRUE
6638,female,group D,some college,free/reduced,FALSE,10.6,7.1,64,100,85,public,TRUE
6639,male,group E,associate degree,standard,FALSE,6.7,7.8,80,52,59,public,TRUE
6640,male,group E,bachelor degree,standard,FALSE,8.7,4.4,67,69,66,private,TRUE
6641,male,group D,bachelor degree,standard,FALSE,10.2,7.1,37,57,61,public,TRUE
6642,female,group C,some college,standard,FALSE,6.8,8.4,68,81,76,public,TRUE
6643,female,group E,high school,free/reduced,FALSE,11.8,8.1,74,61,67,private,TRUE
6644,female,group E,high school,standard,FALSE,0,7.3,77,58,79,public,TRUE
6645,female,group E,,standard,TRUE,,6.9,67,84,80,public,TRUE
6646,female,group D,,standard,TRUE,,6.3,35,73,77,public,TRUE
6647,female,group C,bachelor degree,standard,FALSE,6.5,8.7,72,69,69,public,TRUE
6648,male,group B,high school,free/reduced,TRUE,,6.8,66,74,67,public,TRUE
6649,female,group B,some college,standard,FALSE,14.6,8,44,75,55,international,TRUE
6650,female,group A,high school,standard,FALSE,11.1,9.5,71,,82,public,TRUE
6651,female,group E,master degree,standard,FALSE,7.6,8.6,100,74,73,public,TRUE
6652,male,group B,some college,standard,FALSE,4.8,7.1,62,88,73,public,TRUE
6653,male,group E,some college,standard,FALSE,12.5,7.3,90,97,70,public,TRUE
6654,male,group D,associate degree,free/reduced,FALSE,,6.9,94,50,52,public,TRUE
6655,female,group A,some college,standard,TRUE,3,7.8,57,95,78,public,TRUE
6656,female,group A,associate degree,standard,FALSE,7.7,5.8,88,50,74,public,TRUE
6657,female,group B,master degree,,FALSE,8.5,5.4,36,89,62,public,FALSE
6658,female,group A,,standard,FALSE,16.2,6,83,,60,public,
6659,female,group A,some college,free/reduced,FALSE,4.5,6.8,68,47,83,public,TRUE
6660,female,group B,master degree,free/reduced,TRUE,13.4,7,52,94,50,public,TRUE
6661,female,group E,bachelor degree,standard,TRUE,9.2,8.7,58,47,62,public,TRUE
6662,female,group B,associate degree,standard,TRUE,13.5,5.1,64,59,73,public,TRUE
6663,female,group A,high school,standard,TRUE,13.4,7.9,88,75,57,public,TRUE
6664,female,group D,bachelor degree,standard,FALSE,8.5,7.6,59,87,69,public,TRUE
6665,male,group C,bachelor degree,free/reduced,TRUE,12,,85,59,42,public,TRUE
6666,female,group E,high school,free/reduced,FALSE,13.5,,50,66,92,public,TRUE
6667,female,group B,,,TRUE,12.2,7.3,68,70,57,public,TRUE
6668,female,group E,associate degree,free/reduced,TRUE,9.7,5.8,76,63,74,public,TRUE
6669,male,group C,associate degree,standard,FALSE,17,7.3,78,42,59,private,FALSE
6670,male,group A,associate degree,free/reduced,TRUE,12.3,7.4,100,96,65,private,TRUE
6671,female,group A,bachelor degree,standard,FALSE,12.3,,73,77,81,public,TRUE
6672,female,group E,high school,free/reduced,TRUE,16.5,9.1,86,89,66,public,TRUE
6673,male,group D,high school,standard,TRUE,2.7,6,62,92,70,private,FALSE
6674,male,group C,high school,standard,TRUE,9.3,7.9,78,,82,public,TRUE
6675,male,group E,associate degree,standard,FALSE,9,6.9,68,41,79,private,TRUE
6676,male,group A,some college,standard,FALSE,,6.5,87,88,72,public,TRUE
6677,female,group E,bachelor degree,standard,TRUE,10,8.7,83,66,80,private,TRUE
6678,male,group B,bachelor degree,free/reduced,FALSE,6.4,7.7,71,58,100,public,TRUE
6679,female,group D,bachelor degree,standard,FALSE,8.6,7.6,44,74,72,private,TRUE
6680,male,group C,high school,free/reduced,TRUE,11.7,8,70,71,58,private,TRUE
6681,female,group A,high school,standard,TRUE,10.4,7,67,88,,public,TRUE
6682,female,group B,,standard,TRUE,6.2,8.9,56,100,75,public,FALSE
6683,male,group A,,free/reduced,FALSE,5.5,,74,79,93,public,TRUE
6684,male,group D,bachelor degree,free/reduced,FALSE,9.5,7.9,38,67,59,public,TRUE
6685,male,group B,high school,standard,FALSE,,6.3,70,60,73,private,FALSE
6686,male,group E,high school,free/reduced,TRUE,17.3,8.5,67,99,42,public,TRUE
6687,male,group E,some college,standard,TRUE,7.5,7.6,86,71,,private,
6688,male,group D,some college,standard,TRUE,1.8,10.3,71,60,87,public,TRUE
6689,female,group B,high school,standard,FALSE,4.9,7.7,32,51,100,international,TRUE
6690,female,group D,some college,standard,FALSE,8.6,3.9,64,62,94,public,TRUE
6691,female,group E,bachelor degree,standard,TRUE,,6.8,51,93,62,international,TRUE
6692,male,group B,,standard,TRUE,16.4,8.8,90,81,,public,TRUE
6693,female,group E,master degree,,TRUE,12.5,7.5,60,84,35,public,TRUE
6694,male,group C,high school,standard,TRUE,7.1,4.9,82,59,58,private,TRUE
6695,female,group C,bachelor degree,free/reduced,TRUE,10.8,8.9,70,70,84,public,TRUE
6696,female,group A,high school,free/reduced,TRUE,0,7.8,68,62,70,private,TRUE
6697,female,group B,bachelor degree,standard,TRUE,15.8,,83,67,52,public,TRUE
6698,female,group C,some college,standard,FALSE,12.1,7.2,62,74,84,public,TRUE
6699,female,group C,some college,standard,FALSE,22.4,,83,76,65,public,TRUE
6700,male,group B,bachelor degree,standard,FALSE,16.7,8.5,57,65,51,public,TRUE
6701,female,group B,some college,standard,FALSE,5.7,8.8,59,62,,private,TRUE
6702,female,group C,some college,free/reduced,FALSE,8.7,7.7,52,69,75,international,TRUE
6703,female,group C,associate degree,free/reduced,TRUE,,8.1,53,74,61,private,TRUE
6704,female,group D,master degree,standard,TRUE,17.5,8.9,52,74,62,public,TRUE
6705,male,group A,associate degree,free/reduced,FALSE,7.5,7.9,60,64,99,public,TRUE
6706,female,group C,associate degree,standard,FALSE,10.8,8.3,92,61,54,public,TRUE
6707,female,group C,high school,standard,TRUE,11.3,7.5,90,73,50,public,TRUE
6708,male,group A,some college,free/reduced,TRUE,9.4,4.5,73,82,67,international,TRUE
6709,female,group C,bachelor degree,standard,TRUE,14.7,10,100,83,54,private,FALSE
6710,female,group D,some college,free/reduced,FALSE,16.4,7.2,68,78,,public,TRUE
6711,male,group D,high school,standard,FALSE,16.4,4.1,42,62,59,public,FALSE
6712,male,group B,some college,free/reduced,FALSE,9.1,6.3,86,69,98,public,TRUE
6713,female,group E,associate degree,free/reduced,FALSE,11.2,7.9,55,41,83,public,TRUE
6714,male,group E,bachelor degree,standard,TRUE,,7.6,100,78,81,public,TRUE
6715,male,group C,,free/reduced,FALSE,11.1,9.9,59,67,75,public,TRUE
6716,male,group C,some college,standard,TRUE,9.7,6.8,81,97,63,public,TRUE
6717,male,group A,,standard,TRUE,4.4,6.5,44,88,77,public,TRUE
6718,male,group D,,standard,TRUE,12.5,7.1,52,83,77,public,TRUE
6719,male,group A,associate degree,standard,TRUE,,10.3,78,61,,public,TRUE
6720,female,group D,some college,standard,TRUE,12.7,,62,52,72,international,TRUE
6721,male,group C,high school,standard,TRUE,3.6,6.1,99,84,62,public,FALSE
6722,male,group E,high school,free/reduced,FALSE,11.6,6.8,60,75,73,public,TRUE
6723,female,group C,bachelor degree,standard,FALSE,0,5.4,90,73,76,public,TRUE
6724,male,group A,associate degree,standard,FALSE,7.5,8.9,100,68,72,public,TRUE
6725,female,group C,bachelor degree,standard,FALSE,,7.1,78,72,88,public,TRUE
6726,male,group A,high school,standard,FALSE,16.1,7.3,58,59,65,public,TRUE
6727,male,group C,associate degree,standard,FALSE,9,8.8,44,76,54,public,FALSE
6728,male,group B,associate degree,standard,FALSE,6.6,7,68,,82,public,
6729,female,group C,some college,free/reduced,TRUE,13.4,5.3,76,78,71,public,TRUE
6730,female,group C,,standard,FALSE,13.3,5.3,68,74,47,private,TRUE
6731,male,group C,bachelor degree,standard,FALSE,7.3,7.2,58,66,93,public,TRUE
6732,female,group D,some college,free/reduced,TRUE,15.2,6.3,82,64,42,international,TRUE
6733,female,group A,high school,free/reduced,FALSE,13.9,6.5,63,78,84,public,TRUE
6734,female,group C,some college,free/reduced,FALSE,5.6,,60,84,81,public,TRUE
6735,female,group C,some college,free/reduced,FALSE,5.2,10.5,83,84,63,international,TRUE
6736,male,group E,master degree,standard,FALSE,2.7,5.2,64,72,62,public,TRUE
6737,male,group C,some college,standard,FALSE,10.9,,67,64,66,public,TRUE
6738,male,group D,associate degree,free/reduced,TRUE,3.8,7.7,63,70,80,private,TRUE
6739,female,group E,some college,standard,TRUE,5.7,4.9,53,83,47,international,TRUE
6740,male,group C,high school,standard,FALSE,5.7,5.1,61,,,private,TRUE
6741,female,group C,high school,free/reduced,TRUE,17.9,6.5,65,40,71,public,FALSE
6742,female,group D,,standard,FALSE,13.5,8.1,57,72,73,public,FALSE
6743,female,group B,,standard,FALSE,13.1,7,62,65,81,public,FALSE
6744,male,group A,high school,free/reduced,FALSE,16.8,5.7,53,71,88,public,TRUE
6745,female,group E,high school,standard,TRUE,11.2,7,44,77,65,public,TRUE
6746,male,group C,high school,free/reduced,FALSE,,8.4,64,67,44,public,TRUE
6747,female,group D,some college,standard,TRUE,13.4,8.3,31,79,94,public,TRUE
6748,female,group A,,free/reduced,FALSE,,6.9,46,89,82,international,FALSE
6749,female,group B,,free/reduced,FALSE,9.7,9.4,92,75,68,public,TRUE
6750,female,group C,bachelor degree,standard,TRUE,13.3,5,66,57,62,private,TRUE
6751,male,group C,some college,standard,FALSE,6.7,7.5,76,80,97,public,
6752,female,group B,bachelor degree,free/reduced,TRUE,8.9,6,78,55,72,public,TRUE
6753,male,group E,some college,standard,FALSE,9.4,3.6,77,69,94,international,
6754,female,group B,high school,free/reduced,FALSE,12.3,8.1,94,99,84,international,TRUE
6755,male,group C,associate degree,,FALSE,10.3,7.6,60,79,75,public,TRUE
6756,male,group B,high school,free/reduced,TRUE,12.6,7.5,83,63,61,public,TRUE
6757,male,group B,master degree,free/reduced,FALSE,9.1,7.9,31,,67,public,TRUE
6758,male,group B,some college,,FALSE,2.8,10.6,63,76,51,international,TRUE
6759,female,group C,some college,free/reduced,FALSE,8.5,7.8,55,66,66,public,FALSE
6760,male,group C,some college,free/reduced,FALSE,5.3,7.1,73,73,80,public,TRUE
6761,male,group A,bachelor degree,standard,FALSE,6.6,,67,76,58,private,TRUE
6762,female,group B,some college,standard,TRUE,5.4,3.5,77,91,70,public,TRUE
6763,female,group A,some college,free/reduced,FALSE,3.2,6.6,77,100,84,public,TRUE
6764,female,group E,bachelor degree,standard,FALSE,14.3,9.2,97,61,82,public,TRUE
6765,female,group A,associate degree,standard,FALSE,9.5,,47,59,,public,
6766,female,group C,some college,standard,TRUE,5.9,7.4,84,77,92,public,TRUE
6767,female,group C,,free/reduced,FALSE,9.4,7.1,56,44,68,public,TRUE
6768,female,group B,,standard,TRUE,9.3,5,56,84,42,public,TRUE
6769,male,group C,bachelor degree,standard,TRUE,7.2,8.2,70,78,75,public,FALSE
6770,male,group A,high school,standard,FALSE,17.7,,68,75,85,private,TRUE
6771,female,group E,high school,standard,TRUE,7.7,7.3,76,85,87,public,TRUE
6772,female,group E,high school,standard,FALSE,12.4,7.8,52,80,50,private,FALSE
6773,male,group E,bachelor degree,standard,TRUE,12.9,8.9,100,77,60,public,TRUE
6774,male,group C,associate degree,standard,TRUE,0,7.1,100,97,75,public,TRUE
6775,male,group B,some college,free/reduced,FALSE,4.8,6.7,83,65,72,public,TRUE
6776,male,group C,bachelor degree,standard,TRUE,0.4,5.3,83,57,73,international,
6777,female,group A,high school,standard,FALSE,6.4,7.9,58,78,56,international,FALSE
6778,female,group D,,standard,FALSE,8.8,8.2,78,46,85,private,TRUE
6779,male,group A,high school,standard,TRUE,,6.8,42,86,63,public,TRUE
6780,female,group E,,standard,FALSE,,6.4,67,47,61,private,TRUE
6781,male,group E,bachelor degree,standard,FALSE,11.9,4.6,72,65,56,public,TRUE
6782,male,group C,some college,free/reduced,TRUE,6.8,8.6,50,54,64,public,TRUE
6783,male,group B,bachelor degree,standard,TRUE,11.8,,65,83,,public,TRUE
6784,male,group E,some college,standard,TRUE,,7.8,89,76,71,public,TRUE
6785,male,group B,high school,free/reduced,FALSE,7.1,6.7,51,96,83,public,
6786,female,group C,master degree,,TRUE,0,,82,61,79,public,TRUE
6787,female,group C,,standard,TRUE,,6.7,70,83,76,public,TRUE
6788,male,group D,some college,standard,TRUE,,9.5,51,63,64,public,TRUE
6789,male,group E,high school,standard,FALSE,15.2,7,78,78,74,public,
6790,female,group B,some college,standard,FALSE,2.2,6.1,85,67,76,international,TRUE
6791,female,group D,associate degree,standard,TRUE,7,6.8,53,76,72,international,TRUE
6792,female,group D,some college,standard,TRUE,8.5,,64,92,64,public,FALSE
6793,female,group D,bachelor degree,standard,FALSE,,8.3,53,91,58,public,
6794,female,group C,bachelor degree,free/reduced,FALSE,5.9,,78,71,64,private,FALSE
6795,male,group C,associate degree,standard,FALSE,7.8,6.4,79,74,69,private,TRUE
6796,male,group D,,standard,FALSE,16.1,,79,51,62,public,TRUE
6797,male,group C,bachelor degree,standard,TRUE,7,7.1,80,65,74,public,TRUE
6798,female,group E,high school,standard,FALSE,6.6,8.4,48,50,68,public,TRUE
6799,male,group B,some college,standard,FALSE,19.5,5.7,66,97,60,public,FALSE
6800,female,group C,high school,standard,FALSE,9.1,6.7,44,96,72,private,TRUE
6801,male,group C,master degree,standard,FALSE,9,5.8,60,,66,private,TRUE
6802,female,group C,high school,free/reduced,TRUE,23,7.7,60,74,65,public,TRUE
6803,female,group B,some college,standard,FALSE,12.6,7.5,61,66,86,private,TRUE
6804,female,group A,master degree,standard,FALSE,17.1,7.6,55,,59,private,TRUE
6805,female,group C,bachelor degree,free/reduced,FALSE,10.9,6.5,80,80,53,public,TRUE
6806,female,group B,,standard,FALSE,9.9,,100,69,56,international,TRUE
6807,female,group E,bachelor degree,standard,TRUE,18.7,7.7,70,56,69,public,TRUE
6808,male,group C,,standard,FALSE,,,53,82,68,public,TRUE
6809,male,group A,some college,free/reduced,FALSE,9.2,6.5,36,71,44,public,TRUE
6810,female,group D,master degree,free/reduced,FALSE,7.8,7.7,54,71,77,public,TRUE
6811,male,group D,high school,standard,FALSE,,8.6,65,80,74,public,TRUE
6812,female,group B,high school,standard,FALSE,0,,95,98,82,public,FALSE
6813,male,group D,some college,standard,FALSE,6.9,,56,87,59,public,TRUE
6814,male,group B,associate degree,standard,FALSE,22,6.1,77,77,63,public,TRUE
6815,female,group E,high school,standard,FALSE,14,6.2,70,56,91,international,TRUE
6816,female,group A,high school,standard,FALSE,8.1,6,43,45,82,private,FALSE
6817,female,group D,,standard,TRUE,13.3,7.9,51,57,46,private,TRUE
6818,female,group A,some college,standard,TRUE,16.6,8.7,83,77,71,public,TRUE
6819,male,group C,master degree,free/reduced,FALSE,10.7,7.2,64,56,56,public,TRUE
6820,female,group C,bachelor degree,standard,TRUE,3.6,6,75,70,66,public,
6821,male,group E,high school,free/reduced,FALSE,8.4,9.2,79,81,80,public,TRUE
6822,male,group E,high school,standard,TRUE,9.9,5,78,83,66,international,TRUE
6823,female,group E,high school,standard,FALSE,6.2,5.3,51,,76,public,TRUE
6824,male,group C,master degree,free/reduced,FALSE,,6.8,69,75,83,public,TRUE
6825,male,group C,bachelor degree,standard,TRUE,9.4,6.9,68,64,78,public,TRUE
6826,female,group E,high school,free/reduced,TRUE,0,7.1,24,59,82,public,TRUE
6827,female,group B,high school,free/reduced,TRUE,13.6,7.5,59,75,69,public,TRUE
6828,male,group B,high school,free/reduced,FALSE,15.8,5,81,94,79,private,TRUE
6829,male,group E,high school,free/reduced,FALSE,9.3,6.6,57,53,91,public,TRUE
6830,male,group E,associate degree,standard,FALSE,8.9,8.1,51,68,89,public,TRUE
6831,female,group A,high school,free/reduced,FALSE,6.1,7.5,74,71,76,private,TRUE
6832,male,group D,bachelor degree,free/reduced,TRUE,10,5.6,75,81,52,international,TRUE
6833,male,group D,associate degree,standard,TRUE,9.8,5,75,87,54,public,TRUE
6834,male,group D,master degree,standard,FALSE,9.2,7.1,64,75,55,public,TRUE
6835,male,group C,high school,free/reduced,TRUE,4.9,7.8,65,76,86,public,TRUE
6836,male,group C,bachelor degree,standard,FALSE,8.6,7.5,64,54,64,public,TRUE
6837,male,group E,some college,standard,TRUE,11,4.5,80,,66,public,TRUE
6838,female,group D,high school,free/reduced,FALSE,9.9,7.2,75,66,73,private,TRUE
6839,female,group E,associate degree,standard,TRUE,16.7,7.3,62,64,63,public,TRUE
6840,female,group B,,standard,FALSE,5.6,8.4,84,62,65,public,FALSE
6841,female,group A,some college,free/reduced,TRUE,12.5,7,81,72,,private,FALSE
6842,male,group C,master degree,standard,FALSE,2.6,6.9,85,55,88,public,TRUE
6843,female,group D,bachelor degree,standard,TRUE,14.9,,69,89,50,private,TRUE
6844,male,group E,,standard,FALSE,7,,52,57,94,public,TRUE
6845,female,group B,,standard,FALSE,19.4,5.7,73,65,68,public,FALSE
6846,male,group B,bachelor degree,standard,TRUE,3.6,5.5,100,79,74,international,FALSE
6847,female,group E,some college,standard,FALSE,11.7,5.7,85,53,96,public,TRUE
6848,female,group C,associate degree,free/reduced,TRUE,9.1,9.2,67,52,68,private,TRUE
6849,female,group E,high school,standard,TRUE,8.8,7,51,84,73,private,TRUE
6850,male,group B,bachelor degree,standard,TRUE,16.5,8.2,67,,68,public,FALSE
6851,male,group C,,,FALSE,9.8,9,58,78,84,private,TRUE
6852,female,group D,high school,standard,FALSE,3.1,,71,56,,public,TRUE
6853,female,group D,bachelor degree,free/reduced,FALSE,9.7,7.4,48,80,75,public,TRUE
6854,female,group B,high school,standard,FALSE,0,,66,80,55,public,TRUE
6855,male,group B,high school,standard,FALSE,16,6,100,67,75,public,TRUE
6856,male,group B,some college,free/reduced,TRUE,7.2,6.7,82,83,100,international,TRUE
6857,female,group A,bachelor degree,free/reduced,TRUE,10.5,7.8,58,51,62,public,TRUE
6858,male,group A,some college,standard,FALSE,16.7,8.3,43,66,81,public,TRUE
6859,male,group A,,standard,FALSE,12.5,6.5,57,,62,international,TRUE
6860,male,group A,high school,standard,FALSE,8.2,8.9,69,59,96,public,TRUE
6861,male,group A,high school,standard,FALSE,5.5,6.8,95,,65,private,TRUE
6862,female,group B,master degree,standard,TRUE,9.6,,87,96,72,international,TRUE
6863,female,group D,high school,free/reduced,FALSE,7.9,,47,63,82,public,TRUE
6864,male,group D,high school,standard,FALSE,0,6.5,51,50,58,international,TRUE
6865,male,group B,associate degree,,TRUE,9,6.7,88,73,73,public,TRUE
6866,female,group E,bachelor degree,free/reduced,TRUE,8.8,6.9,65,63,100,international,TRUE
6867,female,group D,high school,standard,FALSE,8.5,6.6,56,74,76,public,TRUE
6868,female,group C,,standard,TRUE,14.4,5.8,52,60,48,public,TRUE
6869,female,group B,master degree,standard,FALSE,0,10.2,71,55,83,public,TRUE
6870,female,group E,high school,standard,FALSE,16.8,6.6,72,64,53,public,TRUE
6871,female,group B,associate degree,standard,TRUE,9.3,6.8,86,69,44,public,TRUE
6872,female,group E,high school,free/reduced,FALSE,10.2,4.2,77,62,43,private,TRUE
6873,male,group D,associate degree,free/reduced,FALSE,8.6,4.6,76,41,97,public,TRUE
6874,female,group E,high school,standard,FALSE,7.1,6.4,57,87,,public,FALSE
6875,female,group C,master degree,standard,TRUE,5.1,6.7,90,64,78,public,FALSE
6876,male,group D,high school,standard,FALSE,17.2,5.8,96,55,84,public,FALSE
6877,male,group C,,standard,TRUE,11.1,8.6,47,85,74,public,TRUE
6878,female,group D,high school,free/reduced,FALSE,,6.1,65,88,73,private,
6879,male,group C,some college,standard,TRUE,13.5,7.7,70,74,,private,TRUE
6880,female,group B,bachelor degree,standard,FALSE,7.7,8.2,63,78,79,public,TRUE
6881,female,group B,master degree,free/reduced,TRUE,4.8,8.2,47,77,79,public,TRUE
6882,female,group A,,standard,TRUE,16.4,6.5,49,,71,public,TRUE
6883,male,group E,high school,standard,FALSE,6.4,7.3,88,70,84,public,FALSE
6884,male,group A,some college,standard,FALSE,3.6,9,71,79,75,public,TRUE
6885,female,group E,master degree,free/reduced,FALSE,10,5.4,73,81,57,public,TRUE
6886,male,group D,bachelor degree,free/reduced,TRUE,14.7,4.7,72,82,91,private,TRUE
6887,female,group A,bachelor degree,standard,FALSE,10.9,5.1,98,100,51,public,TRUE
6888,female,group E,high school,standard,TRUE,11.4,4.8,56,59,,international,TRUE
6889,male,group C,some college,free/reduced,FALSE,13.7,10.1,71,,100,public,TRUE
6890,female,group C,high school,free/reduced,TRUE,,9.2,77,91,42,international,TRUE
6891,female,group B,high school,standard,FALSE,13.8,7.8,66,87,73,private,TRUE
6892,female,group C,bachelor degree,free/reduced,FALSE,7.5,8.6,57,,91,private,TRUE
6893,male,group C,some college,standard,TRUE,14.1,7.3,48,63,76,private,TRUE
6894,male,group D,high school,standard,TRUE,8.8,7.9,89,,61,public,TRUE
6895,male,group E,bachelor degree,,TRUE,7.2,7.6,55,54,72,public,TRUE
6896,male,group E,high school,standard,TRUE,12.9,7.5,42,78,76,public,TRUE
6897,male,group A,some college,standard,FALSE,2.9,,67,90,90,public,TRUE
6898,male,group E,,free/reduced,FALSE,16.6,,49,82,47,international,TRUE
6899,female,group A,bachelor degree,standard,FALSE,13,8,91,76,53,public,TRUE
6900,female,group C,associate degree,standard,FALSE,10.7,8.6,93,84,64,private,TRUE
6901,female,group E,bachelor degree,free/reduced,TRUE,9.8,8.7,69,80,95,public,TRUE
6902,male,group E,bachelor degree,standard,FALSE,6.2,,66,62,74,private,TRUE
6903,male,group D,associate degree,standard,TRUE,9.2,7.5,63,74,93,public,TRUE
6904,male,group E,some college,standard,TRUE,6.8,5.4,84,71,,public,TRUE
6905,male,group C,some college,free/reduced,FALSE,8.6,8.9,74,77,60,public,TRUE
6906,female,group C,high school,standard,FALSE,12.2,5.5,68,76,97,public,TRUE
6907,female,group B,some college,standard,FALSE,3.4,8.9,69,99,73,public,FALSE
6908,female,group B,,standard,TRUE,7.9,4.6,85,65,74,public,TRUE
6909,female,group D,associate degree,free/reduced,TRUE,10.8,5.5,62,68,67,public,TRUE
6910,female,group A,bachelor degree,standard,FALSE,,5.8,43,76,74,public,TRUE
6911,male,group C,bachelor degree,standard,FALSE,12.6,6.8,71,83,90,public,TRUE
6912,male,group D,,standard,FALSE,7.6,7.4,40,53,74,international,FALSE
6913,male,group B,high school,free/reduced,FALSE,5,6.2,68,67,58,public,TRUE
6914,male,group E,associate degree,standard,FALSE,13.2,7.3,73,47,98,public,FALSE
6915,male,group D,bachelor degree,standard,TRUE,11.2,,54,68,55,public,TRUE
6916,male,group B,high school,standard,TRUE,12.6,6.5,73,68,75,public,TRUE
6917,male,group D,high school,standard,FALSE,10.3,6.3,100,67,88,public,TRUE
6918,female,group B,some college,standard,TRUE,,6.8,60,88,47,public,FALSE
6919,female,group C,,free/reduced,TRUE,15.6,8.8,73,,67,public,TRUE
6920,male,group B,high school,free/reduced,FALSE,6.1,7.7,50,81,90,public,TRUE
6921,female,group D,high school,standard,TRUE,5.7,8.9,49,74,,public,TRUE
6922,female,group C,high school,free/reduced,FALSE,13,,61,57,95,private,TRUE
6923,male,group B,high school,standard,FALSE,10.3,6,63,92,85,public,TRUE
6924,male,group B,high school,free/reduced,FALSE,8.5,9.5,61,35,77,private,TRUE
6925,female,group D,some college,free/reduced,TRUE,7.7,,100,95,60,public,FALSE
6926,male,group C,some college,standard,TRUE,7.4,9.3,81,68,50,public,TRUE
6927,female,group A,some college,standard,TRUE,14.6,5.4,59,,93,public,TRUE
6928,female,group B,bachelor degree,free/reduced,TRUE,2.6,,81,63,78,private,FALSE
6929,female,group C,some college,standard,FALSE,12.3,6.7,76,100,71,public,TRUE
6930,male,group C,bachelor degree,standard,TRUE,2,6,74,77,70,public,TRUE
6931,male,group E,associate degree,standard,TRUE,12.3,7.1,21,60,48,public,TRUE
6932,female,group C,some college,free/reduced,TRUE,14.1,,92,72,76,international,TRUE
6933,female,group E,some college,standard,FALSE,7.4,6.1,55,78,58,public,TRUE
6934,male,group D,some college,standard,FALSE,11.6,7.3,67,37,74,public,TRUE
6935,male,group A,master degree,standard,FALSE,7.4,7,58,74,77,public,TRUE
6936,male,group B,high school,standard,FALSE,9.4,8.1,70,69,69,public,TRUE
6937,female,group B,master degree,standard,FALSE,9.5,4.9,71,51,52,public,FALSE
6938,male,group D,,,FALSE,8.5,6.5,51,61,,public,FALSE
6939,female,group E,bachelor degree,free/reduced,TRUE,4.5,5.6,70,90,80,private,TRUE
6940,male,group B,high school,standard,TRUE,11.1,6.8,65,53,45,international,TRUE
6941,female,group B,master degree,standard,FALSE,11.5,6.6,70,82,49,private,TRUE
6942,male,group E,bachelor degree,standard,TRUE,12.4,6,79,66,,public,TRUE
6943,female,group E,high school,standard,TRUE,10.3,8,68,71,84,public,TRUE
6944,male,group B,some college,standard,FALSE,6.8,7.7,89,60,82,public,TRUE
6945,female,group C,master degree,standard,TRUE,17.1,7.6,58,65,,private,TRUE
6946,female,group D,associate degree,free/reduced,FALSE,14.7,8.6,89,80,70,public,TRUE
6947,female,group C,associate degree,standard,TRUE,2.5,7.6,47,90,60,private,TRUE
6948,male,group A,some college,standard,FALSE,6.9,3.7,67,92,63,public,TRUE
6949,male,group A,some college,free/reduced,TRUE,20.3,6.6,83,88,95,public,TRUE
6950,female,group D,some college,standard,FALSE,11.4,8,59,85,80,private,TRUE
6951,male,group C,,free/reduced,FALSE,9,10.4,48,85,75,public,TRUE
6952,male,group B,bachelor degree,standard,TRUE,3.5,8.8,84,91,84,public,TRUE
6953,male,group D,some college,standard,TRUE,7.1,8.1,73,,79,public,TRUE
6954,female,group C,high school,standard,FALSE,11.5,6.8,86,91,64,private,TRUE
6955,male,group B,high school,free/reduced,TRUE,9.4,6.4,65,71,73,public,TRUE
6956,male,group A,high school,standard,TRUE,7.4,9.1,88,65,90,private,TRUE
6957,female,group D,some college,standard,TRUE,13.8,9.1,60,,60,public,TRUE
6958,male,group E,some college,standard,TRUE,,7.1,50,78,78,public,TRUE
6959,male,group A,master degree,free/reduced,FALSE,12.3,7.8,76,74,64,private,TRUE
6960,male,group C,bachelor degree,standard,TRUE,7.7,5.6,74,73,66,public,TRUE
6961,male,group E,bachelor degree,standard,TRUE,13.2,8.1,57,,88,international,TRUE
6962,female,group D,some college,free/reduced,TRUE,5.6,7.1,93,66,,public,TRUE
6963,male,group D,some college,standard,TRUE,0,9.3,52,71,,international,TRUE
6964,male,group B,high school,standard,FALSE,7.3,8.5,77,70,72,public,TRUE
6965,female,group E,associate degree,standard,FALSE,1,6.3,74,39,71,international,TRUE
6966,female,group D,some college,standard,TRUE,,7.2,76,91,68,public,TRUE
6967,female,group E,some college,standard,FALSE,6.1,6.9,74,66,59,public,TRUE
6968,male,group E,master degree,free/reduced,TRUE,4.4,5.9,89,88,58,international,TRUE
6969,male,group A,bachelor degree,standard,FALSE,14.9,6.1,75,72,61,public,TRUE
6970,female,group E,high school,standard,FALSE,13.9,6.8,87,77,53,private,TRUE
6971,female,group E,high school,standard,FALSE,0,6.7,90,,62,public,FALSE
6972,male,group C,some college,standard,TRUE,7.2,8.3,87,88,50,private,TRUE
6973,female,group D,associate degree,standard,FALSE,5.2,7.4,69,70,100,public,TRUE
6974,male,group E,associate degree,standard,FALSE,5.9,4.8,82,45,48,public,TRUE
6975,female,group D,some college,,TRUE,12.4,8.3,80,65,76,public,
6976,male,group E,bachelor degree,standard,FALSE,8.7,7.5,37,65,68,public,FALSE
6977,female,group C,high school,standard,FALSE,10.1,7.3,43,92,64,public,TRUE
6978,male,group D,,standard,FALSE,1.8,,79,64,60,public,TRUE
6979,female,group E,some college,standard,FALSE,2.1,7.3,78,63,84,public,TRUE
6980,female,group C,bachelor degree,standard,TRUE,19.3,7.8,81,69,78,public,TRUE
6981,male,group D,high school,standard,TRUE,15.6,6,68,68,52,private,TRUE
6982,female,group D,high school,free/reduced,TRUE,6.6,8.5,55,67,56,public,TRUE
6983,male,group B,some college,standard,FALSE,14.4,6.5,81,88,100,public,FALSE
6984,male,group E,master degree,standard,FALSE,7.9,7.7,82,81,49,public,TRUE
6985,male,group A,bachelor degree,standard,FALSE,12,6.8,69,78,65,public,TRUE
6986,male,group E,master degree,free/reduced,FALSE,0,7.2,75,92,70,private,TRUE
6987,male,group B,high school,standard,TRUE,11.1,8.6,76,96,75,public,TRUE
6988,male,group E,some college,standard,FALSE,6.6,7.1,75,100,84,public,TRUE
6989,male,group B,master degree,standard,TRUE,7.9,8,78,71,88,public,FALSE
6990,female,group D,bachelor degree,standard,TRUE,5.8,6.2,54,95,89,international,TRUE
6991,male,group E,master degree,standard,TRUE,14.1,,75,86,,public,TRUE
6992,male,group B,associate degree,free/reduced,FALSE,14.4,7.8,60,83,67,public,TRUE
6993,female,group C,high school,free/reduced,FALSE,4.5,7.7,69,39,58,public,
6994,female,group C,associate degree,standard,FALSE,12.9,7.4,56,74,93,public,TRUE
6995,female,group A,,standard,TRUE,12.2,5.9,70,70,89,public,TRUE
6996,female,group C,some college,standard,TRUE,3.5,6.8,74,,50,private,FALSE
6997,female,group A,associate degree,free/reduced,TRUE,10.8,7.3,82,52,81,public,TRUE
6998,female,group C,high school,standard,FALSE,12.7,6.9,78,,59,public,TRUE
6999,male,group D,high school,standard,TRUE,15.1,8.1,62,63,79,public,TRUE
7000,male,group B,high school,free/reduced,TRUE,16.2,7.2,66,80,69,public,TRUE
